image,score,task
train-2152_nsd-18280_cup.png,1.1737021625040738,cup
train-4369_nsd-35933_laptop.png,1.1321040202122312,laptop
train-3305_nsd-25089_oven.png,1.0825780824317042,oven
train-1797_nsd-15131_fork.png,1.033877360315973,fork
train-5803_nsd-42854_cup.png,1.0017426905921176,cup
train-2465_nsd-20857_potted plant.png,1.000670982265339,potted plant
train-3708_nsd-30471_microwave.png,0.9923358250270505,microwave
train-6476_nsd-53773_tv.png,0.9836775825921259,tv
train-5519_nsd-45094_bottle.png,0.9754352937809846,bottle
train-6755_nsd-50329_potted plant.png,0.9749446559619837,potted plant
train-8373_nsd-62479_oven.png,0.948470293604179,oven
train-0419_nsd-03468_cup.png,0.9410319437890411,cup
train-5810_nsd-47960_cup.png,0.9347277210799668,cup
train-6726_nsd-55784_car.png,0.9298668528758732,car
train-5071_nsd-41736_potted plant.png,0.9268233675753396,potted plant
train-0886_nsd-07653_oven.png,0.9086638070389795,oven
train-5266_nsd-43045.png,0.8934829518878543,fork
train-0969_nsd-07435.png,0.8857623217474089,tv
train-3885_nsd-31845_potted plant.png,0.8800656947221307,potted plant
train-5449_nsd-44528_cup.png,0.8759409581033868,cup
train-5724_nsd-47063.png,0.868433058026384,cup
train-7281_nsd-53773_tv.png,0.859688865476601,tv
train-3648_nsd-29911_tv.png,0.8573212282669588,tv
train-3210_nsd-26328_cup.png,0.850000125400298,cup
train-0128_nsd-01081_laptop.png,0.8415607257654166,laptop
train-4028_nsd-30002.png,0.8392031708991851,chair
train-5924_nsd-48876_bottle.png,0.8374988342480768,bottle
train-0655_nsd-05113.png,0.835788898623765,fork
train-8995_nsd-66489_bottle.png,0.832547473269157,bottle
train-7932_nsd-58844_cup.png,0.817540547428632,cup
train-0310_nsd-02600_potted plant.png,0.816797346307789,potted plant
train-7369_nsd-54424_bottle.png,0.8114085681438276,bottle
train-7880_nsd-58855_oven.png,0.8065962721788597,oven
train-1742_nsd-14177.png,0.8051953655526408,tv
train-7479_nsd-55697.png,0.8049359797202921,chair
train-4920_nsd-40625_car.png,0.7969093588251994,car
train-8218_nsd-66208.png,0.7960068453469497,potted plant
test-0113_nsd-50831_sink.png,0.7945013141661065,sink
train-8931_nsd-66229_microwave.png,0.7895290833383987,microwave
train-4909_nsd-40181.png,0.7882814084985559,cup
test-0165_nsd-41215_tv.png,0.783829517904443,tv
train-6752_nsd-53773_tv.png,0.7746383509079544,tv
train-0325_nsd-02752_oven.png,0.7712028338312952,oven
train-0610_nsd-04771_potted plant.png,0.7652806826030285,potted plant
train-3728_nsd-28173_tv.png,0.7628355537021994,tv
train-0124_nsd-01025.png,0.7627817242619338,fork
train-5756_nsd-46330.png,0.7611191420673191,bottle
train-4414_nsd-36426_oven.png,0.7581930715876564,oven
train-0665_nsd-05103_microwave.png,0.75812860102889,microwave
train-0104_nsd-00909_laptop.png,0.7579269188786157,laptop
train-1768_nsd-14261_oven.png,0.7575457996676739,oven
train-7308_nsd-53987.png,0.7568939935856256,chair
train-8359_nsd-69448.png,0.7561139335205509,car
train-9423_nsd-69820_potted plant.png,0.7509089902308467,potted plant
train-4408_nsd-32690_microwave.png,0.7491588345670518,microwave
train-4819_nsd-35766.png,0.7483849633779684,fork
train-2079_nsd-15918_tv.png,0.7480288184255691,tv
train-7863_nsd-58448_oven.png,0.7452914971079345,oven
train-6814_nsd-54388.png,0.7402307166831376,cup
train-4911_nsd-36336_potted plant.png,0.7381089331074449,potted plant
train-3187_nsd-26127_cup.png,0.7352448074486242,cup
train-3874_nsd-29217.png,0.733937552320617,car
train-2195_nsd-17749_stop sign.png,0.7322241955866604,stop sign
train-8885_nsd-71418_oven.png,0.7226483985780594,oven
train-9833_nsd-72928_potted plant.png,0.7218549145486234,potted plant
train-5024_nsd-41429_bottle.png,0.7211543985093724,bottle
train-7093_nsd-52691_microwave.png,0.7206933232463892,microwave
train-8523_nsd-63557.png,0.7195656121098294,tv
train-4368_nsd-32794.png,0.7161872787230704,fork
train-4259_nsd-31758.png,0.7161279333657528,bottle
train-0114_nsd-00950_oven.png,0.7121864414327234,oven
train-8650_nsd-69626_bottle.png,0.7087393759804351,bottle
train-4431_nsd-36378_cup.png,0.7055183001966766,cup
train-8809_nsd-65362_potted plant.png,0.7033743765988196,potted plant
train-4399_nsd-33023_oven.png,0.7024540950502691,oven
test-0093_nsd-26129_potted plant.png,0.7006238019039143,potted plant
test-0078_nsd-14392.png,0.6986074032100531,tv
train-4215_nsd-34549_potted plant.png,0.6973059951386931,potted plant
train-5928_nsd-48943_microwave.png,0.6940598098936376,microwave
train-8189_nsd-60672_oven.png,0.6916583965918685,oven
train-5045_nsd-37271_potted plant.png,0.6914850329883911,potted plant
train-8379_nsd-62496_chair.png,0.6887814693738629,chair
train-3123_nsd-25624_potted plant.png,0.6872027428535026,potted plant
train-3098_nsd-22975.png,0.6871766067354816,fork
train-7281_nsd-60644.png,0.6870495442209672,bottle
train-4344_nsd-32307_chair.png,0.6865681670830532,chair
train-1789_nsd-13807_microwave.png,0.6865055527006036,microwave
train-7208_nsd-60125_tv.png,0.6833854396058895,tv
train-7469_nsd-55800_oven.png,0.6823689007441169,oven
train-0368_nsd-03084_oven.png,0.6816246688509925,oven
train-3507_nsd-25966.png,0.6814956339202065,chair
train-8188_nsd-61206_potted plant.png,0.6808164559477793,potted plant
train-8752_nsd-72769.png,0.6800023459871988,cup
train-4093_nsd-33481_oven.png,0.6780597115438958,oven
train-2893_nsd-22303_microwave.png,0.6777015931931176,microwave
train-0062_nsd-00495_cup.png,0.6769683143800099,cup
train-4593_nsd-34151.png,0.6759648903578062,chair
train-8002_nsd-59334.png,0.674217358166207,laptop
train-4656_nsd-34677_microwave.png,0.6737102926771241,microwave
train-1237_nsd-10465_oven.png,0.6732653995935435,oven
train-6024_nsd-49692.png,0.673225036640644,tv
train-5112_nsd-37829_potted plant.png,0.6731286891575707,potted plant
train-6302_nsd-46945_bottle.png,0.671366235797614,bottle
train-0636_nsd-05777.png,0.6713023949399349,potted plant
train-8448_nsd-62548_oven.png,0.6671868334267089,oven
train-0706_nsd-05824_clock.png,0.6670565540646943,clock
train-3948_nsd-32262_car.png,0.6664997358090606,car
train-0649_nsd-04500.png,0.6661236212944845,cup
test-0115_nsd-27039_laptop.png,0.6661139553776488,laptop
train-7901_nsd-58710_tv.png,0.6634051227478813,tv
train-2835_nsd-20987_bottle.png,0.6621594105055331,bottle
train-5471_nsd-40779_potted plant.png,0.6611385348084569,potted plant
train-2785_nsd-23150_potted plant.png,0.6595527578206185,potted plant
train-0889_nsd-07266_potted plant.png,0.6592272596206059,potted plant
train-7246_nsd-53491_potted plant.png,0.6591592686086315,potted plant
train-6770_nsd-50443_tv.png,0.6584322491560929,tv
train-4052_nsd-30191_potted plant.png,0.6581475992204011,potted plant
train-5879_nsd-48594_cup.png,0.657638990016429,cup
train-4478_nsd-33192_bottle.png,0.657111705002008,bottle
train-9107_nsd-67423_bottle.png,0.656091894722116,bottle
train-4959_nsd-36655.png,0.6559814513806269,fork
train-8062_nsd-59735.png,0.6552046475580626,potted plant
train-9393_nsd-69497_oven.png,0.6539586868013734,oven
train-0036_nsd-00255_potted plant.png,0.6524879807350734,potted plant
train-6955_nsd-51178_bottle.png,0.651073075158684,bottle
train-0629_nsd-04928_chair.png,0.649757667570653,chair
train-4168_nsd-34339_oven.png,0.6482220711003228,oven
train-1912_nsd-15420.png,0.6454792551777305,cup
test-0341_nsd-61423_sink.png,0.6449830675357064,sink
train-8108_nsd-59954_laptop.png,0.6423771609812556,laptop
train-5340_nsd-39699_tv.png,0.6418051036480892,tv
train-6289_nsd-52052_sink.png,0.6417552076497393,sink
train-1813_nsd-15241_keyboard.png,0.6411310710157688,keyboard
train-8839_nsd-65429_potted plant.png,0.6379566232994113,potted plant
train-9015_nsd-66733_potted plant.png,0.6373900730186662,potted plant
train-0202_nsd-01607_stop sign.png,0.6360358552792537,stop sign
train-7462_nsd-55166.png,0.6360298308374697,bottle
train-9447_nsd-70029_cup.png,0.6352364344227988,cup
train-1039_nsd-07329_oven.png,0.6340333613771135,oven
train-7767_nsd-62336_cup.png,0.6322500041298755,cup
train-7834_nsd-58504_cup.png,0.629894586646154,cup
train-0403_nsd-03339.png,0.6298003423463857,laptop
train-4523_nsd-33521_laptop.png,0.6291910121494434,laptop
train-7256_nsd-53964.png,0.6269823454484303,clock
train-8444_nsd-62479_oven.png,0.6228885830321559,oven
train-7407_nsd-55084_oven.png,0.6216073348889273,oven
train-7481_nsd-55889.png,0.6204142827873161,chair
train-8420_nsd-62479_oven.png,0.619822096107193,oven
train-7299_nsd-54343_potted plant.png,0.619444971546326,potted plant
train-3001_nsd-22264.png,0.6181021957129317,chair
test-0383_nsd-70444.png,0.6174155164284255,potted plant
train-6741_nsd-50071_keyboard.png,0.6168336622211416,keyboard
train-6491_nsd-48556_laptop.png,0.6167613109657915,laptop
train-2737_nsd-22625_microwave.png,0.6156443520354701,microwave
train-2724_nsd-20375_laptop.png,0.6149550251811612,laptop
train-4100_nsd-33521_laptop.png,0.6136077631578258,laptop
train-1032_nsd-09016.png,0.613576186678327,microwave
train-6394_nsd-47372_bottle.png,0.6129210575437554,bottle
test-0088_nsd-24522_cup.png,0.6125929687807649,cup
train-5797_nsd-47717_microwave.png,0.612423947263372,microwave
train-7067_nsd-52890.png,0.611615911567995,potted plant
train-2152_nsd-17948_laptop.png,0.611500544769726,laptop
train-6314_nsd-51149_potted plant.png,0.6096368430501405,potted plant
train-2376_nsd-17695.png,0.6095150919999072,toilet
train-4381_nsd-32625_oven.png,0.6093789078604,oven
train-3620_nsd-27462_potted plant.png,0.6091589977030867,potted plant
train-3877_nsd-29226.png,0.6084116536113375,cup
train-5737_nsd-42802_chair.png,0.6082991037286062,chair
train-1220_nsd-09328_potted plant.png,0.606059070496159,potted plant
train-7671_nsd-63493_keyboard.png,0.6060423462147954,keyboard
train-5336_nsd-43982.png,0.6058305583269711,car
train-0614_nsd-04777_potted plant.png,0.6042398841443847,potted plant
train-7822_nsd-58417_sink.png,0.603785529225534,sink
train-2506_nsd-20455_potted plant.png,0.6037745789912743,potted plant
train-7851_nsd-58384_chair.png,0.6036523711577171,chair
train-9702_nsd-71852_potted plant.png,0.6032592753928293,potted plant
train-0740_nsd-05576_microwave.png,0.6031581068992813,microwave
train-9157_nsd-67678_cup.png,0.6030658416322318,cup
train-8869_nsd-65704_oven.png,0.6022557422671425,oven
train-5531_nsd-45595_bottle.png,0.6021830899501751,bottle
train-0249_nsd-01978_microwave.png,0.6021759214714248,microwave
train-5423_nsd-43738.png,0.6021477765072732,sink
train-0810_nsd-06089.png,0.6020074359822047,car
train-4061_nsd-30262_oven.png,0.6009769779038331,oven
test-0158_nsd-71934_potted plant.png,0.6000089500117117,potted plant
train-0008_nsd-00035_laptop.png,0.5998976645854392,laptop
train-6532_nsd-54000_oven.png,0.5997627701403377,oven
train-9552_nsd-70853.png,0.5992385340993864,cup
train-1390_nsd-11306_oven.png,0.5975853078718866,oven
train-5089_nsd-41133_microwave.png,0.597391727563099,microwave
train-3036_nsd-24805_potted plant.png,0.5966718800833529,potted plant
test-0238_nsd-58369_cup.png,0.5961037057424606,cup
train-6828_nsd-50924.png,0.5953531786185399,fork
train-1616_nsd-13221_potted plant.png,0.5946090811703137,potted plant
train-7773_nsd-64820_cup.png,0.5941032625206476,cup
train-9822_nsd-72872.png,0.5935789346955734,potted plant
train-6785_nsd-50568.png,0.5925270813396,fork
test-0183_nsd-44933.png,0.5910199932629588,tv
train-8799_nsd-65235_potted plant.png,0.5908094306512057,potted plant
train-5541_nsd-41304.png,0.5901701234503364,clock
train-1972_nsd-16531_oven.png,0.5879742348062411,oven
train-2483_nsd-18456_oven.png,0.5876768601640533,oven
train-0360_nsd-02990.png,0.5868089105015172,oven
train-8136_nsd-60883_cup.png,0.586806620346935,cup
train-8483_nsd-62863_potted plant.png,0.5859275133862033,potted plant
train-1750_nsd-13538_bottle.png,0.5859115755807621,bottle
train-4017_nsd-29950.png,0.5857277155527357,car
train-4797_nsd-39275_potted plant.png,0.5850921823409787,potted plant
train-8836_nsd-65468_potted plant.png,0.5841202908066521,potted plant
train-3823_nsd-28303.png,0.5832303037206952,chair
train-2899_nsd-24075.png,0.5826544391442086,cup
train-0249_nsd-01978_oven.png,0.5813396686297927,oven
train-8693_nsd-64662_microwave.png,0.5810677109029144,microwave
train-6361_nsd-47507_potted plant.png,0.579190306337948,potted plant
train-8341_nsd-61835_cup.png,0.5775684576547928,cup
train-7511_nsd-55948_potted plant.png,0.5769549461298972,potted plant
train-3636_nsd-27540_sink.png,0.5761140544890032,sink
train-2015_nsd-16391_sink.png,0.575608640933597,sink
train-1458_nsd-11670.png,0.5755659037309596,car
train-4825_nsd-39882_potted plant.png,0.5753506116931735,potted plant
train-8937_nsd-66090_potted plant.png,0.5750181426624985,potted plant
train-1047_nsd-09066_potted plant.png,0.5744392608637711,potted plant
train-7034_nsd-58495_oven.png,0.5734139239359534,oven
train-5373_nsd-43980_chair.png,0.5719413263430362,chair
train-2886_nsd-23812_stop sign.png,0.5704125992297819,stop sign
train-3111_nsd-25528_potted plant.png,0.570176646166528,potted plant
train-7535_nsd-56060_microwave.png,0.5701050856341031,microwave
train-4489_nsd-36862_microwave.png,0.5700721745466919,microwave
train-9572_nsd-70990_potted plant.png,0.569294485967064,potted plant
train-4256_nsd-34866_chair.png,0.5692004808326293,chair
train-9206_nsd-68463_bottle.png,0.5689232848279903,bottle
train-7553_nsd-62479_oven.png,0.5674635103438144,oven
train-8180_nsd-65804_potted plant.png,0.5667349273891299,potted plant
train-9810_nsd-72717.png,0.5661203170617504,oven
train-2547_nsd-20508_car.png,0.5659445192274051,car
train-8522_nsd-63552_potted plant.png,0.565756443547221,potted plant
train-8679_nsd-64599_cup.png,0.5656451975100167,cup
train-2716_nsd-22669_bottle.png,0.5653961922908954,bottle
train-1154_nsd-09808_cup.png,0.5645363785894174,cup
train-7216_nsd-53609_oven.png,0.5643503803113578,oven
train-6059_nsd-45030.png,0.5642149374671608,car
train-6540_nsd-54171_chair.png,0.5640636161313785,chair
train-5716_nsd-45992_chair.png,0.5621828550703263,chair
train-7304_nsd-60478.png,0.5620124749768856,cup
test-0119_nsd-31079_potted plant.png,0.5619781484220956,potted plant
train-9138_nsd-67705.png,0.5614810237911844,car
train-5320_nsd-39312_mouse.png,0.5609659348049131,mouse
train-8395_nsd-62234_chair.png,0.560824938665244,chair
train-7005_nsd-52133_tv.png,0.560422714664049,tv
train-6627_nsd-54840_potted plant.png,0.5601248963277783,potted plant
train-4847_nsd-36125_tv.png,0.5600598034122974,tv
train-8442_nsd-62479_oven.png,0.5589401452521774,oven
train-2199_nsd-18652_microwave.png,0.5587725830780114,microwave
train-7579_nsd-56368_chair.png,0.5576941262594864,chair
train-4846_nsd-36168_clock.png,0.5576432704530125,clock
train-9240_nsd-68663_microwave.png,0.5575566327410704,microwave
train-8052_nsd-60150_chair.png,0.5569108064841006,chair
train-8795_nsd-65357_sink.png,0.5563963006483583,sink
train-1164_nsd-08930_potted plant.png,0.555311960949445,potted plant
train-9763_nsd-72448_sink.png,0.5553052654424239,sink
train-0653_nsd-05052.png,0.5552575228933565,oven
train-4826_nsd-35662.png,0.5551268890628257,fork
test-0251_nsd-60540.png,0.5547880106539016,potted plant
train-3225_nsd-26409_oven.png,0.5547290308860163,oven
train-0629_nsd-04359_oven.png,0.55462007013352,oven
train-7046_nsd-51881_oven.png,0.5543919090239293,oven
train-0360_nsd-03113.png,0.5542125275376255,potted plant
train-5519_nsd-45094_oven.png,0.5542037616115509,oven
train-7651_nsd-56586_mouse.png,0.5540918396539195,mouse
train-5497_nsd-44950_oven.png,0.5536817171876535,oven
train-0036_nsd-00255_clock.png,0.5535383735105499,clock
train-4985_nsd-37145_microwave.png,0.5530624077384906,microwave
train-8569_nsd-71213_oven.png,0.5525574334171452,oven
train-8846_nsd-70996_tv.png,0.5525219614784466,tv
train-3866_nsd-28658_potted plant.png,0.5525217056436279,potted plant
train-4843_nsd-39123_tv.png,0.5518172163751219,tv
train-4833_nsd-36046.png,0.5517729692701049,chair
train-2108_nsd-15145_car.png,0.5514611132524907,car
train-4144_nsd-30608.png,0.5510374132145541,bottle
train-0087_nsd-00702.png,0.550667359975779,laptop
train-1097_nsd-08905_microwave.png,0.5505507186657558,microwave
train-0805_nsd-06563_potted plant.png,0.5501876588467277,potted plant
test-0027_nsd-12495.png,0.5498088837796283,fork
train-3951_nsd-31953_sink.png,0.5497338145860984,sink
train-3854_nsd-28524_fork.png,0.5496461730173373,fork
train-6606_nsd-54693.png,0.5495773652387671,cup
train-4501_nsd-36954_potted plant.png,0.5495204778945517,potted plant
train-5799_nsd-47754_keyboard.png,0.5493305187455926,keyboard
train-4327_nsd-32215.png,0.5493275608305943,oven
train-8019_nsd-59420.png,0.5493113045059431,fork
train-4274_nsd-34757_keyboard.png,0.5493056834049864,keyboard
train-7086_nsd-58940.png,0.5490672898071455,fork
train-2666_nsd-19654_cup.png,0.5490437635595566,cup
train-0057_nsd-00441.png,0.548764070184785,fork
train-0194_nsd-01704_tv.png,0.5484581885518486,tv
train-3746_nsd-28280_cup.png,0.5484093328298605,cup
train-9681_nsd-71773_cup.png,0.5482970117730989,cup
train-0878_nsd-07178.png,0.5480363455711665,fork
train-6288_nsd-50948_laptop.png,0.5479992811462708,laptop
train-8160_nsd-67937.png,0.5479319231282332,oven
train-8332_nsd-69174_cup.png,0.5478477106658023,cup
train-1350_nsd-10170_cup.png,0.5477633133020166,cup
train-8525_nsd-63218_potted plant.png,0.5477531978595633,potted plant
train-0894_nsd-06906.png,0.5477167592076615,fork
train-0356_nsd-03003_oven.png,0.5477131092014971,oven
train-8047_nsd-59425.png,0.5476682974079953,fork
train-9802_nsd-72650_potted plant.png,0.5475360752859034,potted plant
train-8883_nsd-65769.png,0.5472053070241257,fork
train-4127_nsd-33521_laptop.png,0.5471278932888273,laptop
train-8430_nsd-70087.png,0.5470034635955027,fork
train-1337_nsd-09434.png,0.5468973549106481,fork
train-0745_nsd-06467.png,0.5468552772237154,fork
test-0025_nsd-10722.png,0.546762506698774,fork
train-9003_nsd-66517_chair.png,0.5464753739090994,chair
train-7290_nsd-54159.png,0.5462997425111141,fork
train-4343_nsd-35650.png,0.5457927134934187,fork
train-5142_nsd-38253_chair.png,0.5457107521499494,chair
train-4611_nsd-37352_clock.png,0.5457081926388792,clock
train-7848_nsd-65053_potted plant.png,0.5453005215862681,potted plant
train-0869_nsd-07881.png,0.5445126560010658,fork
train-0093_nsd-00769_cup.png,0.544374341677077,cup
train-9606_nsd-71257_chair.png,0.5441906187705502,chair
test-0115_nsd-51780_potted plant.png,0.5419888595998161,potted plant
train-6162_nsd-50956.png,0.5415911561847759,fork
train-0158_nsd-01286.png,0.5411027846635417,tv
train-0769_nsd-05763_potted plant.png,0.5409842829305709,potted plant
train-1174_nsd-09029.png,0.540861890128266,fork
train-5393_nsd-44389_stop sign.png,0.5407985388639938,stop sign
train-5589_nsd-45926.png,0.5406914505380197,car
train-6735_nsd-53633_tv.png,0.5405758270208139,tv
train-6158_nsd-46015_oven.png,0.5405453541891977,oven
train-6361_nsd-47507_microwave.png,0.540360365627327,microwave
train-2131_nsd-16448_cup.png,0.5403533955044403,cup
train-0313_nsd-02445_tv.png,0.5399496627197282,tv
train-3853_nsd-28524_fork.png,0.5398131535525802,fork
train-7774_nsd-64442_microwave.png,0.5395939806500931,microwave
train-2997_nsd-24459.png,0.5395064234964793,potted plant
train-3096_nsd-23652_oven.png,0.5385197999309402,oven
train-1051_nsd-08465.png,0.5381740386726711,fork
train-0393_nsd-03362_chair.png,0.5379883835001781,chair
train-5606_nsd-46250_tv.png,0.5376385102532774,tv
train-0761_nsd-06547_chair.png,0.537370953134131,chair
train-1479_nsd-11142_potted plant.png,0.5373447435187686,potted plant
train-0097_nsd-00824.png,0.537125513611124,fork
train-7101_nsd-53072_potted plant.png,0.5370356784447644,potted plant
train-9742_nsd-72164_potted plant.png,0.5369995070171281,potted plant
train-3689_nsd-30286.png,0.5369202579789596,chair
train-5778_nsd-43113_fork.png,0.5368152293772703,fork
train-8682_nsd-64422.png,0.536384484310934,potted plant
train-3686_nsd-30339_tv.png,0.535594923071201,tv
train-0805_nsd-06563_tv.png,0.5354748746191291,tv
train-8295_nsd-66804_tv.png,0.5353667539547938,tv
train-2936_nsd-21756_chair.png,0.5353608842500664,chair
train-6071_nsd-50226_toilet.png,0.535347322086931,toilet
train-6948_nsd-57333_car.png,0.5350484763426667,car
train-6683_nsd-55214_oven.png,0.5350180386763814,oven
train-9187_nsd-68150.png,0.5349820858409033,cup
train-4562_nsd-37581_potted plant.png,0.5339533408945029,potted plant
train-3753_nsd-27910.png,0.5337689163122792,car
train-5409_nsd-40234_sink.png,0.5335300056327489,sink
train-2100_nsd-15635_potted plant.png,0.5331531256820514,potted plant
train-1711_nsd-13872_potted plant.png,0.5330388474096299,potted plant
train-7854_nsd-58392.png,0.5330318581515422,potted plant
train-5540_nsd-44648.png,0.5328771120974012,car
train-4936_nsd-36807.png,0.5326062006914194,fork
train-4555_nsd-33807_potted plant.png,0.5326051270881977,potted plant
train-7399_nsd-55016.png,0.5324590649633999,car
train-1632_nsd-13300.png,0.5323079512422484,fork
train-8406_nsd-62698_cup.png,0.5316256945189571,cup
train-2132_nsd-17369_cup.png,0.530967358604456,cup
train-2514_nsd-18795_sink.png,0.5307799489966433,sink
train-6662_nsd-49737_oven.png,0.5306791215812516,oven
train-0341_nsd-02858_potted plant.png,0.5303963019854735,potted plant
train-1876_nsd-15932_chair.png,0.529829345612147,chair
train-5161_nsd-42579.png,0.5295958779991952,potted plant
train-5138_nsd-38063_potted plant.png,0.5295325689245077,potted plant
train-2821_nsd-23013_cup.png,0.5294980511102254,cup
train-5215_nsd-42928.png,0.5293884803467711,car
train-5428_nsd-40466_car.png,0.5288731519512178,car
train-4493_nsd-36872_chair.png,0.5287786373524329,chair
train-8280_nsd-61386_stop sign.png,0.5287579847454283,stop sign
train-6095_nsd-50343.png,0.5287397476455739,fork
train-7310_nsd-58437.png,0.5285853141043638,tv
train-7118_nsd-56763_oven.png,0.5285647004620695,oven
train-1271_nsd-08914_oven.png,0.5284975142338532,oven
train-2389_nsd-17839_laptop.png,0.528132840730582,laptop
train-7798_nsd-62629_clock.png,0.527420439458005,clock
train-5679_nsd-41954_potted plant.png,0.5272210703320004,potted plant
train-2588_nsd-21423.png,0.5270516162999029,potted plant
train-6117_nsd-50613.png,0.5270187085337532,potted plant
test-0055_nsd-10588_laptop.png,0.5269433473411164,laptop
train-3186_nsd-26127_cup.png,0.5268259541980258,cup
train-6812_nsd-50105_cup.png,0.5266665649458142,cup
train-8725_nsd-64765.png,0.5265186974406665,car
train-2180_nsd-16203.png,0.5261291960296905,oven
train-7469_nsd-55800_sink.png,0.5260595355752526,sink
train-0029_nsd-00276_cup.png,0.5257934316318219,cup
train-5684_nsd-46328_car.png,0.5255175488103777,car
train-8918_nsd-66058_potted plant.png,0.5248049081665584,potted plant
train-9133_nsd-67947_oven.png,0.5240747413104724,oven
train-5502_nsd-40935_cup.png,0.523465023510976,cup
train-8561_nsd-68939_cup.png,0.5231798795374666,cup
train-2038_nsd-14572.png,0.5228206135725,car
train-6703_nsd-49822_microwave.png,0.5220192673309229,microwave
train-3685_nsd-30128.png,0.521925843056824,car
train-4210_nsd-31353.png,0.5215689667196307,fork
train-4001_nsd-30121_microwave.png,0.5213121472111087,microwave
train-0548_nsd-04979.png,0.5211130185256028,chair
train-7756_nsd-64285_oven.png,0.5210929009384001,oven
train-5546_nsd-44715.png,0.5206835158394209,stop sign
train-2348_nsd-17118_keyboard.png,0.520425273884574,keyboard
train-0425_nsd-03546_oven.png,0.5203245142679128,oven
test-0028_nsd-07603_tv.png,0.5202461454350868,tv
train-4740_nsd-38820.png,0.5201086508530448,tv
train-9238_nsd-68282.png,0.5200713467501255,car
train-0106_nsd-00922_tv.png,0.5199509222236679,tv
train-3497_nsd-28736_fork.png,0.5198022603185858,fork
train-0821_nsd-07063_chair.png,0.5194206648478126,chair
train-9639_nsd-71487.png,0.5190996891900075,car
train-2762_nsd-20692_chair.png,0.5187626500895137,chair
train-2967_nsd-24421_potted plant.png,0.5187608296365072,potted plant
train-6060_nsd-49120_cup.png,0.5186470806863075,cup
train-8421_nsd-67710.png,0.518574585317843,fork
train-1206_nsd-09726_tv.png,0.518552866144659,tv
train-7646_nsd-61456_mouse.png,0.5181468022130507,mouse
train-3526_nsd-26127_cup.png,0.517861810379725,cup
train-6409_nsd-51823.png,0.5177879075638686,microwave
train-2910_nsd-23649.png,0.517558031361532,fork
train-1904_nsd-16012_potted plant.png,0.5175571875528978,potted plant
train-0120_nsd-00984.png,0.5173326316113456,cup
train-3853_nsd-28564_cup.png,0.5167617189862088,cup
train-4436_nsd-32941_sink.png,0.516666710284968,sink
train-8204_nsd-66115_chair.png,0.5166142983274412,chair
train-5825_nsd-43446_cup.png,0.5166110547473372,cup
train-7415_nsd-59530_chair.png,0.5164502705185551,chair
train-5702_nsd-42691_car.png,0.5164253911848531,car
train-4893_nsd-40064.png,0.5163316961767823,fork
train-6466_nsd-48114_bottle.png,0.5151919440889652,bottle
train-6110_nsd-45706_chair.png,0.5146558347816492,chair
train-8574_nsd-71235_laptop.png,0.5145243055837735,laptop
train-5252_nsd-38826_microwave.png,0.5144487497151546,microwave
train-9762_nsd-72386_chair.png,0.5141107571643546,chair
train-9838_nsd-72948_laptop.png,0.5138865553873543,laptop
train-8994_nsd-66677_microwave.png,0.5136395749585045,microwave
train-5277_nsd-42588_oven.png,0.5135382326152204,oven
train-4999_nsd-36940_oven.png,0.5132119858967722,oven
train-6147_nsd-50848_sink.png,0.511529939708864,sink
train-7730_nsd-62080_oven.png,0.5114300277785742,oven
train-3091_nsd-25366_oven.png,0.5110219928620928,oven
train-8329_nsd-69316_microwave.png,0.5110214148555494,microwave
train-0742_nsd-05868_oven.png,0.5108726994539908,oven
train-6549_nsd-52947.png,0.5106259122796926,potted plant
train-9682_nsd-71776_bottle.png,0.5105748086241801,bottle
train-0547_nsd-04410_chair.png,0.5104236847828478,chair
train-1896_nsd-13613_car.png,0.5096097303329655,car
train-5235_nsd-38861_chair.png,0.5091565235507755,chair
train-0567_nsd-04823.png,0.5088706522635933,car
train-0031_nsd-00284.png,0.5087701433033812,fork
train-6075_nsd-45182_chair.png,0.508565174544399,chair
train-5270_nsd-39402.png,0.5085315421904031,cup
train-8980_nsd-66489_bottle.png,0.5081783993047112,bottle
train-1839_nsd-15611.png,0.5081278890946443,car
train-7423_nsd-55448_bottle.png,0.5073916029079626,bottle
train-6497_nsd-47952.png,0.5067765383470274,fork
train-6582_nsd-52551.png,0.5065963925202472,fork
train-7671_nsd-56711_bottle.png,0.5061803466799519,bottle
train-0338_nsd-02851_chair.png,0.5056831201755666,chair
train-3290_nsd-24353.png,0.5056484071217652,cup
train-5319_nsd-43516.png,0.5055230487506959,fork
train-9809_nsd-72750.png,0.5053792088326664,fork
train-1535_nsd-12397_stop sign.png,0.5052116386848471,stop sign
train-2162_nsd-18369_oven.png,0.5043803872602395,oven
train-3685_nsd-29882_potted plant.png,0.5040095281136138,potted plant
train-9411_nsd-69698_tv.png,0.5039826686313704,tv
train-2390_nsd-17842_sink.png,0.503857164210334,sink
train-8168_nsd-67733_potted plant.png,0.5037889614158656,potted plant
train-8482_nsd-68260.png,0.5035671493258607,bottle
train-3387_nsd-25269_potted plant.png,0.5032811978681113,potted plant
train-2191_nsd-18600_potted plant.png,0.503168790138092,potted plant
train-0334_nsd-02838_cup.png,0.5027559560507078,cup
train-6938_nsd-51675_bottle.png,0.5026918378330878,bottle
train-6933_nsd-51832.png,0.5024533658021484,cup
train-1227_nsd-10371.png,0.5023377956921502,cup
train-5252_nsd-39011.png,0.5020451468064455,tv
train-9037_nsd-66985.png,0.5020151890170892,fork
train-5925_nsd-48928_bottle.png,0.5018240435695639,bottle
train-8936_nsd-66411.png,0.5016558777793023,cup
train-6407_nsd-51795_potted plant.png,0.501197220879382,potted plant
train-6554_nsd-52998_bottle.png,0.5010629646431608,bottle
train-5698_nsd-46858.png,0.5007331706029147,oven
train-5678_nsd-46272_bottle.png,0.50065766822189,bottle
train-1075_nsd-09131_oven.png,0.500587539494184,oven
train-3016_nsd-24936_potted plant.png,0.5005395223146238,potted plant
train-5785_nsd-42946_potted plant.png,0.5005236684954325,potted plant
train-1216_nsd-09743.png,0.5003738382853858,fork
train-1640_nsd-13229_potted plant.png,0.500284240932477,potted plant
train-6095_nsd-45307_potted plant.png,0.5002117296845937,potted plant
train-0549_nsd-04405_potted plant.png,0.5000735137154799,potted plant
train-5821_nsd-43434.png,0.4998641478935007,bottle
train-1790_nsd-14445.png,0.4997597907657311,fork
train-6447_nsd-53558_sink.png,0.4992299159103895,sink
train-6165_nsd-51033.png,0.49919999252163044,oven
train-4385_nsd-36166_potted plant.png,0.4988386837473373,potted plant
train-1329_nsd-10029_bottle.png,0.4987704565790333,bottle
train-3041_nsd-25031.png,0.4987502890431654,chair
train-8089_nsd-59968.png,0.4983716864628902,oven
train-0530_nsd-04518_potted plant.png,0.49818729774152365,potted plant
train-1135_nsd-07965_oven.png,0.4979049024671983,oven
train-7922_nsd-63684_microwave.png,0.4970882067295408,microwave
train-6241_nsd-46387.png,0.49693518360837,mouse
train-7365_nsd-61058.png,0.4968392787589064,cup
train-4923_nsd-36732_bottle.png,0.4967261667659098,bottle
train-3882_nsd-31493_potted plant.png,0.49653901872701917,potted plant
train-7600_nsd-63454_chair.png,0.4964851704829757,chair
train-2158_nsd-17432_chair.png,0.4964040564763927,chair
train-1318_nsd-09898.png,0.4959227566063411,chair
train-6383_nsd-47290_potted plant.png,0.4959195099434219,potted plant
train-0657_nsd-05663_oven.png,0.4956267874905909,oven
train-0352_nsd-02611_laptop.png,0.49474673968704086,laptop
train-8946_nsd-66489_bottle.png,0.49455341939073555,bottle
train-0580_nsd-04976.png,0.49452035778556563,oven
train-5325_nsd-43597.png,0.4943192131623781,chair
train-7912_nsd-65988_oven.png,0.4939039759636745,oven
train-5124_nsd-37969.png,0.4937470280854253,potted plant
train-4225_nsd-31148_bottle.png,0.4937438948959132,bottle
train-9663_nsd-71560_potted plant.png,0.49356086338189736,potted plant
train-3438_nsd-28286_potted plant.png,0.49332006550083746,potted plant
train-4137_nsd-30541_tv.png,0.493181248044479,tv
train-1741_nsd-14652_microwave.png,0.49310528538185794,microwave
train-8430_nsd-70069.png,0.4929384019303096,chair
train-5272_nsd-38991_sink.png,0.49262936834901333,sink
train-5206_nsd-38697.png,0.49239803657007053,chair
train-4477_nsd-33521_laptop.png,0.49219839279798056,laptop
train-3702_nsd-30040_tv.png,0.49173703545297953,tv
train-6044_nsd-49037.png,0.4912313198963314,bottle
train-1601_nsd-12043.png,0.4909560367891885,tv
train-7537_nsd-62353_laptop.png,0.4902088333914007,laptop
train-6213_nsd-46372.png,0.4900784460621568,cup
train-5147_nsd-38453_oven.png,0.4898410020063427,oven
train-9085_nsd-67110.png,0.48943878816843095,fork
train-4678_nsd-34970_bottle.png,0.48896458127066234,bottle
train-3598_nsd-26568_bottle.png,0.48798877930314705,bottle
train-8789_nsd-65128.png,0.4877267390625561,car
train-4904_nsd-40489_laptop.png,0.48770143672410143,laptop
train-9429_nsd-69872.png,0.4875720223538438,chair
train-6582_nsd-54445_keyboard.png,0.48755609815528367,keyboard
train-6149_nsd-49206.png,0.4874638174596206,potted plant
train-7135_nsd-59432_cup.png,0.4867554477023566,cup
train-5013_nsd-41460.png,0.4864312493784389,potted plant
train-0082_nsd-00689_chair.png,0.4863911899888301,chair
train-8442_nsd-67874.png,0.4858282551212437,car
train-9217_nsd-68108.png,0.4857935718406884,fork
train-5621_nsd-46372.png,0.4853159773330753,cup
train-7160_nsd-57131.png,0.48502267579297664,cup
train-9833_nsd-72952_potted plant.png,0.4844179012601453,potted plant
train-6787_nsd-54119_stop sign.png,0.4843805768770627,stop sign
train-9185_nsd-68134.png,0.48432131284684143,cup
train-4504_nsd-36521_tv.png,0.4841265746076605,tv
train-2707_nsd-22609_laptop.png,0.48379846663431036,laptop
train-4541_nsd-36766_cup.png,0.4832031833617868,cup
train-2763_nsd-20573_bottle.png,0.4830655821662513,bottle
train-3652_nsd-29898_oven.png,0.48300202259988645,oven
train-8775_nsd-65233.png,0.48299304707025087,fork
train-3374_nsd-27666.png,0.48282960571230055,chair
train-0462_nsd-03752.png,0.4827125399661755,car
train-5749_nsd-47290_potted plant.png,0.48217148086559536,potted plant
train-6409_nsd-47290_potted plant.png,0.4820511536437275,potted plant
train-0783_nsd-06160_potted plant.png,0.4820180471220438,potted plant
train-7602_nsd-62901.png,0.481948753504413,laptop
train-6151_nsd-45683_cup.png,0.48130367612639263,cup
train-4621_nsd-34100.png,0.481164725382553,cup
train-5802_nsd-42851_potted plant.png,0.4807019942416472,potted plant
train-6202_nsd-51263_tv.png,0.4795847562130326,tv
train-7719_nsd-62004.png,0.479577278588264,stop sign
train-7986_nsd-59016_oven.png,0.47954518352101355,oven
train-0993_nsd-08028_oven.png,0.4794781865861565,oven
train-2606_nsd-19440.png,0.47930152567670353,clock
train-3956_nsd-32459_potted plant.png,0.47886227445212054,potted plant
train-9113_nsd-67745_potted plant.png,0.4788368086157712,potted plant
train-5274_nsd-39288_potted plant.png,0.47858523138550774,potted plant
train-4050_nsd-33173.png,0.4785808277416725,potted plant
train-6647_nsd-55123_oven.png,0.4776465452731908,oven
train-2092_nsd-17020_oven.png,0.4771694183974589,oven
train-2260_nsd-17476_potted plant.png,0.4771144687461306,potted plant
train-4983_nsd-40752_chair.png,0.4770554173308094,chair
train-3844_nsd-28453_cup.png,0.4764727570986269,cup
train-2012_nsd-15160_oven.png,0.47646268631606836,oven
train-5364_nsd-44039_bottle.png,0.4764514394573325,bottle
train-5898_nsd-47912_oven.png,0.476284430482469,oven
train-4455_nsd-36646_oven.png,0.4761504075625584,oven
train-4774_nsd-35603_microwave.png,0.4758063222692059,microwave
train-4083_nsd-33521_laptop.png,0.47578442941787846,laptop
train-4156_nsd-30767_potted plant.png,0.47576258538100075,potted plant
train-5720_nsd-47237.png,0.47536115404094564,car
train-1513_nsd-11462_potted plant.png,0.4753270187861544,potted plant
train-4516_nsd-36591.png,0.4752293905140777,car
train-4985_nsd-37145_potted plant.png,0.4752013390132047,potted plant
train-8643_nsd-69589_bottle.png,0.47435208442917626,bottle
test-0064_nsd-28077_potted plant.png,0.47425256870564525,potted plant
train-7228_nsd-53705_bottle.png,0.4737406519441218,bottle
train-1648_nsd-12454.png,0.47339158309361973,chair
train-5759_nsd-46929_mouse.png,0.4733692324663784,mouse
train-3001_nsd-22313_oven.png,0.4733154771670806,oven
train-5880_nsd-48604_potted plant.png,0.47329747953131207,potted plant
train-1532_nsd-11580_oven.png,0.47304331537841793,oven
train-7661_nsd-56951_potted plant.png,0.47301605281786424,potted plant
train-2852_nsd-21251_potted plant.png,0.47239935075661504,potted plant
train-5126_nsd-42202.png,0.4723079873036229,tv
train-6441_nsd-47481_cup.png,0.47229020472664707,cup
train-0870_nsd-07885_keyboard.png,0.47226733836919665,keyboard
train-8163_nsd-67657_laptop.png,0.47209175093848266,laptop
train-9101_nsd-67475_microwave.png,0.4715726373055728,microwave
train-7813_nsd-62735.png,0.47141187407353546,bottle
train-8570_nsd-68996_chair.png,0.471111903157555,chair
train-1168_nsd-09490_chair.png,0.471048801355683,chair
train-7224_nsd-60230_laptop.png,0.47094466350198255,laptop
train-7593_nsd-61021.png,0.4707902647734478,cup
train-0313_nsd-02445_laptop.png,0.470715207208307,laptop
train-6743_nsd-53693.png,0.47066475868910757,bottle
train-4522_nsd-37136.png,0.47057375075493363,potted plant
train-9131_nsd-67638.png,0.46996908930256337,keyboard
train-4264_nsd-31568.png,0.4692463251179624,chair
train-8715_nsd-64601_laptop.png,0.46887436412806865,laptop
train-2001_nsd-14397_sink.png,0.46873787680020346,sink
train-2290_nsd-17079_keyboard.png,0.46854239970450967,keyboard
train-2065_nsd-17402.png,0.4685126110121583,oven
train-8078_nsd-59990_potted plant.png,0.4685022739380742,potted plant
train-7877_nsd-58379_oven.png,0.46832622031640175,oven
train-9682_nsd-71845.png,0.46783184184855675,fork
train-3612_nsd-26803.png,0.4672748050516678,fork
train-4555_nsd-37523.png,0.46705535254777114,chair
train-5141_nsd-38385_bottle.png,0.4669493014435546,bottle
train-7964_nsd-64064.png,0.46678057560396263,potted plant
train-4878_nsd-40230_keyboard.png,0.46668726911036523,keyboard
train-4828_nsd-39504_bottle.png,0.4663186004186729,bottle
train-3300_nsd-27015.png,0.46622305800674246,chair
train-3455_nsd-28286_potted plant.png,0.46596440989349514,potted plant
train-0986_nsd-08465.png,0.4657507804156272,fork
train-7073_nsd-52627.png,0.4656769180261811,potted plant
train-3976_nsd-32625_oven.png,0.46565315441815297,oven
train-7547_nsd-62445.png,0.4652205866383949,fork
test-0008_nsd-01026_car.png,0.46513026289879367,car
train-4491_nsd-33267_potted plant.png,0.465106359165479,potted plant
train-0743_nsd-06866.png,0.46489021603185976,fork
train-8226_nsd-61048.png,0.46471333468469467,fork
train-3532_nsd-26241_potted plant.png,0.4646275732512355,potted plant
train-7333_nsd-58757_chair.png,0.4641220126215028,chair
train-7782_nsd-62479_oven.png,0.4641149232515522,oven
train-2859_nsd-22119.png,0.4639703936436315,fork
train-5795_nsd-47819_microwave.png,0.46387883830966514,microwave
train-5311_nsd-42851_potted plant.png,0.4638565782568772,potted plant
train-5839_nsd-43512.png,0.46385517957345535,fork
train-2071_nsd-17467_microwave.png,0.46385424651288343,microwave
train-5369_nsd-43307_microwave.png,0.4638496179806944,microwave
train-1531_nsd-12387_chair.png,0.46374596806256985,chair
train-0952_nsd-07287.png,0.46346770442999696,car
train-7223_nsd-53773_tv.png,0.4634674327353739,tv
train-1056_nsd-07873_potted plant.png,0.46344458749292955,potted plant
train-6201_nsd-46285_cup.png,0.4632643720143472,cup
train-6654_nsd-53067_cup.png,0.462753890575863,cup
train-5616_nsd-45278.png,0.46266963985182596,fork
train-3466_nsd-28523_oven.png,0.4625898156267678,oven
train-2219_nsd-16449_cup.png,0.4618903674914715,cup
train-0291_nsd-02413.png,0.46143448446210406,cup
train-6161_nsd-46024_cup.png,0.46088745491857275,cup
train-1864_nsd-13332_potted plant.png,0.46074896484635214,potted plant
train-2586_nsd-19328.png,0.46073842247150837,fork
train-6546_nsd-48613_tv.png,0.46049403162324837,tv
train-4451_nsd-36498_tv.png,0.46037863861575007,tv
train-4285_nsd-31738.png,0.4603219553729272,tv
train-5110_nsd-41823.png,0.4599366927572925,tv
train-4908_nsd-36314_cup.png,0.45982546457101287,cup
train-3545_nsd-26127_cup.png,0.45978785964018415,cup
train-3445_nsd-26127_cup.png,0.45969777973682724,cup
train-0419_nsd-03468_oven.png,0.45962553189903477,oven
train-5282_nsd-39508.png,0.45950596239229874,oven
train-3195_nsd-26127_cup.png,0.4593040906930481,cup
train-4602_nsd-37970_car.png,0.4592563573998656,car
train-3523_nsd-28851.png,0.45921108265636074,cup
train-4775_nsd-39402.png,0.45904163762039735,cup
train-2416_nsd-18043_bottle.png,0.45892108913807544,bottle
train-6887_nsd-51294_clock.png,0.45878581564193577,clock
train-8613_nsd-71567.png,0.45863903550062135,car
train-3821_nsd-28286_potted plant.png,0.45850504067608383,potted plant
train-8655_nsd-64131_fork.png,0.4584143048885149,fork
train-2427_nsd-19465_tv.png,0.45834669787034205,tv
train-1785_nsd-13523_potted plant.png,0.45808286561472417,potted plant
train-3721_nsd-27662_potted plant.png,0.45799405110629476,potted plant
train-6167_nsd-45412_toilet.png,0.4578637429635006,toilet
train-8905_nsd-65891.png,0.4577765940545497,car
train-5145_nsd-38210_cup.png,0.45770826887710697,cup
train-6406_nsd-47483_laptop.png,0.4575967405692421,laptop
train-6928_nsd-51750.png,0.45690708169427097,car
train-0707_nsd-05615.png,0.4563126165637791,chair
train-4570_nsd-34193.png,0.4562332056735505,oven
train-1412_nsd-10592_laptop.png,0.4561252338724417,laptop
train-1024_nsd-07156_laptop.png,0.45518825987129075,laptop
test-0198_nsd-51955_potted plant.png,0.4547199479596815,potted plant
train-7110_nsd-58945_bottle.png,0.45449969846212124,bottle
train-4058_nsd-30582_clock.png,0.4544450109787767,clock
train-9470_nsd-70162_potted plant.png,0.454217796891899,potted plant
train-2639_nsd-19410_oven.png,0.4541253476886603,oven
train-6948_nsd-51155_potted plant.png,0.45385197915121583,potted plant
train-3937_nsd-32207_potted plant.png,0.45365781334677985,potted plant
train-7870_nsd-58480_potted plant.png,0.45350184233629004,potted plant
train-7501_nsd-62479_oven.png,0.45336746675153394,oven
train-7623_nsd-56682_stop sign.png,0.45300514160178146,stop sign
train-4158_nsd-30696.png,0.4528964488862372,chair
train-4722_nsd-38930_potted plant.png,0.45258853520976156,potted plant
train-7820_nsd-64787_potted plant.png,0.4523379930939236,potted plant
train-8742_nsd-72772_chair.png,0.45218641010581573,chair
train-5712_nsd-46947.png,0.45212967967150297,clock
train-5579_nsd-41301_keyboard.png,0.45210404021237904,keyboard
train-7324_nsd-54477_potted plant.png,0.45189348636369064,potted plant
train-1966_nsd-15970_bottle.png,0.45177672057869567,bottle
train-6299_nsd-46831_keyboard.png,0.45151396685981626,keyboard
train-8215_nsd-68422_potted plant.png,0.45151064694788656,potted plant
train-0090_nsd-00744_oven.png,0.4513924771232527,oven
train-5212_nsd-42084.png,0.451386458755746,car
train-3771_nsd-27962_potted plant.png,0.45137903900871523,potted plant
train-8923_nsd-71759_car.png,0.4513634727959623,car
train-2327_nsd-18715_potted plant.png,0.45104274807522005,potted plant
train-7609_nsd-63564_chair.png,0.4506057455289733,chair
train-6691_nsd-53313_oven.png,0.44974721848625515,oven
train-1499_nsd-12669_potted plant.png,0.449674291207064,potted plant
train-0607_nsd-04801.png,0.44962720287352037,bottle
train-8405_nsd-62243.png,0.44958002029548416,fork
train-5266_nsd-39084_potted plant.png,0.4494548414370063,potted plant
train-2071_nsd-17467_bottle.png,0.44912236348712997,bottle
train-7917_nsd-63675_chair.png,0.44911529880024886,chair
train-5939_nsd-43732.png,0.44834759114321027,fork
train-1747_nsd-14209.png,0.44802738829380895,chair
train-7506_nsd-55917_sink.png,0.44797376574072123,sink
train-2528_nsd-21296_oven.png,0.44760892746853126,oven
train-6304_nsd-51079_potted plant.png,0.44751802579715777,potted plant
train-8149_nsd-65631.png,0.44742704262510546,chair
train-9206_nsd-68463_microwave.png,0.4469083931738648,microwave
train-7279_nsd-54096_potted plant.png,0.4468267132327239,potted plant
train-5402_nsd-40129.png,0.44666946525939444,cup
train-9807_nsd-72733.png,0.44661219911097466,potted plant
train-6755_nsd-55761_oven.png,0.4463779758059128,oven
train-6491_nsd-48556_chair.png,0.4461375077338438,chair
train-0679_nsd-06217_chair.png,0.4460224522843842,chair
train-3496_nsd-28550.png,0.4458933673917668,car
train-5056_nsd-37675_chair.png,0.44588880419803817,chair
train-5881_nsd-47290_potted plant.png,0.44560938613859796,potted plant
train-4348_nsd-32217_car.png,0.4450491375557556,car
train-0145_nsd-01401_potted plant.png,0.4447882781323418,potted plant
train-8001_nsd-64398_microwave.png,0.4447548298984716,microwave
train-9443_nsd-69848_bottle.png,0.4446630617188247,bottle
train-8843_nsd-65664.png,0.4443509247923354,car
train-0409_nsd-03402_oven.png,0.44357393319819,oven
train-8686_nsd-64467_potted plant.png,0.4435644636767307,potted plant
train-7493_nsd-60060.png,0.4433402558529254,fork
train-9043_nsd-72686.png,0.44321344745255553,car
train-6147_nsd-50824_potted plant.png,0.44314984272983954,potted plant
train-0500_nsd-04097_potted plant.png,0.44292176250877635,potted plant
train-0970_nsd-07407.png,0.4426173890326142,chair
train-5925_nsd-48115_keyboard.png,0.44223701380147346,keyboard
train-7512_nsd-60292_chair.png,0.4415019807760159,chair
train-0713_nsd-05656_potted plant.png,0.4414629337423733,potted plant
train-0588_nsd-04802.png,0.4413542944060612,potted plant
train-8877_nsd-71324_potted plant.png,0.4412613930207445,potted plant
train-8024_nsd-64619.png,0.4411856817782669,car
train-3390_nsd-27822_laptop.png,0.44083877829018103,laptop
train-0735_nsd-05928_potted plant.png,0.440725752647794,potted plant
train-0900_nsd-06966_cup.png,0.44049937664345407,cup
train-5389_nsd-43499.png,0.44046371443693993,car
train-0240_nsd-02297.png,0.44045204571984686,car
train-1856_nsd-14964_chair.png,0.4401136936464157,chair
train-9553_nsd-70727_tv.png,0.43983895676804396,tv
train-4772_nsd-35226.png,0.4396968970655727,car
train-6210_nsd-49776_chair.png,0.4396649256012431,chair
train-4400_nsd-32625_oven.png,0.4396226259220006,oven
train-0040_nsd-00391.png,0.43959807005043194,oven
train-5343_nsd-39483.png,0.43947680048048016,fork
train-8496_nsd-62949_bottle.png,0.4394141905570567,bottle
train-2587_nsd-18995_oven.png,0.43930315213050497,oven
train-8580_nsd-63604.png,0.43922550739159427,fork
train-1926_nsd-14540_keyboard.png,0.4386856448668467,keyboard
train-7777_nsd-62479_oven.png,0.4385703594391741,oven
train-7666_nsd-56917_potted plant.png,0.4385302582985302,potted plant
train-5255_nsd-43261_cup.png,0.43849214780169143,cup
train-8089_nsd-65156_keyboard.png,0.4382237828997821,keyboard
train-2095_nsd-16095_oven.png,0.4381736419857361,oven
train-9253_nsd-68717.png,0.43812555796045194,oven
train-4395_nsd-32731.png,0.43811018937056817,fork
train-6141_nsd-50774.png,0.437950988521773,car
train-2226_nsd-17116_potted plant.png,0.4379496519324086,potted plant
train-6388_nsd-51062_laptop.png,0.4377094053870995,laptop
train-6919_nsd-57382_potted plant.png,0.43752586445466346,potted plant
train-5185_nsd-42742_fork.png,0.4369868409271123,fork
train-1883_nsd-14263_car.png,0.436790133684483,car
train-0192_nsd-01616_cup.png,0.43671896921278014,cup
train-0503_nsd-04331_potted plant.png,0.4366904884036175,potted plant
train-2457_nsd-18324_keyboard.png,0.4366696009784809,keyboard
train-2361_nsd-20005.png,0.4365514804484688,fork
train-3563_nsd-26251_oven.png,0.4363918560227834,oven
train-6886_nsd-56867.png,0.4361905743692862,fork
train-3141_nsd-23208_keyboard.png,0.43589644063362604,keyboard
train-9826_nsd-72885_chair.png,0.4357438529913465,chair
train-1972_nsd-16042_potted plant.png,0.4354678565531198,potted plant
train-8307_nsd-61998_chair.png,0.4353177901420006,chair
train-2438_nsd-20294_potted plant.png,0.4351839933674486,potted plant
train-8137_nsd-60225_potted plant.png,0.43470464106771545,potted plant
test-0009_nsd-05886.png,0.43428866033980695,fork
train-0509_nsd-04156.png,0.43409753994595074,cup
train-6296_nsd-52089_chair.png,0.4340306297360897,chair
train-0555_nsd-04668_chair.png,0.4335927150554706,chair
train-9604_nsd-71167_potted plant.png,0.43346923004068366,potted plant
train-5904_nsd-44034.png,0.4333466742413008,cup
train-1348_nsd-10144.png,0.43292247707855863,cup
train-0899_nsd-07364_potted plant.png,0.4328756707842607,potted plant
train-8091_nsd-67025.png,0.4328157292353915,fork
train-2708_nsd-20205_cup.png,0.4327644363333142,cup
train-0133_nsd-01110_chair.png,0.4326291497536145,chair
train-3123_nsd-25624_chair.png,0.4325812068052209,chair
train-0524_nsd-04197_tv.png,0.43230584544435796,tv
train-3166_nsd-23424.png,0.4322060032701345,chair
train-5429_nsd-40468.png,0.43203386146596345,cup
train-0885_nsd-06239_chair.png,0.43201504934790225,chair
train-2626_nsd-21737_chair.png,0.43167388974401916,chair
train-0437_nsd-03652_oven.png,0.43138991682206695,oven
train-7412_nsd-55106_oven.png,0.4313711554969781,oven
train-4419_nsd-35866_potted plant.png,0.4311692798919204,potted plant
train-0532_nsd-04531_bottle.png,0.4311595131067374,bottle
train-4122_nsd-33933_cup.png,0.431105083977449,cup
train-6821_nsd-50875_potted plant.png,0.43109875855156715,potted plant
train-8672_nsd-64358_car.png,0.4310729400022359,car
train-2339_nsd-17064.png,0.4302319724462185,chair
train-6768_nsd-50330_oven.png,0.43021721868455015,oven
train-4364_nsd-32307_chair.png,0.4294815451053231,chair
train-5689_nsd-46372.png,0.4292368122654537,cup
train-0074_nsd-00619_cup.png,0.4291430471360721,cup
train-3269_nsd-26720_cup.png,0.4291145355779858,cup
train-7245_nsd-54179_oven.png,0.42909634396634017,oven
train-8987_nsd-72250.png,0.4289901784934931,car
train-8269_nsd-61749.png,0.4288877792559949,keyboard
train-1214_nsd-10248_clock.png,0.42841605091306784,clock
test-0028_nsd-07603_potted plant.png,0.42788151267946173,potted plant
train-1862_nsd-15094_microwave.png,0.4277178519647847,microwave
test-0268_nsd-66271_microwave.png,0.4274652615384624,microwave
train-4850_nsd-36210_potted plant.png,0.42734271776127025,potted plant
train-3838_nsd-31431.png,0.4270339100708658,tv
test-0015_nsd-07215_cup.png,0.4267164075754726,cup
train-1328_nsd-10767_potted plant.png,0.4266542527331877,potted plant
test-0077_nsd-42317_tv.png,0.42631269727680227,tv
train-2575_nsd-19166.png,0.42567289988880735,oven
train-5222_nsd-42969_tv.png,0.42567215544416215,tv
train-3226_nsd-26352.png,0.42562721237572826,fork
train-0871_nsd-06143_tv.png,0.4253061908712983,tv
train-1720_nsd-14567.png,0.4250594280343848,fork
train-0575_nsd-04716_tv.png,0.4248190099844717,tv
train-7196_nsd-53557_laptop.png,0.42466395493030257,laptop
train-3963_nsd-32386_tv.png,0.4245081840804846,tv
train-6375_nsd-47031_car.png,0.4244646385682706,car
train-6596_nsd-49072_oven.png,0.4244049450075116,oven
train-7184_nsd-53773_tv.png,0.4242797740652333,tv
train-8782_nsd-70726_bottle.png,0.42421867242529215,bottle
train-8172_nsd-61128.png,0.4240018217058723,oven
test-0275_nsd-50351_potted plant.png,0.4238068899101748,potted plant
train-2794_nsd-21615.png,0.4234951754199156,oven
train-4922_nsd-36423_tv.png,0.4234064841500507,tv
train-0580_nsd-04903_oven.png,0.42311171046785806,oven
train-3807_nsd-31223_potted plant.png,0.42292227557221473,potted plant
train-5946_nsd-48277.png,0.4228482159058619,car
train-3889_nsd-31753_sink.png,0.42269046883771544,sink
train-7445_nsd-59650.png,0.42268488680586663,car
train-0214_nsd-01890_potted plant.png,0.4225945591953345,potted plant
train-1285_nsd-09039_bottle.png,0.4222900456102339,bottle
train-8058_nsd-59850_sink.png,0.4222621878449837,sink
train-1634_nsd-13312_chair.png,0.4222074263180183,chair
train-5837_nsd-43503_potted plant.png,0.4221437366335034,potted plant
train-3276_nsd-26720_tv.png,0.42211894021809454,tv
train-7688_nsd-64123.png,0.4221078320796563,chair
train-0165_nsd-01355_potted plant.png,0.42175672411936743,potted plant
train-1473_nsd-11092.png,0.42147001962406516,car
train-7697_nsd-64175_sink.png,0.4213560957434017,sink
train-5628_nsd-41804_potted plant.png,0.4212124769295657,potted plant
train-4509_nsd-33521_laptop.png,0.42091976888904614,laptop
train-7633_nsd-56806_sink.png,0.42045892296524257,sink
train-8853_nsd-65629_tv.png,0.4204278690128181,tv
train-8493_nsd-62904.png,0.42041446594435017,car
train-5306_nsd-39620.png,0.4203167857217504,chair
train-2782_nsd-20792_potted plant.png,0.4202996502737432,potted plant
train-9367_nsd-69243.png,0.41950526865944987,tv
train-0680_nsd-05436_laptop.png,0.4194661563990967,laptop
train-5873_nsd-43837_potted plant.png,0.41915420343896603,potted plant
train-5914_nsd-47584_potted plant.png,0.41868177604506457,potted plant
train-7780_nsd-64479_chair.png,0.4183885256137119,chair
train-1526_nsd-12897_potted plant.png,0.4181744044268797,potted plant
train-7143_nsd-53462_potted plant.png,0.41815492948390937,potted plant
train-5075_nsd-37588_sink.png,0.417955799662362,sink
train-7788_nsd-57576_chair.png,0.4178312602878167,chair
train-7802_nsd-57851_microwave.png,0.4178127872857369,microwave
train-8643_nsd-69589_microwave.png,0.4176212615057176,microwave
train-7163_nsd-57670_chair.png,0.4174601063770869,chair
train-5236_nsd-42295_potted plant.png,0.417396979724998,potted plant
train-8768_nsd-64959.png,0.4172601137537359,fork
test-0002_nsd-00361.png,0.4172505027501525,car
train-7356_nsd-54979_oven.png,0.4170867884154507,oven
train-9598_nsd-71228_chair.png,0.41698480482433786,chair
train-1671_nsd-12840_potted plant.png,0.4169155557863035,potted plant
train-0720_nsd-04974.png,0.4165045433201487,oven
train-8020_nsd-59221_stop sign.png,0.416478891674216,stop sign
train-4747_nsd-38372_chair.png,0.41641777245878353,chair
train-6886_nsd-57099.png,0.4164150197110658,car
train-3526_nsd-26010_potted plant.png,0.4161896194212392,potted plant
train-4045_nsd-33130_potted plant.png,0.41608033240483394,potted plant
train-0195_nsd-01706_tv.png,0.4158091258986839,tv
train-4465_nsd-33141.png,0.41539122873889617,chair
train-6217_nsd-46171_bottle.png,0.4153674900381673,bottle
train-0761_nsd-06252_oven.png,0.41497067892317147,oven
train-0173_nsd-01446_laptop.png,0.41462959953606837,laptop
train-4075_nsd-33427_oven.png,0.4143193809325209,oven
train-0806_nsd-06255_potted plant.png,0.4141045351462012,potted plant
test-0091_nsd-46248.png,0.41400310038898464,potted plant
test-0152_nsd-29669_oven.png,0.41370859162965445,oven
train-7055_nsd-58644.png,0.41370238903347634,fork
train-4394_nsd-33003_oven.png,0.4132294493010473,oven
train-8075_nsd-60327_oven.png,0.4132203841166966,oven
train-6763_nsd-55833.png,0.4130989985865509,oven
train-4101_nsd-30601.png,0.41306088543186525,car
train-4180_nsd-31135_tv.png,0.4130507813261383,tv
train-6314_nsd-46507_car.png,0.4129118126753,car
train-4674_nsd-38518_chair.png,0.412482955824682,chair
train-2158_nsd-17963_oven.png,0.412382368920305,oven
train-9276_nsd-68607_cup.png,0.4120446863745171,cup
train-3817_nsd-28286_potted plant.png,0.4118684726033812,potted plant
train-3500_nsd-25968.png,0.4117909749779758,bottle
test-0096_nsd-17632_tv.png,0.41170444919677884,tv
train-7133_nsd-57472.png,0.4114463137030963,cup
train-9107_nsd-67712_chair.png,0.41141734258511947,chair
train-6485_nsd-47820.png,0.41129705848500153,potted plant
train-9314_nsd-69114_fork.png,0.41119502441346867,fork
train-0632_nsd-04939.png,0.4110252140860917,potted plant
train-6915_nsd-51656.png,0.41054832622899057,potted plant
train-4081_nsd-33419_cup.png,0.41047394108259416,cup
train-8149_nsd-67544_laptop.png,0.41028854644865886,laptop
train-4054_nsd-29996.png,0.41024216684712733,car
train-0807_nsd-06073_chair.png,0.41012522549858205,chair
train-0536_nsd-04343_microwave.png,0.4096586991521917,microwave
train-0999_nsd-08535_chair.png,0.40846995950508574,chair
train-3580_nsd-26590_potted plant.png,0.40843877213877133,potted plant
train-5061_nsd-40935_cup.png,0.4083096263520324,cup
train-2581_nsd-21364_microwave.png,0.40822598762760665,microwave
train-8869_nsd-71375_laptop.png,0.40808022955887063,laptop
train-1095_nsd-09286.png,0.40795280020133484,oven
train-2780_nsd-21537.png,0.4079084363867347,chair
train-4279_nsd-35139.png,0.40773883804133626,cup
train-1341_nsd-10053.png,0.40768848423927384,chair
train-4002_nsd-29613_potted plant.png,0.40750808491086127,potted plant
train-4677_nsd-38573_potted plant.png,0.4074646035173636,potted plant
train-1856_nsd-14964_oven.png,0.407353184469324,oven
train-6735_nsd-53633_laptop.png,0.40716382224709424,laptop
train-6634_nsd-54877.png,0.40705805776548076,chair
train-2584_nsd-21778.png,0.407026397488003,car
train-8339_nsd-69235_potted plant.png,0.40660045375648507,potted plant
train-3052_nsd-23375_tv.png,0.40642595762884537,tv
train-8151_nsd-60971.png,0.4064149211321868,potted plant
train-3113_nsd-22987_laptop.png,0.40619720090165473,laptop
train-6411_nsd-53222.png,0.40619720078732574,chair
train-5646_nsd-46070.png,0.40597032716361,fork
train-2780_nsd-20661_oven.png,0.4058175217143738,oven
train-4761_nsd-35514_microwave.png,0.40561342366487346,microwave
train-8195_nsd-60820_cup.png,0.40560456512030885,cup
train-2465_nsd-20857_chair.png,0.4055741289407509,chair
train-2384_nsd-19395_clock.png,0.40538771023413306,clock
train-7820_nsd-62773_cup.png,0.4053838456418862,cup
train-5704_nsd-42604.png,0.4053687710653851,car
train-8726_nsd-64777_potted plant.png,0.40526288953478706,potted plant
train-2579_nsd-21344.png,0.4051770757073721,potted plant
train-2503_nsd-20447_cup.png,0.4051576517142814,cup
train-1147_nsd-08465.png,0.4046019114256818,fork
train-6759_nsd-55792_oven.png,0.4036110995721193,oven
train-5746_nsd-46826_tv.png,0.403456706097493,tv
train-0485_nsd-04156.png,0.4033099867518478,cup
train-6431_nsd-53419_bottle.png,0.40285097059617325,bottle
train-3853_nsd-31576_chair.png,0.40214203172176743,chair
train-6217_nsd-46171_cup.png,0.40209006844533746,cup
train-3312_nsd-27156.png,0.402024657016824,fork
test-0264_nsd-48460_tv.png,0.4019264261760894,tv
train-2668_nsd-22137.png,0.4017754012131883,tv
train-6886_nsd-51291_potted plant.png,0.40172161215936497,potted plant
train-7786_nsd-64499.png,0.4014175564219844,car
train-2775_nsd-21497_cup.png,0.4012445182241505,cup
train-8144_nsd-60916_bottle.png,0.40119659232106053,bottle
train-0544_nsd-04612_oven.png,0.40107641105333,oven
train-0002_nsd-00016.png,0.4008811081555569,microwave
train-7551_nsd-56352.png,0.40083575617610484,cup
train-9236_nsd-68383_tv.png,0.4007720107304229,tv
train-2675_nsd-20042_keyboard.png,0.4007119773569502,keyboard
train-2257_nsd-19176.png,0.4005447227504806,potted plant
train-9518_nsd-70495.png,0.4004460463627181,fork
train-3128_nsd-25649.png,0.4003624282657869,fork
train-2821_nsd-23013_keyboard.png,0.40023803314127554,keyboard
train-0052_nsd-00387_bottle.png,0.3999548484900293,bottle
train-7428_nsd-55518.png,0.39969465113452374,fork
train-3825_nsd-31048.png,0.3996178721746086,car
train-8395_nsd-67510_tv.png,0.3994941875934106,tv
train-7302_nsd-54250_oven.png,0.399387461418964,oven
train-7294_nsd-53890_cup.png,0.39935560321344094,cup
train-0617_nsd-04859_tv.png,0.3988132139896553,tv
train-7225_nsd-59856_bottle.png,0.3987833879107686,bottle
train-4014_nsd-29671_laptop.png,0.3986958978010136,laptop
train-4687_nsd-38665_chair.png,0.39861609234114526,chair
train-4444_nsd-36660_potted plant.png,0.3984448620969993,potted plant
train-4589_nsd-37161.png,0.3983409419387596,car
train-6684_nsd-55215_potted plant.png,0.39806767998552006,potted plant
train-1536_nsd-12976_potted plant.png,0.3979546748105105,potted plant
train-4337_nsd-35596.png,0.39774914700956204,chair
train-3590_nsd-27246.png,0.3976483855276963,cup
train-5042_nsd-37423.png,0.3974523146332766,fork
train-0416_nsd-03031_bottle.png,0.3973222744719449,bottle
train-4613_nsd-34204_chair.png,0.3970677002956095,chair
train-3801_nsd-31075_microwave.png,0.3969754925355358,microwave
train-8719_nsd-72550.png,0.39677167863024587,car
train-3166_nsd-25935_chair.png,0.3963038908739996,chair
train-4815_nsd-39402.png,0.39629953011332536,cup
train-7053_nsd-56794_microwave.png,0.39625848929975843,microwave
train-6042_nsd-44606_stop sign.png,0.3962265152183824,stop sign
train-3488_nsd-28286_potted plant.png,0.3961532680776271,potted plant
train-1732_nsd-12993.png,0.3961196063834679,potted plant
train-3515_nsd-26127_cup.png,0.39610183841218943,cup
train-5385_nsd-44354_cup.png,0.3958943237719402,cup
train-7756_nsd-57350_cup.png,0.3958922453092978,cup
train-6993_nsd-52342_microwave.png,0.39587180654840054,microwave
train-8061_nsd-59544_sink.png,0.39586239702389453,sink
train-9552_nsd-70757.png,0.39568401005905046,chair
train-2939_nsd-21840_cup.png,0.3956101754686439,cup
train-6790_nsd-49950.png,0.3955235220265186,car
train-4463_nsd-36228_laptop.png,0.39543299230466095,laptop
train-0823_nsd-06444.png,0.39532500494068284,car
train-8493_nsd-62933.png,0.39517946243117685,fork
train-8683_nsd-72176.png,0.3951663729067951,car
train-4478_nsd-33192_cup.png,0.3951591425850563,cup
train-9821_nsd-72871.png,0.39514151524886065,car
train-6778_nsd-50473.png,0.39499403238213143,car
train-9338_nsd-69032_oven.png,0.39482950950738716,oven
train-6147_nsd-50848_laptop.png,0.3947890270776468,laptop
train-1668_nsd-14160.png,0.39447859639201377,chair
train-3969_nsd-32625_oven.png,0.3942948873664149,oven
train-8986_nsd-66620_oven.png,0.3941086278579117,oven
train-7121_nsd-59291.png,0.39409998115303835,oven
train-4117_nsd-31044_cup.png,0.39367445267339757,cup
train-6466_nsd-51704_cup.png,0.3936209205848589,cup
train-2739_nsd-22826_tv.png,0.39347317814536803,tv
train-4510_nsd-36568_oven.png,0.39346734632368974,oven
train-8675_nsd-69807.png,0.393304498546107,cup
train-5014_nsd-37484_potted plant.png,0.3932083604184293,potted plant
train-1517_nsd-12810_oven.png,0.393128988567931,oven
train-1337_nsd-10034_cup.png,0.3924866329376728,cup
train-0167_nsd-01496_potted plant.png,0.39241428811458956,potted plant
train-4525_nsd-33521_laptop.png,0.3924132311075726,laptop
train-7018_nsd-56004.png,0.39230012805259945,car
train-6086_nsd-44898_potted plant.png,0.392076541919797,potted plant
train-7156_nsd-53314.png,0.39197721909925776,cup
train-8044_nsd-60087_potted plant.png,0.3918550232465551,potted plant
train-3116_nsd-23000_cup.png,0.39181507735873883,cup
train-3617_nsd-26720_cup.png,0.39177889040619374,cup
train-3013_nsd-23100_cup.png,0.39176161448652463,cup
train-9042_nsd-66751_tv.png,0.39172923250482394,tv
train-1805_nsd-15205.png,0.3916158308415565,cup
train-4033_nsd-29793.png,0.39152736558902707,clock
train-8955_nsd-66260.png,0.3914930796828852,potted plant
train-1721_nsd-13269_oven.png,0.3914811908531299,oven
train-0617_nsd-04859_keyboard.png,0.3910821325879207,keyboard
train-6015_nsd-48822.png,0.39106657218251867,oven
train-6648_nsd-48956_oven.png,0.3908993098947458,oven
train-6825_nsd-50786_potted plant.png,0.3907781583157529,potted plant
train-6509_nsd-48636.png,0.3907193781468796,car
train-2712_nsd-20010_cup.png,0.39063882205384426,cup
train-5414_nsd-40269_oven.png,0.3905633749547869,oven
train-3598_nsd-26720_cup.png,0.3905537572800736,cup
train-7045_nsd-52364.png,0.3903169607596574,cup
train-5038_nsd-37378_chair.png,0.3902667861704651,chair
train-6652_nsd-48976.png,0.3900830703481411,chair
train-1759_nsd-13613_car.png,0.3896417831492298,car
train-5245_nsd-38794.png,0.38953329308114265,fork
train-0588_nsd-05334_cup.png,0.3895289500677549,cup
train-6453_nsd-47949.png,0.3894057999560311,clock
train-1254_nsd-09603_oven.png,0.389314791366898,oven
train-4900_nsd-36620_potted plant.png,0.3891057685159149,potted plant
train-2619_nsd-20184.png,0.38894466249609855,cup
train-0334_nsd-02838_oven.png,0.3886014267689815,oven
train-1075_nsd-09348.png,0.38833617015666166,car
test-0019_nsd-02731.png,0.3883146420941065,car
train-6797_nsd-50684.png,0.38816957014307485,laptop
train-7230_nsd-53726.png,0.38797344602755063,cup
train-3086_nsd-23595.png,0.38795614531704575,car
train-1833_nsd-14790.png,0.38795266140932455,bottle
train-2173_nsd-18118_mouse.png,0.3877641404145773,mouse
train-1363_nsd-11538.png,0.3876553891392343,oven
train-0422_nsd-03503.png,0.3876384699521588,car
train-3129_nsd-23206.png,0.38746770998396274,potted plant
train-8459_nsd-68052_chair.png,0.38710422585093046,chair
train-5680_nsd-46690.png,0.38655585269502285,cup
train-0713_nsd-05656_chair.png,0.3865335311659165,chair
train-6089_nsd-45261.png,0.3864228302483455,chair
train-7026_nsd-58408.png,0.38591816148220814,potted plant
train-0319_nsd-02670_microwave.png,0.38577148560329,microwave
train-7515_nsd-62561_tv.png,0.385637132624928,tv
train-7591_nsd-63355_chair.png,0.38552133541893335,chair
train-1709_nsd-13754_chair.png,0.38550390440763077,chair
train-4238_nsd-34517.png,0.38543340454002,chair
train-8054_nsd-59513.png,0.3853555865553592,chair
train-3754_nsd-30758_cup.png,0.38514106018797617,cup
train-8917_nsd-66053_oven.png,0.3850651405773899,oven
train-2496_nsd-20727_bottle.png,0.38475511762213904,bottle
train-8647_nsd-64136_tv.png,0.3845841346259818,tv
train-8698_nsd-64685_chair.png,0.3844760246840367,chair
train-0562_nsd-04769.png,0.38437744008836733,clock
train-8466_nsd-70358_laptop.png,0.384168915339716,laptop
train-1293_nsd-09086_laptop.png,0.38416788717890854,laptop
train-1790_nsd-15135.png,0.38415044216892985,car
train-4455_nsd-36646_microwave.png,0.3838143147035936,microwave
train-3917_nsd-29052_microwave.png,0.3836057648779343,microwave
train-8482_nsd-70518_potted plant.png,0.3835058227844858,potted plant
train-3615_nsd-29675_laptop.png,0.3833688215751764,laptop
test-0183_nsd-47061_chair.png,0.3833440373823549,chair
train-6169_nsd-45868_laptop.png,0.38325270273771145,laptop
train-8629_nsd-64287.png,0.38299453245928355,car
train-8345_nsd-61837_keyboard.png,0.382961614127557,keyboard
train-0052_nsd-00387_oven.png,0.38287075314544544,oven
train-8134_nsd-60275_chair.png,0.38286590080189786,chair
train-9133_nsd-67772_chair.png,0.3826076999921573,chair
train-6767_nsd-49775_tv.png,0.38249372332319326,tv
train-9016_nsd-72423.png,0.3823461818836179,potted plant
train-9642_nsd-71373.png,0.3822136120005849,tv
train-6977_nsd-51961.png,0.3819374274331702,cup
train-2511_nsd-19411_potted plant.png,0.3818085729364525,potted plant
train-5339_nsd-43881.png,0.38174770961396953,car
train-6499_nsd-53657.png,0.3815674231783494,tv
train-3470_nsd-28446.png,0.3814306318294574,cup
train-8307_nsd-61998_laptop.png,0.3810779134385615,laptop
train-6328_nsd-51244_tv.png,0.38090967403559056,tv
train-5525_nsd-45540.png,0.38045838321953773,tv
train-6993_nsd-52342_oven.png,0.38020274722072783,oven
train-2019_nsd-15249_microwave.png,0.3798845501992108,microwave
train-1791_nsd-15109.png,0.3798420142339593,oven
train-6302_nsd-51073_chair.png,0.37983631687346064,chair
train-0579_nsd-04690_bottle.png,0.3791769492684185,bottle
train-7917_nsd-63633_chair.png,0.3790758466676794,chair
train-6444_nsd-47791_oven.png,0.3786616478395743,oven
train-2224_nsd-18902_laptop.png,0.3786342987811247,laptop
train-7524_nsd-60341_keyboard.png,0.3785470629878198,keyboard
train-8077_nsd-65045_chair.png,0.37854611753845074,chair
train-6034_nsd-49952_chair.png,0.3784112630661727,chair
train-3076_nsd-22854_potted plant.png,0.37836018017139983,potted plant
train-2056_nsd-15511_laptop.png,0.37833253906773406,laptop
train-3006_nsd-24721_bottle.png,0.3780920768927276,bottle
train-8672_nsd-64555.png,0.37792290935850986,car
test-0214_nsd-56406_tv.png,0.37758154491052254,tv
train-9290_nsd-68737_oven.png,0.377447707842901,oven
train-2231_nsd-18026.png,0.37730384547555684,stop sign
train-8373_nsd-67339.png,0.37730023163718285,potted plant
train-4303_nsd-35327_chair.png,0.37727899522005637,chair
train-7774_nsd-62391_chair.png,0.37716936478127033,chair
train-6594_nsd-48981.png,0.37662105636611837,car
train-1010_nsd-07610.png,0.37658505066096476,chair
train-6000_nsd-44221_sink.png,0.37657644136208596,sink
train-4405_nsd-36164_chair.png,0.3762918591932569,chair
train-2751_nsd-22434_potted plant.png,0.3761416431168694,potted plant
train-6316_nsd-46857_laptop.png,0.3760706961245524,laptop
train-3402_nsd-25809_oven.png,0.3760347703205225,oven
train-1497_nsd-11371.png,0.37600874799371636,cup
train-4600_nsd-37755_bottle.png,0.37558734357334567,bottle
train-3897_nsd-31809.png,0.37542735229848856,chair
train-9536_nsd-70625_chair.png,0.37537678908413413,chair
train-2872_nsd-23569_fork.png,0.37532305095075874,fork
train-3766_nsd-27890_chair.png,0.3748915394262233,chair
train-7986_nsd-59016_sink.png,0.3745640647871561,sink
train-7187_nsd-59900.png,0.37447468981738313,potted plant
train-2668_nsd-20559.png,0.37424150690273167,potted plant
train-6562_nsd-48368_bottle.png,0.37419549661297286,bottle
train-2638_nsd-22112_chair.png,0.37410647437298694,chair
train-4118_nsd-30467_car.png,0.37393486528178005,car
train-0460_nsd-03807_sink.png,0.3738231200356004,sink
train-3390_nsd-27822_chair.png,0.3737856245450989,chair
train-8994_nsd-66677_sink.png,0.37363295751754405,sink
train-8328_nsd-69298.png,0.37360256586682977,car
train-7389_nsd-54601.png,0.37356697676747297,stop sign
train-4843_nsd-36095.png,0.3734643026856003,potted plant
train-4295_nsd-31802.png,0.3732122434096494,chair
train-4278_nsd-35133_chair.png,0.37320712648248555,chair
train-0776_nsd-06354_potted plant.png,0.37316117024148593,potted plant
train-8401_nsd-69854.png,0.3728896976474574,car
train-2639_nsd-19410_potted plant.png,0.37276399461130233,potted plant
train-4083_nsd-33521_chair.png,0.3726414101900593,chair
train-8990_nsd-72224_potted plant.png,0.3724237898212007,potted plant
train-3255_nsd-24128_clock.png,0.37229261758483384,clock
train-0463_nsd-03779_potted plant.png,0.37226615949503494,potted plant
train-8891_nsd-65821.png,0.3721905638005543,fork
train-4333_nsd-35193.png,0.37216624664418463,chair
train-5976_nsd-47993_oven.png,0.37204063976193735,oven
train-6391_nsd-51082_potted plant.png,0.3717309346765132,potted plant
train-6961_nsd-51821.png,0.37158214632400655,potted plant
train-0510_nsd-03638_potted plant.png,0.37157780167764165,potted plant
train-4658_nsd-34838_potted plant.png,0.3714448873483894,potted plant
train-5805_nsd-47290_potted plant.png,0.3712846390113749,potted plant
train-2259_nsd-18352.png,0.3712701210673146,car
train-3239_nsd-26482_chair.png,0.37121206167935733,chair
train-0615_nsd-04847_laptop.png,0.37102363634590135,laptop
train-8181_nsd-68109_chair.png,0.3710138890516355,chair
train-1522_nsd-11546.png,0.37090032942438345,car
train-1639_nsd-12402_sink.png,0.3708322390122593,sink
train-0207_nsd-01803_chair.png,0.3706788656254045,chair
train-8323_nsd-69262_chair.png,0.37040602101841724,chair
train-3027_nsd-24932.png,0.3703163070019401,potted plant
train-2689_nsd-20073_laptop.png,0.370293614523825,laptop
train-1594_nsd-12002.png,0.3700629854614131,potted plant
train-4582_nsd-33848_oven.png,0.3700174399612437,oven
train-1957_nsd-14094.png,0.3699262561800132,car
train-0188_nsd-01624.png,0.3697285413260429,cup
train-8196_nsd-66033_chair.png,0.3696726000632132,chair
train-5944_nsd-49051.png,0.3696363115030324,laptop
train-4874_nsd-36053_potted plant.png,0.3690592374037827,potted plant
train-2472_nsd-19092_potted plant.png,0.3690489560332266,potted plant
train-8297_nsd-61335_tv.png,0.3684618679634751,tv
train-3701_nsd-27390_potted plant.png,0.3684230851352435,potted plant
test-0332_nsd-62426_oven.png,0.36811780938845967,oven
train-1529_nsd-12950_potted plant.png,0.367887771266019,potted plant
train-4103_nsd-33301.png,0.36762024649110675,laptop
train-2503_nsd-20447_potted plant.png,0.36749745405006273,potted plant
train-0463_nsd-04238.png,0.36738369407127514,stop sign
train-8651_nsd-64170_potted plant.png,0.36732290359797237,potted plant
train-2018_nsd-15230.png,0.3672624908704444,tv
train-5066_nsd-41338_oven.png,0.36724652244013894,oven
train-2718_nsd-20244_tv.png,0.36714283423355365,tv
train-0785_nsd-06079_oven.png,0.36685182380842996,oven
test-0177_nsd-43568.png,0.3667729086416197,car
train-3793_nsd-28098_chair.png,0.36669202825584946,chair
train-3895_nsd-31602.png,0.36650048817037506,cup
train-6730_nsd-55551_microwave.png,0.36648421711860246,microwave
train-5908_nsd-44062.png,0.3663160846309298,potted plant
train-3411_nsd-27740_microwave.png,0.3662634867144922,microwave
train-8945_nsd-66287.png,0.3662168268820914,car
train-4765_nsd-38505_laptop.png,0.3661577674989593,laptop
train-6436_nsd-47766.png,0.3661490377100844,potted plant
train-5410_nsd-44502.png,0.36596288630457063,oven
train-0466_nsd-03995_chair.png,0.3659073067464921,chair
train-0048_nsd-00353_chair.png,0.36590340749010913,chair
train-0958_nsd-07171.png,0.36588046576448496,laptop
train-0033_nsd-00283.png,0.36584323148607195,chair
train-6903_nsd-57220.png,0.3658187103145168,chair
train-6472_nsd-48028_potted plant.png,0.36561098313348817,potted plant
train-0138_nsd-01174.png,0.3655139577294493,chair
train-1757_nsd-12550.png,0.3654332325991738,chair
train-5261_nsd-43019_potted plant.png,0.36537494211901617,potted plant
train-0226_nsd-02001.png,0.3653593780050546,oven
train-1653_nsd-13404_sink.png,0.3653557558342557,sink
train-0890_nsd-07282_oven.png,0.3649960745912733,oven
train-8894_nsd-71485.png,0.36497095496144977,chair
train-1600_nsd-13468_cup.png,0.36474737449071437,cup
train-3560_nsd-28811_laptop.png,0.3645984785040476,laptop
train-6466_nsd-51704_mouse.png,0.36420439154625994,mouse
train-8713_nsd-64597_oven.png,0.3640990527805734,oven
train-0991_nsd-08738_bottle.png,0.3640687355122307,bottle
train-3111_nsd-23739_chair.png,0.3640590250446853,chair
train-6663_nsd-49531.png,0.3639595351898544,cup
train-9573_nsd-71002_stop sign.png,0.3638617546328696,stop sign
train-5735_nsd-42370.png,0.3638310324184676,fork
train-0247_nsd-02382.png,0.36373160520418174,tv
train-6570_nsd-48798_bottle.png,0.36343894671551796,bottle
train-3765_nsd-27854.png,0.3630238710067777,chair
train-4834_nsd-39540_chair.png,0.3629457378820033,chair
train-8318_nsd-66996_chair.png,0.3628673305386739,chair
train-7145_nsd-53476_bottle.png,0.36267694578630344,bottle
train-4993_nsd-37016.png,0.36262211083659374,fork
train-9461_nsd-70130.png,0.3625767232167902,car
train-2833_nsd-21932_laptop.png,0.36247293487751686,laptop
train-7376_nsd-54461.png,0.3624070196885214,fork
train-5453_nsd-44559_laptop.png,0.3621972149566492,laptop
train-4274_nsd-34757_laptop.png,0.361963922138591,laptop
train-2708_nsd-20205_car.png,0.3618426012944475,car
train-3593_nsd-29534_potted plant.png,0.36177981398318393,potted plant
train-2519_nsd-18722.png,0.3615104475058869,bottle
train-3147_nsd-24010_microwave.png,0.3612705703423953,microwave
train-6648_nsd-48956_microwave.png,0.36044687036311185,microwave
train-1805_nsd-13548_chair.png,0.3603020788228048,chair
train-6031_nsd-49929_potted plant.png,0.3601254595058229,potted plant
train-1648_nsd-13914.png,0.3599940146397923,car
train-3967_nsd-32419_potted plant.png,0.3599369374306262,potted plant
train-2203_nsd-17904_tv.png,0.3599358389941642,tv
train-8196_nsd-60821.png,0.35979970212324536,cup
train-4336_nsd-35587_chair.png,0.3597529951144694,chair
train-2797_nsd-22681_oven.png,0.35942567027216415,oven
train-7334_nsd-58661_potted plant.png,0.35929709020035505,potted plant
train-6406_nsd-47483_potted plant.png,0.3592861269523275,potted plant
train-7701_nsd-61866_oven.png,0.35925666778779186,oven
train-0210_nsd-01801.png,0.35901203822237016,bottle
train-4982_nsd-40742.png,0.3588763966369951,bottle
train-6484_nsd-51867.png,0.3582799710228484,cup
train-4666_nsd-38473.png,0.3579081660288375,tv
train-6355_nsd-46880.png,0.3577112637280795,cup
train-6580_nsd-53196_sink.png,0.3574295640313845,sink
train-4864_nsd-40169.png,0.35742013862668426,potted plant
train-5119_nsd-42219_chair.png,0.35741178199622187,chair
train-3307_nsd-27070_laptop.png,0.356940463285542,laptop
train-8265_nsd-61290_keyboard.png,0.3568382086073296,keyboard
train-4158_nsd-33837.png,0.35666042668095604,tv
train-4820_nsd-35769.png,0.3560424475795986,cup
train-5123_nsd-38143_microwave.png,0.3559610151800421,microwave
train-0782_nsd-07227_oven.png,0.3557318984204288,oven
train-7061_nsd-58502.png,0.3557022617839008,car
train-8953_nsd-72028.png,0.3556988967249274,car
train-0231_nsd-01828_keyboard.png,0.35558967910298855,keyboard
train-7319_nsd-58556.png,0.355528183004726,car
train-2327_nsd-17379.png,0.35493561123582745,oven
train-2949_nsd-21866_bottle.png,0.3547407576733805,bottle
train-6494_nsd-48576.png,0.35450912917483396,cup
train-5109_nsd-41247.png,0.35443037912557923,potted plant
train-9651_nsd-71596_potted plant.png,0.3541979123392767,potted plant
train-7158_nsd-57638.png,0.3541432812022504,car
train-2021_nsd-16467_tv.png,0.35391077408975313,tv
train-1083_nsd-09190_potted plant.png,0.3538111795935372,potted plant
train-9765_nsd-72337_potted plant.png,0.3537673426046582,potted plant
test-0041_nsd-06961.png,0.3537456261184954,cup
train-3717_nsd-30563.png,0.3537302627942305,cup
train-4806_nsd-38880_chair.png,0.3536469778363355,chair
train-6854_nsd-51062_chair.png,0.35348835325007827,chair
train-4402_nsd-36117.png,0.3533641230648722,chair
train-0916_nsd-06836.png,0.3533490130956803,cup
train-4114_nsd-31023_laptop.png,0.3531876121640044,laptop
train-6095_nsd-45309.png,0.35312399150322,car
train-6972_nsd-55692.png,0.3530647524350726,car
train-7871_nsd-58494.png,0.3530568613303606,car
train-7016_nsd-52468.png,0.352922884024753,car
train-2419_nsd-17973.png,0.35289579507672864,car
train-3747_nsd-28286_potted plant.png,0.352793038710757,potted plant
train-4271_nsd-31817_cup.png,0.35278577285645746,cup
test-0015_nsd-07215_keyboard.png,0.35266106791317803,keyboard
train-4479_nsd-33216.png,0.3524717977483546,cup
train-7523_nsd-55674_potted plant.png,0.35234434706102497,potted plant
train-3275_nsd-24236_potted plant.png,0.35216848664495715,potted plant
train-4275_nsd-31652.png,0.3521561263053524,car
train-3778_nsd-28035_oven.png,0.35210269136706057,oven
train-9364_nsd-69390_sink.png,0.35204339195703127,sink
train-6369_nsd-47277_bottle.png,0.35195670842682025,bottle
train-2625_nsd-21734_tv.png,0.3513729714529595,tv
train-0743_nsd-05143_tv.png,0.35131022039767307,tv
train-1698_nsd-12773.png,0.3513061730406992,fork
train-3240_nsd-23986_bottle.png,0.3512701329602011,bottle
train-1476_nsd-12429_chair.png,0.3511774418594017,chair
train-5591_nsd-46177.png,0.3511565667728761,chair
train-7863_nsd-58301.png,0.35091138224715407,car
train-7062_nsd-56867.png,0.35090731685421855,fork
train-6006_nsd-49622.png,0.35089037829060654,chair
train-0561_nsd-04481_sink.png,0.35087574029359975,sink
train-3262_nsd-26615_fork.png,0.35043069865095855,fork
train-3847_nsd-28491_bottle.png,0.3501691238753734,bottle
train-6633_nsd-49332_potted plant.png,0.35007083821461915,potted plant
train-0481_nsd-04034_tv.png,0.3500231955551589,tv
train-3082_nsd-23564.png,0.3499969987996669,fork
train-4448_nsd-36695_cup.png,0.34959687399139255,cup
train-0831_nsd-06483_cup.png,0.3495857260303495,cup
train-2902_nsd-23850_chair.png,0.34950990729754156,chair
train-6087_nsd-49393_microwave.png,0.34938881116417797,microwave
train-3948_nsd-29133.png,0.3493189563301571,oven
train-5417_nsd-40417_oven.png,0.34922171587786255,oven
train-1448_nsd-12169.png,0.34901302865894196,cup
train-3882_nsd-31493_chair.png,0.3489895869829846,chair
train-2191_nsd-17794.png,0.3486794728144843,fork
train-2913_nsd-24015.png,0.348531506816749,fork
train-8222_nsd-60811.png,0.34850264308768986,car
train-1095_nsd-08147.png,0.3484815328031835,cup
train-8799_nsd-70652.png,0.34845303938150024,keyboard
train-5697_nsd-46836_tv.png,0.3484012169583068,tv
train-0513_nsd-04689_microwave.png,0.3481341860545063,microwave
train-7486_nsd-59996_potted plant.png,0.34810634147040526,potted plant
train-3708_nsd-28060_chair.png,0.34808793972373153,chair
train-1192_nsd-10217_oven.png,0.34806742786284134,oven
train-4839_nsd-39971.png,0.3479825113593009,chair
train-4862_nsd-36235.png,0.34788599101656065,car
train-8435_nsd-67820.png,0.34782266081376667,potted plant
train-1826_nsd-15374_cup.png,0.3477688744117754,cup
train-1471_nsd-11905.png,0.3476547512683935,fork
train-7902_nsd-65910_potted plant.png,0.3475894016021197,potted plant
train-3963_nsd-32588_chair.png,0.34751639047915744,chair
train-4786_nsd-39213.png,0.3472180568103411,car
train-0526_nsd-04156.png,0.346740212369905,cup
train-6661_nsd-49040_car.png,0.34667361787025397,car
train-0554_nsd-04564_chair.png,0.3465680912728588,chair
train-7142_nsd-56911_cup.png,0.3465532553555154,cup
train-6080_nsd-45185.png,0.3465291210261117,car
train-6134_nsd-49772_cup.png,0.3464554021720927,cup
train-8782_nsd-70547_oven.png,0.34586115370643833,oven
train-1339_nsd-10364_cup.png,0.3455497513050034,cup
train-5704_nsd-42154.png,0.3455299988625723,cup
train-7471_nsd-61960.png,0.345518097324684,car
train-6664_nsd-49746_bottle.png,0.34549730391954747,bottle
train-9150_nsd-67755.png,0.3454540026912769,cup
train-6334_nsd-47290_potted plant.png,0.34542775449404456,potted plant
train-5014_nsd-37387.png,0.34533648779608817,cup
train-1011_nsd-08158.png,0.3452920283676296,fork
train-8243_nsd-61148.png,0.3452619814103314,cup
train-9108_nsd-67715_sink.png,0.3452264303070965,sink
train-4141_nsd-30636_laptop.png,0.34522605409230445,laptop
train-5876_nsd-48471.png,0.3450804374740251,car
train-7685_nsd-63581.png,0.34504615719445186,cup
train-5233_nsd-38704.png,0.3449679344722819,cup
train-0590_nsd-04690_bottle.png,0.34495999385302395,bottle
train-4045_nsd-33067_cup.png,0.3449199331646529,cup
train-5253_nsd-39289.png,0.3447966630724467,cup
train-4800_nsd-35795_sink.png,0.34469982169657143,sink
train-1938_nsd-15699_stop sign.png,0.3444508518249125,stop sign
train-4748_nsd-35121.png,0.34438743133177546,car
train-9472_nsd-70177_potted plant.png,0.3441052289969825,potted plant
train-9273_nsd-68808.png,0.3436248573871258,car
train-1991_nsd-14865_chair.png,0.3435532831604235,chair
train-8741_nsd-72672_microwave.png,0.3434091437299105,microwave
train-2369_nsd-19098.png,0.3432298467480227,potted plant
train-0185_nsd-01598.png,0.34304395351243927,cup
train-0570_nsd-04418.png,0.34285108760688704,fork
train-7274_nsd-60240.png,0.3426251846580087,car
train-8532_nsd-70885.png,0.3425903199869684,fork
train-9326_nsd-68972_cup.png,0.34256392394985374,cup
train-1991_nsd-14865_potted plant.png,0.34246899336778436,potted plant
train-6111_nsd-45430_clock.png,0.34246756448236293,clock
train-4133_nsd-31182_potted plant.png,0.34232473850921524,potted plant
train-4455_nsd-36646_tv.png,0.3422686227269306,tv
train-3325_nsd-27026_sink.png,0.3418986068120322,sink
train-4911_nsd-36336_cup.png,0.34175319778537977,cup
train-0269_nsd-02286_tv.png,0.34170356296784027,tv
train-4926_nsd-36462_laptop.png,0.34170212330906463,laptop
train-9328_nsd-69053_clock.png,0.3415830187742711,clock
train-2171_nsd-16763_potted plant.png,0.3414951367293517,potted plant
train-0996_nsd-07480.png,0.3412407976701839,cup
train-4800_nsd-39289.png,0.3411236963525561,cup
train-9073_nsd-66976_chair.png,0.34101574695397524,chair
train-3971_nsd-32578.png,0.34099287394172184,car
train-3832_nsd-28862.png,0.3406370384454792,oven
train-6473_nsd-48156.png,0.34049835460086025,clock
train-6185_nsd-45595_bottle.png,0.3402000968057259,bottle
train-1059_nsd-09178_chair.png,0.3400457599337684,chair
train-0560_nsd-04638_cup.png,0.33967029629975165,cup
train-4212_nsd-34520_potted plant.png,0.33955715351911986,potted plant
train-5750_nsd-46848.png,0.33903077698480893,clock
train-4578_nsd-33838_potted plant.png,0.3387450044670085,potted plant
train-8208_nsd-61324_chair.png,0.33858373644218,chair
train-3568_nsd-29185_sink.png,0.33844892347832717,sink
train-7570_nsd-56463_oven.png,0.3384300182131958,oven
train-2737_nsd-20476.png,0.3382811958033588,cup
train-1354_nsd-10937.png,0.3382444958397458,car
train-8260_nsd-61691_chair.png,0.33787557707648186,chair
train-1672_nsd-12861_clock.png,0.3377723643044374,clock
train-7777_nsd-57707.png,0.33767331787383015,cup
train-5994_nsd-48121_potted plant.png,0.33766080419213274,potted plant
train-1459_nsd-12318_laptop.png,0.33749758450131123,laptop
train-9837_nsd-72981_sink.png,0.337332683103864,sink
train-3580_nsd-27184_car.png,0.33729996839825743,car
train-8650_nsd-69626_oven.png,0.33726029810865027,oven
train-6838_nsd-50865_potted plant.png,0.33723881707831166,potted plant
train-5468_nsd-40749.png,0.33722598451958935,car
train-1305_nsd-10519_cup.png,0.33685942577201733,cup
train-6948_nsd-57333_bottle.png,0.33684982407053937,bottle
train-7945_nsd-59341.png,0.3368488920869883,tv
train-6123_nsd-45800_cup.png,0.33604810121514694,cup
train-8487_nsd-70523_chair.png,0.3357281606823298,chair
train-8804_nsd-65401.png,0.3354484218418675,chair
train-0707_nsd-05527.png,0.3353719207430943,car
train-0586_nsd-04798_chair.png,0.33529983203494923,chair
train-0871_nsd-06143_potted plant.png,0.33522980548328907,potted plant
train-3528_nsd-26144.png,0.3346300461397169,potted plant
train-5187_nsd-38517_oven.png,0.33453754718278883,oven
train-2874_nsd-21359_chair.png,0.3344199995227156,chair
train-2056_nsd-15511_tv.png,0.33411355083971933,tv
train-3204_nsd-23789.png,0.3336985121996777,chair
train-5701_nsd-42251.png,0.3335609613964652,car
train-4278_nsd-35133_tv.png,0.33354310554595173,tv
train-9799_nsd-72671_potted plant.png,0.3334923175407222,potted plant
train-7868_nsd-58087.png,0.3334697385068917,car
train-2419_nsd-18053_chair.png,0.333247780634227,chair
train-6452_nsd-47541_bottle.png,0.33303601046044684,bottle
train-6822_nsd-50877.png,0.3328711589030206,car
train-7684_nsd-64102.png,0.3328624887308187,cup
train-7227_nsd-59892.png,0.33262410333870013,tv
train-0942_nsd-06568.png,0.3325526172399007,car
train-0929_nsd-07531_sink.png,0.3323788198137579,sink
train-6932_nsd-51818_tv.png,0.3322497449955528,tv
train-3442_nsd-27944_oven.png,0.3322238530476405,oven
train-0026_nsd-00186_tv.png,0.3319025354249118,tv
train-0009_nsd-00066_chair.png,0.3318692641538976,chair
train-1778_nsd-15059_chair.png,0.3316839437745361,chair
train-8190_nsd-61227_potted plant.png,0.33136184054133677,potted plant
train-8112_nsd-60673_bottle.png,0.3311204084346473,bottle
train-5894_nsd-47879_bottle.png,0.33100349228184966,bottle
train-6405_nsd-51195_chair.png,0.3307640723386095,chair
train-4897_nsd-36548_oven.png,0.33069796277577124,oven
train-1518_nsd-12263_sink.png,0.33054404253882835,sink
train-6171_nsd-51062_chair.png,0.3303955440909858,chair
train-5324_nsd-39531_oven.png,0.3300753898948402,oven
train-4649_nsd-38102.png,0.3299426895379844,potted plant
train-3672_nsd-30024_oven.png,0.32955267031533075,oven
train-5637_nsd-46499_bottle.png,0.32928761280932983,bottle
train-3541_nsd-26256_chair.png,0.32927992819074614,chair
train-7963_nsd-64013.png,0.3292669319751568,potted plant
train-0001_nsd-00013_laptop.png,0.3292567813760812,laptop
train-0345_nsd-03083_oven.png,0.3290295691830437,oven
train-5658_nsd-41810_oven.png,0.3289829919118217,oven
train-5228_nsd-42224_bottle.png,0.32897718837879447,bottle
train-3776_nsd-30926_cup.png,0.32896974030950066,cup
train-4467_nsd-33178_potted plant.png,0.3288444402401079,potted plant
train-1434_nsd-10836.png,0.328813776931797,bottle
train-6178_nsd-51062_chair.png,0.3285667817209923,chair
train-3451_nsd-28286_potted plant.png,0.32844429378848533,potted plant
train-5847_nsd-43581.png,0.32843862226808257,chair
train-5581_nsd-41444.png,0.3283946584404803,chair
train-3176_nsd-23616_tv.png,0.3283639361958119,tv
train-3158_nsd-25883.png,0.32827477785930276,chair
train-5133_nsd-42262.png,0.3281869122044419,cup
train-1164_nsd-09391_oven.png,0.3281519286936461,oven
train-2207_nsd-15942_oven.png,0.32783737304568933,oven
train-1217_nsd-09751.png,0.3278184024066498,microwave
train-4921_nsd-36416_tv.png,0.32764313730783395,tv
train-6784_nsd-50594_tv.png,0.3275920464406479,tv
train-2309_nsd-16826.png,0.3275424590576837,cup
train-4343_nsd-32625_oven.png,0.3273291032722571,oven
train-1059_nsd-08540_potted plant.png,0.32729104151641425,potted plant
train-1483_nsd-11158.png,0.3272809624449159,potted plant
train-8643_nsd-69589_oven.png,0.32700070772252104,oven
train-0501_nsd-04572_bottle.png,0.32691453430299416,bottle
train-7566_nsd-62569.png,0.3268811485409597,tv
train-0026_nsd-00186_keyboard.png,0.3266916725305809,keyboard
test-0290_nsd-72023_tv.png,0.32642545238511816,tv
train-5678_nsd-41949_chair.png,0.32623803386651185,chair
train-4726_nsd-38926.png,0.3261423770271639,laptop
train-4042_nsd-33049_tv.png,0.32613320346710456,tv
train-6272_nsd-46265.png,0.325983356186147,car
train-1328_nsd-10767_car.png,0.32589114736542124,car
train-8095_nsd-67468_tv.png,0.32587929401979354,tv
train-4222_nsd-31211_oven.png,0.32566639274503906,oven
train-6313_nsd-52298_oven.png,0.3256304990003819,oven
train-2953_nsd-21939_chair.png,0.3253950864709305,chair
train-2310_nsd-17156_chair.png,0.3253922679072501,chair
train-5312_nsd-39682.png,0.32536234941703607,chair
train-6215_nsd-46161_bottle.png,0.3253510242118764,bottle
train-6512_nsd-53773_tv.png,0.3251587824154736,tv
train-1051_nsd-08036.png,0.3249210237165988,car
train-6370_nsd-47290_potted plant.png,0.32469744956234486,potted plant
train-5403_nsd-43579.png,0.3246678402907223,car
train-9102_nsd-67230_oven.png,0.3245818492104396,oven
train-8435_nsd-70116_chair.png,0.32451141072099554,chair
train-3219_nsd-26366_tv.png,0.3243901260405962,tv
train-6174_nsd-45857.png,0.32433825788591836,car
train-9002_nsd-72352_laptop.png,0.3239567273541888,laptop
train-1639_nsd-12286_potted plant.png,0.3238956702666326,potted plant
train-6529_nsd-52779_tv.png,0.3237909751540062,tv
train-2132_nsd-15913.png,0.3236275656416286,fork
train-3375_nsd-25596.png,0.323508323359458,chair
train-2159_nsd-18330.png,0.32348124292190045,bottle
train-4279_nsd-32188_potted plant.png,0.3232123100677625,potted plant
train-7748_nsd-64571.png,0.3231902502500664,tv
train-8309_nsd-68991_chair.png,0.32314829232500897,chair
train-3031_nsd-25011_microwave.png,0.3226146978459412,microwave
train-6281_nsd-50294_keyboard.png,0.3223749673347564,keyboard
train-3890_nsd-31761_sink.png,0.3222595687892462,sink
train-7200_nsd-60044.png,0.3221947157207267,fork
train-4236_nsd-34492_car.png,0.32196499061464356,car
train-3220_nsd-26342_chair.png,0.3219485064159575,chair
train-2621_nsd-19261.png,0.32185383890362534,chair
train-7341_nsd-61086.png,0.3214626698655267,chair
train-4630_nsd-34155_bottle.png,0.3214299750031955,bottle
train-5216_nsd-38771_tv.png,0.32118831188683106,tv
train-7937_nsd-65831_sink.png,0.3211248638786932,sink
train-5933_nsd-48979_oven.png,0.32099055002994475,oven
train-9435_nsd-69908_tv.png,0.3209336078624779,tv
train-6307_nsd-51120.png,0.3208188152922316,car
train-2015_nsd-17035.png,0.32073048299127477,fork
train-4759_nsd-35186.png,0.3206178029015264,potted plant
train-4444_nsd-32958.png,0.32057178673294845,chair
train-4520_nsd-36621_chair.png,0.3205379486202399,chair
train-9427_nsd-69854.png,0.3204715586979008,car
train-4163_nsd-31368_microwave.png,0.32034888665631606,microwave
test-0145_nsd-64482_oven.png,0.3201693452661153,oven
train-8807_nsd-65356_potted plant.png,0.3200823766146603,potted plant
train-4057_nsd-30025_cup.png,0.3195707977880338,cup
train-0941_nsd-08084_car.png,0.3194794869139404,car
train-4543_nsd-33782_chair.png,0.3193661669574893,chair
train-1206_nsd-09726_keyboard.png,0.319317399672393,keyboard
train-0896_nsd-06939_tv.png,0.31917243823638164,tv
train-1498_nsd-11385_bottle.png,0.31914501746704216,bottle
train-9679_nsd-71686.png,0.31914370457816965,oven
train-3198_nsd-23777_tv.png,0.31913212265257823,tv
train-8526_nsd-70828_tv.png,0.3191196055363467,tv
train-6644_nsd-55091_bottle.png,0.3190910459188127,bottle
train-5007_nsd-37344.png,0.3186660092372571,laptop
train-0593_nsd-04156.png,0.318604624510394,cup
train-5045_nsd-41597_chair.png,0.3185816862183375,chair
train-9121_nsd-67387.png,0.31817851881609144,potted plant
train-4908_nsd-36314_laptop.png,0.3181100530407997,laptop
train-3756_nsd-27937.png,0.3180768005587594,potted plant
train-2738_nsd-22626_tv.png,0.31800220676465957,tv
train-1574_nsd-13312_chair.png,0.31786450528504284,chair
train-2352_nsd-19112_oven.png,0.31785260746099414,oven
train-0742_nsd-06444.png,0.31780059942351135,car
train-1218_nsd-10279.png,0.31763028033608537,chair
train-1399_nsd-11364_chair.png,0.3174437645170637,chair
train-7293_nsd-58521_cup.png,0.31735390000425917,cup
train-8792_nsd-65261_potted plant.png,0.3173336470472514,potted plant
train-6370_nsd-47290_chair.png,0.3172752778220357,chair
train-5521_nsd-40911.png,0.3172698303937041,car
train-7524_nsd-60341_laptop.png,0.31715826344227566,laptop
train-6770_nsd-53966_chair.png,0.3170710403647147,chair
train-4709_nsd-38825.png,0.3170532156571272,fork
train-3268_nsd-26714.png,0.3169924722484348,potted plant
train-4365_nsd-32492_tv.png,0.3169365898322791,tv
train-0985_nsd-07371_sink.png,0.3167384940210935,sink
train-0549_nsd-03890.png,0.3167274897851758,car
train-1081_nsd-07569_sink.png,0.31667261867953056,sink
train-2235_nsd-18074_chair.png,0.3165357046174868,chair
train-3444_nsd-28214_bottle.png,0.3164400781982612,bottle
train-7420_nsd-55297_chair.png,0.3163463281293495,chair
train-4318_nsd-31993.png,0.31619109214174357,potted plant
train-0920_nsd-06444.png,0.31596429563882633,car
train-4871_nsd-36305.png,0.3158760671420654,chair
train-6125_nsd-50691_sink.png,0.315516751292421,sink
train-7358_nsd-60998_sink.png,0.3154471732011704,sink
train-2132_nsd-16457.png,0.3154257949820071,fork
train-9547_nsd-70800_potted plant.png,0.31536807765426916,potted plant
train-6616_nsd-49207_chair.png,0.3153013219039526,chair
train-9457_nsd-69942_chair.png,0.31522366369925625,chair
train-0609_nsd-05294_bottle.png,0.31518238204957705,bottle
train-1755_nsd-12538_oven.png,0.3151267639371474,oven
train-5334_nsd-43020_sink.png,0.31505623658551424,sink
train-4591_nsd-34037_oven.png,0.3149493963134809,oven
train-5236_nsd-42837_chair.png,0.31493813970460616,chair
train-7601_nsd-56554_sink.png,0.31487717977093554,sink
train-4042_nsd-30091.png,0.3148058829478876,car
train-6037_nsd-48408_potted plant.png,0.31476121948943464,potted plant
train-1919_nsd-15499_bottle.png,0.31474247942278055,bottle
train-3574_nsd-29231_oven.png,0.3146985736653716,oven
train-3730_nsd-30563.png,0.31466074000554745,cup
train-7890_nsd-58482_sink.png,0.31460466188213393,sink
train-4739_nsd-35319.png,0.31457410963607274,tv
train-0093_nsd-00810.png,0.3144873766670485,chair
train-0042_nsd-00324.png,0.31446802751010444,chair
train-2916_nsd-24229_chair.png,0.31445383838658136,chair
test-0155_nsd-37841.png,0.31441361604912754,tv
train-3753_nsd-27765.png,0.314378829119446,potted plant
train-7912_nsd-58455_potted plant.png,0.31432990751266143,potted plant
train-1980_nsd-14934.png,0.3142636950719901,sink
train-2158_nsd-17963_sink.png,0.3142227889731827,sink
train-8218_nsd-68450_potted plant.png,0.3140377603597035,potted plant
train-2304_nsd-17794.png,0.3139523523121764,fork
train-1709_nsd-14501_sink.png,0.3138518664516973,sink
train-7681_nsd-56995_oven.png,0.31367259722075896,oven
test-0202_nsd-40592.png,0.3136169512405009,potted plant
train-3837_nsd-31123_potted plant.png,0.313517056261001,potted plant
train-9738_nsd-72221_keyboard.png,0.31349540786956664,keyboard
train-2873_nsd-21233_potted plant.png,0.31348707049728647,potted plant
train-4298_nsd-32308_sink.png,0.31337066595560364,sink
train-5671_nsd-42096_potted plant.png,0.31325446375212257,potted plant
test-0143_nsd-66885.png,0.31316063026192514,sink
train-1416_nsd-10620_clock.png,0.31308464124600516,clock
train-3006_nsd-22328_bottle.png,0.31280841255400016,bottle
train-6431_nsd-47429.png,0.3126826138901532,car
train-2990_nsd-22254.png,0.3126678331071704,potted plant
train-6485_nsd-48157_potted plant.png,0.3124588200627771,potted plant
train-1726_nsd-14537.png,0.31226893343508916,car
train-0309_nsd-02631.png,0.31226008544422323,car
train-2530_nsd-21311_keyboard.png,0.3121878148093603,keyboard
train-8218_nsd-60781_bottle.png,0.3120834446343686,bottle
train-9425_nsd-69854.png,0.3120354353489525,car
train-4377_nsd-32594.png,0.31191636476249773,oven
train-4950_nsd-40903_potted plant.png,0.3119075219776565,potted plant
train-4052_nsd-29990_potted plant.png,0.3119033236709148,potted plant
train-1362_nsd-10324_cup.png,0.31163192442343857,cup
train-6482_nsd-48249_chair.png,0.3115666707276922,chair
train-0017_nsd-00135.png,0.31140123122553537,car
train-7875_nsd-58520.png,0.3113393532710391,car
train-4224_nsd-31243_potted plant.png,0.3113256922166207,potted plant
train-3799_nsd-31068.png,0.31129690093578294,car
train-4963_nsd-37034.png,0.3112772032364154,chair
train-1816_nsd-14824.png,0.3111770787928479,potted plant
train-2307_nsd-19609.png,0.3111673425077076,potted plant
train-4165_nsd-34322_potted plant.png,0.3111393573927733,potted plant
test-0085_nsd-45123_chair.png,0.311080270983704,chair
train-4176_nsd-31123_potted plant.png,0.31105488797111075,potted plant
train-0420_nsd-03463_sink.png,0.3109765567603369,sink
train-0418_nsd-03477.png,0.31085013047035154,bottle
train-4744_nsd-35039_potted plant.png,0.31073335669157637,potted plant
train-0683_nsd-05369_sink.png,0.3106969567711102,sink
train-2523_nsd-18875.png,0.3105346422143093,chair
train-0117_nsd-00964_chair.png,0.31032072857798704,chair
train-5076_nsd-41758_oven.png,0.31025204144663326,oven
train-5346_nsd-39665_tv.png,0.31021937225018476,tv
train-8233_nsd-68319_chair.png,0.3101668239570181,chair
train-3975_nsd-32600_potted plant.png,0.31011922150572685,potted plant
train-3180_nsd-26061.png,0.3101181741400167,potted plant
train-5559_nsd-41506_oven.png,0.3098082188379703,oven
train-1404_nsd-11900_potted plant.png,0.3096821882101821,potted plant
train-5690_nsd-42200.png,0.3096716882148353,car
train-7798_nsd-64990.png,0.3095148523209012,bottle
train-8854_nsd-65699.png,0.3094504735759834,cup
train-5498_nsd-40997_oven.png,0.30936852944396787,oven
train-5713_nsd-46964_bottle.png,0.3093340286430625,bottle
train-2993_nsd-24677_potted plant.png,0.30930489996771643,potted plant
train-5722_nsd-42851_potted plant.png,0.3092898625552935,potted plant
train-5598_nsd-45995_oven.png,0.30921287401025577,oven
train-2757_nsd-22432_sink.png,0.30910401284248334,sink
train-3402_nsd-25353_potted plant.png,0.30893352197557455,potted plant
train-2717_nsd-21017_tv.png,0.3089319490789596,tv
test-0337_nsd-60920_potted plant.png,0.30886683069471943,potted plant
train-0441_nsd-03660_potted plant.png,0.30883556581640453,potted plant
train-1298_nsd-09745_chair.png,0.30877755360207454,chair
train-5512_nsd-40852_chair.png,0.3087472111526594,chair
train-1239_nsd-10467_bottle.png,0.3084245610238821,bottle
train-8400_nsd-62221.png,0.3084168542527881,oven
train-4786_nsd-35708.png,0.30837891397985545,car
train-5595_nsd-41536_potted plant.png,0.3082649353927562,potted plant
train-5322_nsd-43890_potted plant.png,0.30770125308469615,potted plant
train-3116_nsd-23000_oven.png,0.3071667698707542,oven
train-7610_nsd-61080_chair.png,0.30697484304670986,chair
train-8135_nsd-65460_microwave.png,0.3067996291283249,microwave
train-2775_nsd-20504.png,0.30665889466576507,cup
train-4093_nsd-33521_laptop.png,0.30665016020603547,laptop
train-7083_nsd-56489_oven.png,0.30663414386896254,oven
train-3485_nsd-28632_oven.png,0.3065781446197314,oven
train-3069_nsd-22751_oven.png,0.3064337072374076,oven
train-3794_nsd-28107_bottle.png,0.3062016362595468,bottle
train-0929_nsd-07531_oven.png,0.3061915945078942,oven
test-0077_nsd-20109_car.png,0.3057991909665992,car
train-1678_nsd-12664.png,0.30577304182042814,potted plant
train-9674_nsd-71769.png,0.30572241448220566,laptop
train-7542_nsd-56104.png,0.3056067617650791,car
train-8530_nsd-68644.png,0.3054727752978807,fork
train-8077_nsd-59713.png,0.30546047890095623,car
train-3217_nsd-26319.png,0.30537742866314926,car
train-4331_nsd-35572_chair.png,0.30537347287152566,chair
train-8858_nsd-65760_fork.png,0.30528387222357417,fork
train-3010_nsd-24751.png,0.3052128321804589,oven
train-0063_nsd-00459_oven.png,0.30513717026134574,oven
train-4767_nsd-39289.png,0.3049818425429548,cup
train-0683_nsd-05369_chair.png,0.3048840801102616,chair
train-8262_nsd-66489_bottle.png,0.3048760220441412,bottle
train-4710_nsd-35085_oven.png,0.30477431449340964,oven
train-3821_nsd-31264_microwave.png,0.30456262715351806,microwave
train-6148_nsd-49849_potted plant.png,0.30447145934108316,potted plant
train-7691_nsd-56846_fork.png,0.3044593405129271,fork
train-6878_nsd-51233.png,0.3044329403271899,laptop
train-2544_nsd-19653_oven.png,0.30435547106519606,oven
train-2169_nsd-15668_oven.png,0.304298046395167,oven
train-3990_nsd-32736_chair.png,0.30408462162809835,chair
train-1304_nsd-10941.png,0.3039370547893444,chair
train-5972_nsd-44007_tv.png,0.30389373913593304,tv
train-4833_nsd-39879.png,0.3035207708923654,oven
train-5497_nsd-40774_bottle.png,0.3031798287152295,bottle
train-8736_nsd-72723_chair.png,0.30305850129999373,chair
train-7729_nsd-57519.png,0.30237516521262253,fork
train-0704_nsd-05512.png,0.3021649897945179,laptop
train-9413_nsd-69912.png,0.3020443948215358,car
train-3097_nsd-25450_microwave.png,0.30202683302624633,microwave
train-3724_nsd-28157_keyboard.png,0.3018820190935716,keyboard
train-5752_nsd-46298.png,0.3018293331333014,oven
train-4309_nsd-31922_bottle.png,0.3017232044336324,bottle
train-8720_nsd-70151.png,0.30171123436688874,chair
train-9813_nsd-72770_laptop.png,0.30170147267684766,laptop
train-8077_nsd-66947_oven.png,0.3016063234381006,oven
train-6059_nsd-50008.png,0.3015723914299023,fork
train-6401_nsd-47214.png,0.3015137992831167,car
train-7412_nsd-55106_microwave.png,0.3011852651224125,microwave
train-1523_nsd-10983.png,0.30104645780382405,potted plant
train-1782_nsd-13511_cup.png,0.3008510511221305,cup
train-7660_nsd-63379_chair.png,0.30072444424017486,chair
train-4391_nsd-35693.png,0.3006817636346514,car
train-7940_nsd-63884.png,0.30021244058906116,bottle
train-4136_nsd-30601.png,0.29993212954948795,car
train-4397_nsd-35715_laptop.png,0.2999129239715743,laptop
train-7437_nsd-61640_chair.png,0.2998047533605375,chair
train-0173_nsd-01483_microwave.png,0.2997944284472776,microwave
train-0338_nsd-02851_potted plant.png,0.29977808879536116,potted plant
train-1235_nsd-08650_microwave.png,0.29957126252353433,microwave
train-1128_nsd-09804_laptop.png,0.29947650816810967,laptop
train-6580_nsd-53196_oven.png,0.29946362643637614,oven
train-2687_nsd-21972_chair.png,0.299376586522792,chair
train-5893_nsd-48681_laptop.png,0.2992476800024549,laptop
train-5918_nsd-48890.png,0.2991892021480224,car
train-4106_nsd-30408.png,0.299101226411841,tv
train-8354_nsd-69384.png,0.298847325812337,clock
train-1768_nsd-14261_chair.png,0.29866772962304877,chair
train-8217_nsd-66204_potted plant.png,0.2985868228721786,potted plant
train-4266_nsd-34959.png,0.29855308374997036,car
train-3265_nsd-26683_potted plant.png,0.2985120050262366,potted plant
train-0095_nsd-00796_chair.png,0.29834352886724663,chair
train-1930_nsd-14477.png,0.2982083293901947,car
train-7162_nsd-53353.png,0.29799874227925244,bottle
train-1102_nsd-08465.png,0.2974123755339516,fork
train-5307_nsd-43660.png,0.297328927395617,car
train-5979_nsd-44679_cup.png,0.29725623225535314,cup
train-3122_nsd-25578.png,0.2971511509403428,fork
train-4730_nsd-38966.png,0.29704816723611654,bottle
train-6857_nsd-56643.png,0.2966739226426217,chair
train-7841_nsd-65359_bottle.png,0.29648657107442067,bottle
train-1023_nsd-08676.png,0.29633167335715105,cup
train-5900_nsd-44005.png,0.2962853967040809,cup
train-9098_nsd-67626.png,0.29628072294847896,potted plant
train-9673_nsd-71618_car.png,0.2962631845489937,car
train-5607_nsd-41876.png,0.2958671222593918,car
train-7773_nsd-64436_laptop.png,0.29567984748063186,laptop
train-2965_nsd-24179_chair.png,0.29561056365574534,chair
train-7388_nsd-59280_microwave.png,0.2955393462592281,microwave
train-4905_nsd-36483.png,0.2952778120378898,laptop
train-3441_nsd-25578.png,0.2950215670328923,fork
train-4519_nsd-36605.png,0.2948881510536437,bottle
train-6809_nsd-56466.png,0.2947664280285434,cup
train-2762_nsd-20692_keyboard.png,0.2945306301426611,keyboard
train-2333_nsd-19821_keyboard.png,0.2942372617737484,keyboard
train-8747_nsd-70352_potted plant.png,0.2941825344327439,potted plant
train-5282_nsd-42641_chair.png,0.29403523481313454,chair
train-5423_nsd-44608_tv.png,0.29397205319299746,tv
train-5750_nsd-42917.png,0.29367910568584177,bottle
train-5262_nsd-39164.png,0.2936543342024538,car
train-5951_nsd-44296.png,0.29360016603507544,cup
train-5148_nsd-38232_mouse.png,0.2935439448135196,mouse
train-4232_nsd-31301_keyboard.png,0.2935011733403462,keyboard
train-5016_nsd-37406.png,0.2934751946200816,car
train-1920_nsd-15500_keyboard.png,0.2933704604127354,keyboard
train-5025_nsd-41027_potted plant.png,0.29332909164140386,potted plant
train-6724_nsd-54350.png,0.2930964951391097,potted plant
train-7356_nsd-54979_sink.png,0.29289242212379885,sink
train-2987_nsd-24346_microwave.png,0.2926867448870558,microwave
train-4483_nsd-33575_tv.png,0.29254196216465844,tv
train-6808_nsd-50673_bottle.png,0.2924990336319578,bottle
train-0107_nsd-00929_chair.png,0.2924808482054609,chair
train-7934_nsd-65821.png,0.29233069918516796,fork
train-3118_nsd-25571_cup.png,0.2922485832417205,cup
train-5629_nsd-46460_chair.png,0.2921968699954722,chair
train-1841_nsd-14163_keyboard.png,0.29214638899174106,keyboard
train-3193_nsd-23724.png,0.2921127348901481,car
train-6440_nsd-47826_keyboard.png,0.2919627701967756,keyboard
train-1239_nsd-10467_oven.png,0.29187541589628285,oven
train-4965_nsd-40935_cup.png,0.291787447788568,cup
train-9724_nsd-72211.png,0.2917464636862061,car
train-9617_nsd-71366.png,0.2917377339227933,fork
train-4059_nsd-33237_cup.png,0.29172456348228093,cup
train-1672_nsd-13495.png,0.29168040556162267,chair
train-5196_nsd-38675.png,0.2916549798736422,chair
train-0389_nsd-03203_chair.png,0.29151606828859383,chair
train-4459_nsd-33416.png,0.29151481495999526,oven
train-9744_nsd-72252.png,0.29146719175027824,fork
train-8244_nsd-68680_oven.png,0.2913964678794701,oven
train-4896_nsd-36386_oven.png,0.291132437162361,oven
train-5873_nsd-48458_car.png,0.291113859719747,car
train-8132_nsd-67377.png,0.29103213558744534,chair
train-4546_nsd-34045.png,0.29102858176867574,cup
train-4599_nsd-34189_stop sign.png,0.29096566688505293,stop sign
train-3673_nsd-27830_oven.png,0.29077688311922295,oven
train-3809_nsd-28286_potted plant.png,0.29077006624704055,potted plant
train-2494_nsd-18631.png,0.29076225176748177,fork
train-3372_nsd-27652_potted plant.png,0.29070455619685004,potted plant
train-8818_nsd-71042_sink.png,0.29060331372018083,sink
train-7571_nsd-60791.png,0.29043236779696097,potted plant
train-0262_nsd-02237.png,0.290417370581914,oven
train-5887_nsd-48643.png,0.29027098653675093,potted plant
train-0775_nsd-05372.png,0.29025324329589763,tv
train-8272_nsd-68883_keyboard.png,0.29022024238806543,keyboard
train-8450_nsd-62561_laptop.png,0.2900633780782307,laptop
train-8719_nsd-64832.png,0.29001264994783893,fork
train-2771_nsd-22601.png,0.28998000910727567,potted plant
train-0023_nsd-00167.png,0.289965580729763,fork
train-9094_nsd-67318.png,0.2899109479600923,fork
train-1175_nsd-09531.png,0.2898067630020971,fork
train-8171_nsd-65821.png,0.28979211653691717,fork
train-9335_nsd-69014_car.png,0.2897383231395606,car
train-4887_nsd-39473.png,0.2893676858322309,chair
train-1071_nsd-09303_potted plant.png,0.28923685983242314,potted plant
train-5836_nsd-48084.png,0.2891619605014172,cup
train-7135_nsd-52607.png,0.2890818877063655,car
train-3874_nsd-31432_chair.png,0.28902465230593827,chair
train-2704_nsd-22409_laptop.png,0.2888514565560549,laptop
train-4502_nsd-36505.png,0.28879534743474644,fork
train-8302_nsd-61569_sink.png,0.2887580435568996,sink
train-7454_nsd-61800_chair.png,0.28870996974889396,chair
test-0174_nsd-43319.png,0.2886927188362447,potted plant
train-1967_nsd-16616_tv.png,0.2886429343355752,tv
train-9659_nsd-71612.png,0.28861283489207595,tv
train-2005_nsd-14422.png,0.28851507404666565,fork
train-7699_nsd-56899.png,0.28836255136286004,fork
train-2117_nsd-17721.png,0.288359766195224,car
train-6863_nsd-55303.png,0.28831440563105437,chair
train-2872_nsd-23705.png,0.28825051172784943,cup
train-4471_nsd-33200.png,0.2881768768678872,fork
train-3661_nsd-27226.png,0.28812847682473114,car
train-2944_nsd-21820_laptop.png,0.2880548883436274,laptop
train-0981_nsd-06808.png,0.28800606210087154,cup
train-2982_nsd-22167.png,0.2879705659536215,fork
train-0743_nsd-05877.png,0.2878500623846136,fork
train-5111_nsd-37922_cup.png,0.2876576312557241,cup
train-0984_nsd-07480.png,0.2875648166082671,cup
train-5166_nsd-42551_tv.png,0.28731802082864344,tv
train-7137_nsd-56867.png,0.2872620450149477,fork
train-7007_nsd-55957.png,0.28708484226985237,car
train-7592_nsd-60951_potted plant.png,0.2870748020529639,potted plant
train-1917_nsd-13765_potted plant.png,0.2870335916879265,potted plant
train-0624_nsd-05712_potted plant.png,0.2869658464402704,potted plant
train-2012_nsd-15160_cup.png,0.28691733492901966,cup
train-5037_nsd-37720_chair.png,0.28676605480527967,chair
train-8585_nsd-64009_potted plant.png,0.2866461709459339,potted plant
train-6386_nsd-52800_cup.png,0.28639358822733657,cup
train-2885_nsd-23969_tv.png,0.2863165736330135,tv
train-2107_nsd-17672.png,0.2861275433467891,fork
train-1177_nsd-08229.png,0.28610454774846006,fork
test-0018_nsd-02467.png,0.28582911650092424,fork
train-2205_nsd-17822_tv.png,0.2856481400137387,tv
train-7336_nsd-54205_cup.png,0.2856076523790841,cup
train-4747_nsd-38372_potted plant.png,0.28556787810819717,potted plant
train-6293_nsd-46372.png,0.2855252779516264,cup
train-7233_nsd-53403.png,0.2851732696555318,potted plant
train-9650_nsd-71511_bottle.png,0.28499488025873304,bottle
train-3739_nsd-30601.png,0.2849669180899497,car
train-9017_nsd-66737.png,0.284865824443813,potted plant
train-7730_nsd-64469_tv.png,0.28479061735967165,tv
train-6938_nsd-57625.png,0.2844465893499016,tv
train-6247_nsd-51624_cup.png,0.2844237508715024,cup
train-3769_nsd-28000_tv.png,0.28438238288637563,tv
train-3667_nsd-27270.png,0.2843269065432598,car
train-6835_nsd-54607_cup.png,0.28429261172105563,cup
train-7207_nsd-53653_cup.png,0.2841139282652094,cup
train-7361_nsd-58942.png,0.28405800089831335,cup
train-6697_nsd-49883.png,0.2840282437204811,oven
train-8404_nsd-62247.png,0.2839864797404857,cup
train-0928_nsd-07160_microwave.png,0.28373738505920715,microwave
train-0911_nsd-06401_cup.png,0.28353014835459706,cup
train-5387_nsd-43476_sink.png,0.28352204112820095,sink
train-9795_nsd-72651_chair.png,0.28351538619182937,chair
train-0178_nsd-01470.png,0.2835002758518646,car
train-0936_nsd-07628_chair.png,0.2832800516265939,chair
train-0582_nsd-05276.png,0.283258749532195,microwave
train-6781_nsd-54056.png,0.2831255919554315,laptop
train-1596_nsd-12969.png,0.2831223200110458,cup
train-5462_nsd-44626_chair.png,0.2831069637940391,chair
train-8486_nsd-68245_clock.png,0.2829191531659727,clock
train-3331_nsd-25277_chair.png,0.2827805888291596,chair
train-6898_nsd-51480_chair.png,0.28265198509236866,chair
train-4081_nsd-30209.png,0.28254935233952944,car
train-6280_nsd-46655_cup.png,0.2824042482657176,cup
train-5806_nsd-43294.png,0.28236192567526236,car
test-0262_nsd-48106.png,0.2823332452660386,cup
train-0306_nsd-02553_cup.png,0.28227194475777656,cup
train-2061_nsd-17369_cup.png,0.28214962336107574,cup
train-6313_nsd-46905_microwave.png,0.282148944137901,microwave
train-5703_nsd-42692_cup.png,0.2821024703742614,cup
train-8409_nsd-67633_clock.png,0.28205573402669165,clock
train-5751_nsd-46278_bottle.png,0.2820241043598062,bottle
train-4978_nsd-37195.png,0.28201894661734295,fork
train-4514_nsd-33546_oven.png,0.28201513349567175,oven
train-1107_nsd-08221.png,0.28200624515826805,cup
train-5372_nsd-43973_cup.png,0.2817836872447612,cup
train-1488_nsd-12574.png,0.28166540693680825,potted plant
train-4411_nsd-32826_potted plant.png,0.2816625845120178,potted plant
train-0848_nsd-06587_cup.png,0.2815607185242164,cup
train-0359_nsd-02987_oven.png,0.2815082494418599,oven
train-8979_nsd-66730.png,0.2815037422937154,oven
train-0270_nsd-02246_cup.png,0.2814675069313975,cup
train-6722_nsd-55494.png,0.28121250563969463,chair
train-0975_nsd-07480.png,0.2810178254811191,cup
train-4147_nsd-33685_tv.png,0.2808845605672826,tv
train-2274_nsd-17600.png,0.28079438706205234,oven
train-5298_nsd-43700.png,0.28073472947443934,tv
train-3399_nsd-25099_cup.png,0.2806824568783882,cup
train-4600_nsd-37755_oven.png,0.2806447841741848,oven
train-9828_nsd-72853_potted plant.png,0.28062817285634667,potted plant
train-8823_nsd-65366_chair.png,0.2805747105269236,chair
train-9125_nsd-67692.png,0.2805680973439666,chair
train-7113_nsd-58958.png,0.2804566337345794,tv
train-5254_nsd-39013_bottle.png,0.2803780494358849,bottle
train-5657_nsd-42315.png,0.2803600777091372,fork
train-9268_nsd-68773_oven.png,0.2801971402568473,oven
train-7694_nsd-57417_car.png,0.28000600889607075,car
test-0122_nsd-31355.png,0.2796094851293117,cup
train-0295_nsd-02505_chair.png,0.27958725659547223,chair
train-2045_nsd-16616_tv.png,0.279164039694261,tv
train-2325_nsd-17369_cup.png,0.2790036902742353,cup
train-5650_nsd-42224_bottle.png,0.278755435710441,bottle
train-6562_nsd-48738.png,0.2787478447730433,car
train-4880_nsd-36356_oven.png,0.27851948513255154,oven
train-8752_nsd-70382_oven.png,0.2784295146301212,oven
train-1553_nsd-12548_oven.png,0.27842047340221876,oven
train-7274_nsd-54064.png,0.2782310957134721,mouse
test-0096_nsd-26628.png,0.2782175893005366,cup
train-6330_nsd-46646.png,0.2780823145313149,laptop
train-1889_nsd-14291_oven.png,0.2779795332973246,oven
train-9088_nsd-67402_oven.png,0.27797312508922883,oven
train-2056_nsd-17369_cup.png,0.2779725213776062,cup
train-0599_nsd-04858.png,0.27797065802376897,car
train-4705_nsd-35063_sink.png,0.27791127656855386,sink
train-7256_nsd-53911.png,0.27760530435629155,potted plant
train-5613_nsd-41942.png,0.2775828984315542,chair
train-1165_nsd-08183_cup.png,0.27749157171314714,cup
train-7555_nsd-56191.png,0.2772853396383214,clock
train-6174_nsd-51047.png,0.2772706179175112,chair
train-6025_nsd-44457_tv.png,0.2772379379103895,tv
train-7928_nsd-58538.png,0.2771848511403886,potted plant
train-7286_nsd-60323.png,0.27715006445133633,bottle
train-7743_nsd-62190.png,0.2771422405020824,car
train-1208_nsd-09237_clock.png,0.27707399212649053,clock
train-0514_nsd-04163_potted plant.png,0.27705810237943607,potted plant
train-6400_nsd-53119.png,0.2769972571517266,car
train-2770_nsd-21447.png,0.2769822094333404,chair
train-8168_nsd-65724_tv.png,0.2769774059465101,tv
train-2703_nsd-22090.png,0.2767369398684483,car
train-2509_nsd-20487.png,0.2765950471622587,car
train-6421_nsd-53064_clock.png,0.27650748085342325,clock
train-7881_nsd-58160_potted plant.png,0.2765022556692436,potted plant
train-5317_nsd-39289.png,0.27641346215775486,cup
train-5868_nsd-48507_oven.png,0.27598628360384003,oven
train-1466_nsd-12356_bottle.png,0.2758983063305841,bottle
train-8059_nsd-59703_chair.png,0.2758082934189436,chair
train-0717_nsd-05748.png,0.2758077821579699,chair
train-7273_nsd-54062.png,0.27573981607291237,fork
train-9654_nsd-71622_oven.png,0.27571202432366476,oven
train-9374_nsd-69391_tv.png,0.27569229640209425,tv
train-0461_nsd-03942.png,0.2756681002709262,car
train-4955_nsd-40935_cup.png,0.27534163770626335,cup
train-3987_nsd-32241.png,0.2752698555236403,cup
train-4425_nsd-36344.png,0.27524602488702693,sink
train-9075_nsd-67255.png,0.2751656867823386,chair
train-5275_nsd-39289.png,0.2750863626159933,cup
train-6182_nsd-45945.png,0.274965076621103,car
train-7272_nsd-53731.png,0.274922248389442,cup
train-6661_nsd-49571_tv.png,0.2746686119301595,tv
train-7565_nsd-60722.png,0.274634541999478,car
train-1161_nsd-08167_sink.png,0.27462962741950914,sink
train-5529_nsd-40935_cup.png,0.27460105857449435,cup
train-7877_nsd-58379_tv.png,0.27453974536830933,tv
train-1100_nsd-09375_oven.png,0.2744600768053964,oven
train-3119_nsd-25568_potted plant.png,0.27439255302015997,potted plant
train-7954_nsd-58752_chair.png,0.27415449981659973,chair
train-8835_nsd-65620_cup.png,0.27399288151757173,cup
train-9111_nsd-67455_chair.png,0.27397442333409716,chair
train-9007_nsd-72413_car.png,0.27391659972641347,car
train-4271_nsd-31817_bottle.png,0.273836360435989,bottle
train-8910_nsd-66101_chair.png,0.27377677500758935,chair
train-2806_nsd-22894_potted plant.png,0.2737741542033084,potted plant
train-1309_nsd-09841.png,0.27371063586250777,cup
train-1247_nsd-10600_microwave.png,0.2737058306010664,microwave
train-2599_nsd-21290.png,0.2736261949287474,fork
train-8099_nsd-67497_tv.png,0.2734996439133075,tv
train-0006_nsd-00061_keyboard.png,0.2734983143276981,keyboard
train-4280_nsd-31649_laptop.png,0.2734762701627619,laptop
train-8992_nsd-66473.png,0.27338875976611554,sink
train-7957_nsd-58994_bottle.png,0.2733094503632613,bottle
train-5957_nsd-44522.png,0.27308455827954414,potted plant
train-2344_nsd-17473.png,0.2730163551509564,oven
train-3741_nsd-28245.png,0.2725471752202403,oven
train-7737_nsd-62154_bottle.png,0.27253818163078913,bottle
train-7083_nsd-56489_microwave.png,0.2725183906979514,microwave
train-0456_nsd-04156.png,0.27243959637426834,cup
train-4724_nsd-38904_microwave.png,0.27236505298856667,microwave
train-7329_nsd-60970.png,0.27235533928514816,cup
train-4232_nsd-31301_tv.png,0.27224832504540836,tv
train-3637_nsd-26908_oven.png,0.2720180192440626,oven
train-3883_nsd-31836_potted plant.png,0.2720065948158192,potted plant
train-6272_nsd-51917.png,0.2719645445046386,microwave
test-0124_nsd-56701_laptop.png,0.27187942189928993,laptop
train-2637_nsd-21828_tv.png,0.27181697204326294,tv
train-8855_nsd-65538_chair.png,0.271804194657198,chair
train-4156_nsd-30767_chair.png,0.2715278385160006,chair
train-4254_nsd-32042_sink.png,0.27137122154274174,sink
train-5780_nsd-42681.png,0.2713585199877435,chair
train-1652_nsd-13976_car.png,0.2713204942574141,car
train-7741_nsd-64510_tv.png,0.27131797976245886,tv
train-8865_nsd-65821.png,0.27127384913506764,fork
train-6476_nsd-48194_chair.png,0.2710654173559605,chair
train-7942_nsd-66211_chair.png,0.27103087180149815,chair
train-1548_nsd-13092_chair.png,0.2709466265027922,chair
train-9018_nsd-66618.png,0.2707306370724554,cup
train-6450_nsd-48178.png,0.27043553961818945,cup
train-3824_nsd-31409.png,0.27037826490228156,potted plant
train-3552_nsd-29198_laptop.png,0.2701666232437689,laptop
train-7292_nsd-60392_chair.png,0.26993381596082294,chair
train-6864_nsd-51062_chair.png,0.26974858435029886,chair
train-0093_nsd-00769_oven.png,0.26964381115476566,oven
train-8063_nsd-67225_chair.png,0.26951857989389116,chair
train-9517_nsd-70491_microwave.png,0.26951112903166413,microwave
train-8478_nsd-70459.png,0.2694926995613545,car
train-3128_nsd-23876_potted plant.png,0.2694487309560771,potted plant
train-4256_nsd-31422.png,0.26930719486902854,car
train-5761_nsd-46372.png,0.2692849407722202,cup
train-0281_nsd-02368_oven.png,0.26918268852975913,oven
train-1273_nsd-09793_chair.png,0.26918133285314744,chair
train-6896_nsd-57187.png,0.26917865834349086,chair
train-6626_nsd-49486_oven.png,0.26906141981618165,oven
train-9181_nsd-68013_chair.png,0.26901901555273006,chair
train-2050_nsd-16634_tv.png,0.2689591172175221,tv
train-1121_nsd-08320_car.png,0.2687674182823029,car
train-6000_nsd-44673.png,0.2685467344975414,potted plant
train-7888_nsd-65821.png,0.26845065651034905,fork
train-1064_nsd-08595_tv.png,0.2683159916057329,tv
train-2340_nsd-19906.png,0.26830146359296625,car
train-4789_nsd-35536_chair.png,0.2682447497802835,chair
train-8212_nsd-60932_potted plant.png,0.26809747942199796,potted plant
train-5800_nsd-43075.png,0.2678871828165438,potted plant
train-3158_nsd-25799_potted plant.png,0.2678861360008701,potted plant
train-9001_nsd-72306.png,0.2678807352740405,car
train-0954_nsd-06622_sink.png,0.2678521373919185,sink
train-5749_nsd-47290_chair.png,0.2678192744723758,chair
train-9636_nsd-71478_cup.png,0.2676964526663669,cup
train-6553_nsd-48306.png,0.2676364170750075,chair
train-6382_nsd-47375_chair.png,0.26746444733146957,chair
train-5638_nsd-46010.png,0.26745087138655077,chair
train-4042_nsd-33049_laptop.png,0.2674257886891639,laptop
train-8752_nsd-70354.png,0.2674028054359353,cup
test-0157_nsd-71264_chair.png,0.267396725011117,chair
train-6214_nsd-49835_oven.png,0.2671841901420039,oven
train-6311_nsd-46878_chair.png,0.2671358494017732,chair
train-0136_nsd-01326_chair.png,0.2670454522443283,chair
train-4506_nsd-33774.png,0.266670419126295,car
train-1543_nsd-11835_potted plant.png,0.26652141767773235,potted plant
train-0977_nsd-08592_bottle.png,0.26645790901961036,bottle
train-1174_nsd-08983.png,0.26643627297030864,car
train-4805_nsd-39638.png,0.2664054712598425,car
train-1185_nsd-09587.png,0.2660635011661353,car
train-2852_nsd-23109.png,0.2659155395234327,oven
train-5323_nsd-39731_keyboard.png,0.2656807895304648,keyboard
train-4210_nsd-34386.png,0.2656030538934796,chair
train-3488_nsd-28645.png,0.2655270872315134,cup
train-5800_nsd-42833_chair.png,0.265265434059935,chair
train-4167_nsd-31086_potted plant.png,0.2652189709717062,potted plant
train-5417_nsd-40417_chair.png,0.26514870266777985,chair
train-3474_nsd-25773_bottle.png,0.2651059555583903,bottle
train-8731_nsd-64712.png,0.2648587814213873,cup
train-8486_nsd-62879_chair.png,0.26465932682898075,chair
train-2062_nsd-15539_potted plant.png,0.26452308526493484,potted plant
train-3395_nsd-27838.png,0.2644021169483966,potted plant
train-4204_nsd-31655.png,0.26423270971744417,chair
train-4836_nsd-39947.png,0.2641906285933483,chair
train-3284_nsd-24984_potted plant.png,0.2641083258589128,potted plant
train-3049_nsd-22713.png,0.2640407966152433,car
train-5573_nsd-45945.png,0.2640055913616437,car
train-4435_nsd-32884.png,0.2639789149044713,cup
train-0221_nsd-01923.png,0.2637182024841142,chair
train-3688_nsd-29913_oven.png,0.26366645541458694,oven
train-3779_nsd-30676.png,0.2636236708975822,chair
train-4680_nsd-38600_chair.png,0.26350427904032453,chair
train-4958_nsd-37100_keyboard.png,0.2634048237960887,keyboard
train-6529_nsd-52146.png,0.26261668836517504,bottle
train-1301_nsd-09813.png,0.26252036304197124,car
train-6883_nsd-55433_chair.png,0.26251286769823234,chair
train-3110_nsd-23070.png,0.2623720335029487,car
train-8042_nsd-66665.png,0.26231686945288923,fork
train-3750_nsd-28303.png,0.2622432003302477,chair
train-3567_nsd-27084_chair.png,0.26221244690386636,chair
train-2987_nsd-24591_car.png,0.26216885532952805,car
train-2779_nsd-20777.png,0.262023717729461,cup
train-9820_nsd-72803_potted plant.png,0.26201847492702846,potted plant
train-3685_nsd-27232.png,0.2618963073406712,chair
train-1736_nsd-13030_sink.png,0.2618087992926877,sink
train-6863_nsd-51054_sink.png,0.26168915610410753,sink
train-8527_nsd-63590_tv.png,0.2616000869715335,tv
train-1471_nsd-11815_microwave.png,0.26156217602776044,microwave
train-0715_nsd-06629.png,0.26138655865466964,fork
test-0032_nsd-12495.png,0.2613753884821876,fork
train-4871_nsd-35990_chair.png,0.2613691405290451,chair
train-7255_nsd-54231.png,0.26131317812331883,chair
train-1635_nsd-12272_potted plant.png,0.2612736305098029,potted plant
train-0207_nsd-01628.png,0.2611443092070704,bottle
train-6073_nsd-45129_potted plant.png,0.2610940766928128,potted plant
train-2105_nsd-15712_tv.png,0.26107583401193024,tv
train-7287_nsd-60714_oven.png,0.26086051653062453,oven
train-2037_nsd-16574_chair.png,0.26069593865393575,chair
train-9028_nsd-66656_sink.png,0.260669713725039,sink
train-8565_nsd-63515_fork.png,0.26058013188727774,fork
train-4165_nsd-33989_bottle.png,0.2605418860014191,bottle
train-4752_nsd-38916.png,0.26049567279100705,oven
train-2336_nsd-19855.png,0.260344227929761,car
train-0992_nsd-06884_chair.png,0.26032511605833336,chair
train-0312_nsd-02846_potted plant.png,0.2603240898095025,potted plant
train-8191_nsd-61242_cup.png,0.26019521919506067,cup
train-1097_nsd-08905_sink.png,0.2601836675983576,sink
train-2805_nsd-20855_chair.png,0.2600114904693496,chair
train-1037_nsd-07802.png,0.2598370216344974,cup
train-4234_nsd-31856_chair.png,0.25981283080449963,chair
train-7911_nsd-59106_tv.png,0.2598103421365379,tv
train-5653_nsd-46635.png,0.25980817134979556,cup
train-5057_nsd-37343.png,0.2597844854639423,cup
train-2235_nsd-18129.png,0.2597748535046863,chair
train-9043_nsd-66764_chair.png,0.2597392291019513,chair
test-0104_nsd-53355_microwave.png,0.2596791037919258,microwave
train-7937_nsd-65831_tv.png,0.25959171566453093,tv
train-0422_nsd-03519_sink.png,0.2595614605471595,sink
train-4498_nsd-33738_chair.png,0.259500085057408,chair
train-3134_nsd-23224.png,0.25940958349224924,chair
train-0886_nsd-07210_potted plant.png,0.25940131675852296,potted plant
train-1047_nsd-09066_chair.png,0.2592318211507305,chair
train-2412_nsd-20105.png,0.25919644373466844,chair
train-3944_nsd-32375_sink.png,0.25897910060856877,sink
train-2278_nsd-18417.png,0.2587771043529799,car
train-7644_nsd-56782.png,0.2587495838446112,potted plant
train-4446_nsd-36471_chair.png,0.25866231403548384,chair
train-8792_nsd-65338_sink.png,0.2586331590633024,sink
train-3266_nsd-26731.png,0.2586315019207239,sink
train-3455_nsd-25655.png,0.25853129419363574,chair
train-1275_nsd-10168.png,0.2585178660332585,cup
train-5583_nsd-45862.png,0.25845305034763105,fork
train-2623_nsd-20203_sink.png,0.25837055380405244,sink
train-2333_nsd-19821_chair.png,0.2583364765909953,chair
train-6764_nsd-56090.png,0.25818740953608876,cup
train-7368_nsd-54901_sink.png,0.25798507839424406,sink
train-7396_nsd-59203_potted plant.png,0.2579008827481744,potted plant
train-8161_nsd-67948_potted plant.png,0.25779688900915515,potted plant
train-8816_nsd-65341.png,0.25755307808822986,cup
train-2236_nsd-18685_chair.png,0.25752527102890066,chair
train-6749_nsd-55969_sink.png,0.2572873347805706,sink
train-4909_nsd-36315.png,0.2571803129019364,fork
train-5849_nsd-47590_chair.png,0.2570486441157892,chair
train-7094_nsd-58793_potted plant.png,0.25700342355144434,potted plant
train-7463_nsd-55608.png,0.2568805511597799,car
train-6532_nsd-48157_potted plant.png,0.2568440462518202,potted plant
train-4502_nsd-36967.png,0.2567155703520535,potted plant
train-8608_nsd-71584.png,0.2566935569765236,chair
train-9204_nsd-68026.png,0.25667422284496255,chair
train-5297_nsd-43267.png,0.256614802702589,potted plant
train-7607_nsd-56552_laptop.png,0.25618204723703264,laptop
train-1871_nsd-13398_sink.png,0.256107972414675,sink
train-3949_nsd-29763_oven.png,0.25608367362352896,oven
train-3335_nsd-25295_microwave.png,0.25602921434863984,microwave
train-8670_nsd-69769.png,0.2560069733121955,oven
train-2963_nsd-22802_chair.png,0.25584146534341373,chair
train-7346_nsd-54910.png,0.2557981974513332,oven
train-2950_nsd-24298.png,0.25576763265134017,car
train-6474_nsd-48157_potted plant.png,0.2557265507953112,potted plant
train-5191_nsd-38794.png,0.25563776765042645,fork
train-8044_nsd-64767_potted plant.png,0.2556315179099683,potted plant
train-7897_nsd-58332.png,0.255601051040641,car
train-5277_nsd-39031.png,0.2555904472244626,tv
train-0614_nsd-04777_tv.png,0.25554227934507767,tv
train-4770_nsd-35561_potted plant.png,0.25539367958202114,potted plant
train-1655_nsd-13415_potted plant.png,0.2553850988823597,potted plant
train-2463_nsd-19027_chair.png,0.2553194411983081,chair
train-5198_nsd-41958.png,0.25516500750465826,chair
train-1977_nsd-16105.png,0.25512945648174346,car
train-3014_nsd-22353_bottle.png,0.2551045851632377,bottle
train-0832_nsd-06508_tv.png,0.25506773154985424,tv
train-0006_nsd-00058_tv.png,0.2548097152596181,tv
train-1525_nsd-10993_sink.png,0.25480476286276066,sink
train-5930_nsd-48157_potted plant.png,0.25478537504886556,potted plant
train-6202_nsd-51263_chair.png,0.25458108173110133,chair
train-4563_nsd-33850.png,0.2545184739392549,car
train-1121_nsd-09049_chair.png,0.25451559172206417,chair
train-5220_nsd-38831.png,0.2544898344450335,potted plant
train-4692_nsd-35023_chair.png,0.2544531217896447,chair
train-6197_nsd-51209.png,0.2542919258093012,chair
train-4908_nsd-36314_keyboard.png,0.2542623090526119,keyboard
train-6993_nsd-52342_sink.png,0.2542296086040584,sink
train-2224_nsd-18902_potted plant.png,0.2542249784471489,potted plant
train-8504_nsd-63088_chair.png,0.2541202155956457,chair
train-0569_nsd-04612_oven.png,0.2540842221486076,oven
train-3520_nsd-26080.png,0.2537899437717099,car
train-9668_nsd-71715_bottle.png,0.25362671977165235,bottle
train-0166_nsd-01364_laptop.png,0.25359549467405645,laptop
train-4774_nsd-39365_chair.png,0.2535493973804994,chair
train-6081_nsd-49335_potted plant.png,0.2535435898539363,potted plant
train-0512_nsd-04173.png,0.2534655651941566,car
train-2993_nsd-24677_sink.png,0.25335313018903743,sink
train-7747_nsd-57459_oven.png,0.2530926895773024,oven
train-4437_nsd-36411_potted plant.png,0.2529397190482663,potted plant
train-5850_nsd-43612.png,0.25279653642653505,car
train-0508_nsd-04612_oven.png,0.2527859517296922,oven
train-8725_nsd-70182_cup.png,0.25276225090114396,cup
train-8872_nsd-65675_chair.png,0.2527167363191104,chair
train-3119_nsd-25533_stop sign.png,0.2524540516923633,stop sign
train-3801_nsd-31123_potted plant.png,0.252344327316182,potted plant
train-2149_nsd-18260.png,0.2521834843553259,potted plant
train-0035_nsd-00332.png,0.2521293752644526,tv
train-0998_nsd-07494_potted plant.png,0.25195859854163144,potted plant
train-1267_nsd-10643_chair.png,0.2518787776718136,chair
train-0841_nsd-06861.png,0.25177204599280084,car
train-3163_nsd-25931_chair.png,0.25176997889202546,chair
train-2693_nsd-20777.png,0.2517592824144791,cup
train-0872_nsd-06744.png,0.2516680974121904,oven
train-5676_nsd-46804.png,0.25157184591833565,fork
train-4211_nsd-31123_potted plant.png,0.2515609430991842,potted plant
train-2594_nsd-21495_potted plant.png,0.2512841764895546,potted plant
train-3139_nsd-23194_microwave.png,0.25127179266706884,microwave
train-0399_nsd-03321_potted plant.png,0.2512550220467236,potted plant
train-4033_nsd-30021_potted plant.png,0.2512114796970328,potted plant
train-8830_nsd-70875_chair.png,0.25107770341359076,chair
train-9698_nsd-71847_chair.png,0.25107668091874824,chair
train-8489_nsd-68332.png,0.25097619925913234,car
train-2734_nsd-22599_bottle.png,0.2509320492477365,bottle
test-0112_nsd-19484.png,0.25076182856965573,potted plant
train-2541_nsd-21020_bottle.png,0.2506188079337004,bottle
test-0339_nsd-61050.png,0.25056772151226414,fork
train-1170_nsd-10065_chair.png,0.25054973259482394,chair
train-9710_nsd-71929.png,0.25044952053769537,car
train-4220_nsd-31123_potted plant.png,0.2503213490212595,potted plant
train-8172_nsd-60669.png,0.2503043166349685,fork
train-6644_nsd-55091_cup.png,0.24994299362007247,cup
train-8677_nsd-64382.png,0.24992093329344386,cup
train-8415_nsd-67680_oven.png,0.24988624119436142,oven
train-7644_nsd-56999_potted plant.png,0.24988485146764597,potted plant
train-5239_nsd-42851_potted plant.png,0.24986559625398888,potted plant
train-7137_nsd-53422_bottle.png,0.249834477132135,bottle
train-1157_nsd-09398_microwave.png,0.24982063721058917,microwave
train-1930_nsd-15595_tv.png,0.24978396581644732,tv
train-8871_nsd-65673_bottle.png,0.24977891914274045,bottle
train-9032_nsd-72563_tv.png,0.2497429753864519,tv
train-1228_nsd-09149_chair.png,0.24972567607588475,chair
test-0002_nsd-01998.png,0.24938052505508027,car
train-2337_nsd-18034.png,0.24926044476154036,cup
train-6787_nsd-54119_car.png,0.2492184464727747,car
train-7652_nsd-56588.png,0.24913144476769689,cup
train-7929_nsd-58548_tv.png,0.24877847251978394,tv
train-4338_nsd-32152_sink.png,0.24863277200459116,sink
train-3442_nsd-27944_microwave.png,0.24856874537087162,microwave
train-0839_nsd-07649.png,0.24850739579120093,oven
train-2944_nsd-21818_chair.png,0.24840148261229414,chair
train-5753_nsd-42477.png,0.2483893870839016,chair
train-7346_nsd-54268_oven.png,0.24838635248479288,oven
train-7126_nsd-59338_cup.png,0.24827682676780713,cup
train-7339_nsd-61057.png,0.24810933259989293,tv
train-5664_nsd-46158_chair.png,0.2478293663561545,chair
train-4463_nsd-33449_microwave.png,0.24782210782393582,microwave
train-7761_nsd-57566_keyboard.png,0.24769443150513804,keyboard
train-6653_nsd-55040.png,0.247515146578527,oven
train-6301_nsd-46939.png,0.24751151316558365,laptop
train-2729_nsd-22150.png,0.24737810181801362,chair
train-7563_nsd-63021_chair.png,0.24737599042462438,chair
train-5215_nsd-38794.png,0.2472664538302474,fork
train-6702_nsd-49304_oven.png,0.2471348235277257,oven
train-2893_nsd-22303_bottle.png,0.24712930264559232,bottle
test-0044_nsd-12377.png,0.24695335505753768,chair
train-4520_nsd-37126_potted plant.png,0.24670687185386206,potted plant
train-2832_nsd-22974_oven.png,0.2462824487352419,oven
train-6277_nsd-46303.png,0.24618850958631597,cup
train-1307_nsd-10442_car.png,0.24617862602907786,car
train-5225_nsd-42211_cup.png,0.2461058114616804,cup
train-5370_nsd-40060_tv.png,0.24596499014997328,tv
train-3163_nsd-25906_microwave.png,0.24593708576069193,microwave
train-2999_nsd-22259_potted plant.png,0.24590879463143886,potted plant
train-7610_nsd-62970_bottle.png,0.24580593107234727,bottle
train-2028_nsd-17139_bottle.png,0.24574421085921724,bottle
train-5895_nsd-43971_microwave.png,0.245670277301393,microwave
train-3094_nsd-22871_chair.png,0.24559267289862022,chair
train-8864_nsd-65762.png,0.24549150041776116,potted plant
train-6963_nsd-51869.png,0.24545541894491268,toilet
train-6027_nsd-49889_tv.png,0.24536132218710835,tv
train-5300_nsd-42761.png,0.24528863689347571,cup
train-7814_nsd-57957_chair.png,0.24526359004701945,chair
train-1921_nsd-14346_bottle.png,0.24512211826765598,bottle
train-3115_nsd-23170_tv.png,0.24508585236535027,tv
train-8393_nsd-62561_tv.png,0.2450333814596459,tv
train-1054_nsd-07389_chair.png,0.24491704178791607,chair
train-8833_nsd-70898_bottle.png,0.2448963699539711,bottle
train-5906_nsd-44033_oven.png,0.24484516230175568,oven
train-1753_nsd-14851.png,0.24458774256762106,tv
train-2042_nsd-17252_potted plant.png,0.24447808142351632,potted plant
train-1862_nsd-15094_oven.png,0.24434907431247732,oven
train-8766_nsd-64977.png,0.24433664102898214,car
train-6392_nsd-51721_sink.png,0.24427276275566562,sink
train-6263_nsd-50736_microwave.png,0.2441578540486574,microwave
train-8011_nsd-59389_chair.png,0.2439629990733757,chair
train-4529_nsd-33535_tv.png,0.24396281388478105,tv
train-1624_nsd-13122_potted plant.png,0.24395671824888043,potted plant
train-0003_nsd-00018_laptop.png,0.24388951536152936,laptop
train-5394_nsd-39926_keyboard.png,0.24371290186685948,keyboard
train-9587_nsd-71137_sink.png,0.24371270728106592,sink
train-4822_nsd-39871.png,0.2436990898258023,car
train-5229_nsd-39090_car.png,0.24366957007069487,car
train-0084_nsd-00683_tv.png,0.24359256817124392,tv
train-5592_nsd-46183.png,0.24349946968266611,cup
train-8561_nsd-68939_sink.png,0.24341909651065968,sink
train-7218_nsd-53618_bottle.png,0.2430496883526671,bottle
train-3968_nsd-32442_car.png,0.24300578410389015,car
train-5061_nsd-40935_mouse.png,0.2427655771407795,mouse
train-0647_nsd-05036_oven.png,0.2426324627155023,oven
train-8157_nsd-60992_tv.png,0.24262096168123531,tv
train-4241_nsd-31357.png,0.24256699184122923,car
train-7891_nsd-58669_car.png,0.24255585104235344,car
train-1879_nsd-14233.png,0.24240942964761872,car
train-6721_nsd-53563_laptop.png,0.24236722160818908,laptop
train-7737_nsd-57726_tv.png,0.2422655712520277,tv
train-6480_nsd-51826_tv.png,0.24220382950222694,tv
train-0270_nsd-02246_potted plant.png,0.24219256309459664,potted plant
train-8347_nsd-69446.png,0.24215234790471055,car
train-3991_nsd-29495_tv.png,0.24205901312542163,tv
train-2762_nsd-20692_tv.png,0.2420198855193501,tv
train-9654_nsd-71622_microwave.png,0.2420103381090683,microwave
train-4687_nsd-38384_tv.png,0.24199956599445976,tv
train-8348_nsd-61898_tv.png,0.2417079532513276,tv
train-2201_nsd-15906_bottle.png,0.241544981246445,bottle
test-0086_nsd-16057.png,0.2414628850403512,tv
train-2363_nsd-17549_tv.png,0.2413899639838341,tv
train-4995_nsd-37290_tv.png,0.24130074902009954,tv
train-2115_nsd-15226_potted plant.png,0.24128071007353993,potted plant
train-6273_nsd-46761.png,0.24124353616604766,potted plant
train-0167_nsd-01439_cup.png,0.24120452523897143,cup
train-6657_nsd-53773_tv.png,0.2411119763053978,tv
train-7195_nsd-59601_car.png,0.24087170261445418,car
train-2617_nsd-20178.png,0.24080770626269574,toilet
train-4633_nsd-34459_chair.png,0.24075929916946714,chair
train-4141_nsd-30636_tv.png,0.24072784460653443,tv
train-7316_nsd-58672_car.png,0.24072392107344312,car
train-6955_nsd-57771.png,0.24067563230680752,fork
train-1053_nsd-09145.png,0.24060448023827588,chair
train-8893_nsd-65854.png,0.24060332035535162,chair
train-9745_nsd-72160_sink.png,0.2403919808313691,sink
train-6326_nsd-46931.png,0.2403625097647529,chair
train-5240_nsd-38750_tv.png,0.24035973353164122,tv
train-0532_nsd-04313_tv.png,0.24023153741544634,tv
train-6013_nsd-49662.png,0.23998276533264448,chair
train-2714_nsd-22205_bottle.png,0.23996362238496308,bottle
train-0873_nsd-06770_chair.png,0.23989693691768027,chair
train-6336_nsd-51293.png,0.23987707250107504,toilet
train-7795_nsd-57601_toilet.png,0.2398613861682077,toilet
train-1855_nsd-14275.png,0.23985885101753507,fork
train-5428_nsd-44336_sink.png,0.23984153804359215,sink
train-9351_nsd-69199.png,0.23983217506265392,fork
train-6146_nsd-49837.png,0.2397967718675933,chair
train-0116_nsd-00989_chair.png,0.23979464916579538,chair
train-3268_nsd-24194_tv.png,0.23966810369209474,tv
train-2885_nsd-23969_bottle.png,0.2393809581947351,bottle
train-0474_nsd-03847.png,0.2393239852976892,toilet
train-3662_nsd-29659_potted plant.png,0.239069526229548,potted plant
train-0850_nsd-06600.png,0.23906111531859817,chair
train-4036_nsd-32625_oven.png,0.23893210922616065,oven
train-0223_nsd-01774_tv.png,0.2387193623508008,tv
train-7064_nsd-52878_bottle.png,0.2387045394419774,bottle
train-7780_nsd-62447.png,0.23866459307943783,car
train-7296_nsd-53907_chair.png,0.2384649303899963,chair
train-4357_nsd-32247.png,0.2381144823932426,toilet
train-6730_nsd-49497.png,0.2380856448314521,car
train-4413_nsd-33093_fork.png,0.23808554260366896,fork
train-5976_nsd-47993_sink.png,0.23803152719238937,sink
train-5529_nsd-40935_mouse.png,0.2380088854025692,mouse
train-1976_nsd-16056.png,0.23796458833482903,cup
train-6197_nsd-46269.png,0.2378594270424376,car
train-2649_nsd-22186_cup.png,0.2377661978136365,cup
train-1709_nsd-13754_oven.png,0.23775154213065228,oven
train-7549_nsd-62872_laptop.png,0.23771599705213833,laptop
train-8986_nsd-66620_sink.png,0.23770945227863255,sink
train-0874_nsd-07501.png,0.23761036634442198,fork
train-6228_nsd-49946_chair.png,0.2375208170706465,chair
train-6643_nsd-52985.png,0.23749355530797026,car
train-5795_nsd-42791.png,0.23742848976887485,car
train-2480_nsd-20278_toilet.png,0.23742218397627904,toilet
train-2344_nsd-17088.png,0.23727269386365665,oven
train-1731_nsd-14593.png,0.23726903860855353,sink
train-3677_nsd-27326.png,0.23722885729575308,car
train-4347_nsd-32176_sink.png,0.23711185357457792,sink
train-6712_nsd-55672.png,0.23682914658640036,car
train-2257_nsd-18863_sink.png,0.23680237766371007,sink
train-5568_nsd-41565.png,0.23679184178422857,cup
train-3390_nsd-25284.png,0.23676264272200237,car
train-4398_nsd-32625_oven.png,0.23667824600944531,oven
train-6451_nsd-52180_car.png,0.23663788547390585,car
train-2122_nsd-15293.png,0.23661734554518282,oven
train-1139_nsd-08010_sink.png,0.2365557672196089,sink
train-5527_nsd-45434.png,0.23643847565865633,tv
train-0442_nsd-03663_microwave.png,0.23640964796048103,microwave
train-5702_nsd-45932_potted plant.png,0.23639740627994,potted plant
test-0192_nsd-50085.png,0.23622762490158675,fork
train-6328_nsd-51244_laptop.png,0.23614090452400402,laptop
train-7788_nsd-64506.png,0.23603040605885883,laptop
train-9260_nsd-68417.png,0.23581424938836196,laptop
train-1992_nsd-14327_cup.png,0.23581352855001805,cup
train-1032_nsd-07890_stop sign.png,0.2357507855725359,stop sign
train-8182_nsd-61181_bottle.png,0.2356951371628151,bottle
train-2944_nsd-21872_sink.png,0.235679644427939,sink
train-3432_nsd-26048_sink.png,0.23558057242520775,sink
train-8239_nsd-61115_sink.png,0.23556797310258207,sink
train-6964_nsd-51257_sink.png,0.23549700479760274,sink
train-3811_nsd-28303.png,0.23545427007103367,chair
train-4586_nsd-34290.png,0.23532289829515715,laptop
train-1422_nsd-11513_sink.png,0.23530093098728935,sink
test-0313_nsd-58101_potted plant.png,0.23513992042208187,potted plant
train-1052_nsd-07383.png,0.23505038177367898,car
train-0824_nsd-06683_sink.png,0.23499715635448074,sink
train-8546_nsd-68805_clock.png,0.2348940969672191,clock
train-4014_nsd-32815_car.png,0.2348503562470188,car
train-6668_nsd-53868_sink.png,0.23481102020584863,sink
train-0889_nsd-07266_car.png,0.2347940716885607,car
train-8376_nsd-69582_stop sign.png,0.23469102314945078,stop sign
train-5588_nsd-45914_oven.png,0.23467944393123577,oven
train-5089_nsd-37889_bottle.png,0.23465564049301765,bottle
train-3934_nsd-32185_sink.png,0.2346086751928999,sink
train-6855_nsd-51111_sink.png,0.23446232165119807,sink
train-5040_nsd-40754.png,0.23439041681994238,tv
train-7508_nsd-55569.png,0.23432796924378974,oven
train-3384_nsd-27739_oven.png,0.23418215623537697,oven
train-8134_nsd-60275_cup.png,0.23415548396729344,cup
train-6618_nsd-54772_tv.png,0.23402764581471255,tv
train-8732_nsd-64895_car.png,0.23398003453437913,car
train-2707_nsd-20195_sink.png,0.2338983228260586,sink
train-6250_nsd-46372.png,0.23379136709316342,cup
train-3438_nsd-25556_laptop.png,0.23373342849260456,laptop
train-0678_nsd-05187_microwave.png,0.23368946000161023,microwave
train-7712_nsd-57514_microwave.png,0.23368864564314182,microwave
train-0988_nsd-06852.png,0.2336810363300518,stop sign
train-0848_nsd-06587_sink.png,0.2336387519367867,sink
train-5773_nsd-46460_chair.png,0.23359286397572357,chair
train-5633_nsd-42085_chair.png,0.23353810120445612,chair
train-5598_nsd-45129_potted plant.png,0.23352059866948657,potted plant
train-2724_nsd-22240_sink.png,0.2334968525573277,sink
train-1042_nsd-07955_oven.png,0.2333245023640401,oven
train-1437_nsd-12111.png,0.2332622296510071,stop sign
train-1805_nsd-14575.png,0.23323970693146814,car
train-5417_nsd-40417_potted plant.png,0.23301105173756761,potted plant
train-2092_nsd-16084_bottle.png,0.2329816246086409,bottle
train-8769_nsd-70596_sink.png,0.23297495912334587,sink
train-1055_nsd-09153_potted plant.png,0.23285943632865302,potted plant
train-8163_nsd-60463.png,0.2327872320427473,chair
train-9207_nsd-68049.png,0.2327374770790986,car
train-4537_nsd-37358_potted plant.png,0.23270079866436083,potted plant
train-3874_nsd-31793_sink.png,0.23267357859371948,sink
train-3652_nsd-29898_sink.png,0.23266103647482883,sink
train-1372_nsd-11140_potted plant.png,0.23264627837664636,potted plant
train-1564_nsd-11268_sink.png,0.2326092798030236,sink
train-7741_nsd-57190_microwave.png,0.23260822390596228,microwave
train-8688_nsd-69868.png,0.23257285739050176,fork
train-8762_nsd-70411_potted plant.png,0.2325319025193353,potted plant
train-3890_nsd-31761_potted plant.png,0.23252498328123256,potted plant
train-6647_nsd-55123_microwave.png,0.23242975693719764,microwave
train-2084_nsd-17570_sink.png,0.23235027121170762,sink
train-3752_nsd-27759_potted plant.png,0.2322575782301745,potted plant
train-4081_nsd-33419_bottle.png,0.23219294466053683,bottle
train-5201_nsd-42851_potted plant.png,0.23209455203693694,potted plant
test-0099_nsd-18302.png,0.23208755226301048,tv
train-3929_nsd-32232.png,0.23200262088035511,chair
train-7668_nsd-57219_car.png,0.23198843294502344,car
train-8249_nsd-68453_potted plant.png,0.231986283685151,potted plant
train-6606_nsd-53413.png,0.23197947795375104,potted plant
train-7382_nsd-61476_potted plant.png,0.23194664984260344,potted plant
train-0992_nsd-08739_potted plant.png,0.23193239682618808,potted plant
train-2933_nsd-24344_laptop.png,0.23178355670440232,laptop
train-6288_nsd-50948_potted plant.png,0.23176956754998354,potted plant
train-5601_nsd-41563_chair.png,0.23176829776208158,chair
train-9006_nsd-72403_potted plant.png,0.23170096449547853,potted plant
train-5419_nsd-40337.png,0.2314752962795668,car
train-2542_nsd-18616_laptop.png,0.23138032269318698,laptop
train-4437_nsd-36470_oven.png,0.2313081190419604,oven
train-6204_nsd-46312_potted plant.png,0.23120178860477236,potted plant
train-4580_nsd-33948_potted plant.png,0.23115436206872014,potted plant
train-4119_nsd-31060_laptop.png,0.23105071269878547,laptop
train-6220_nsd-46200.png,0.2310433496645816,car
train-1660_nsd-12750_sink.png,0.2310380003024232,sink
train-5767_nsd-42823_car.png,0.23103618640816498,car
train-2766_nsd-20580_potted plant.png,0.23091920877769564,potted plant
train-0699_nsd-05312_sink.png,0.23087324498772513,sink
train-6591_nsd-54534.png,0.2308697603283472,potted plant
train-3844_nsd-31173_potted plant.png,0.23085743893735391,potted plant
train-9334_nsd-69090.png,0.23074188234645043,potted plant
train-2740_nsd-22378_microwave.png,0.23071034612682298,microwave
train-4146_nsd-34021_oven.png,0.23069730201833247,oven
train-4706_nsd-34786.png,0.23069347931869805,potted plant
train-0883_nsd-07203.png,0.23059064011469516,potted plant
train-3069_nsd-22751_bottle.png,0.230572204227331,bottle
train-2639_nsd-19642.png,0.23050535820161125,bottle
train-4450_nsd-32963.png,0.23047329336333439,oven
train-5620_nsd-45908_potted plant.png,0.23038806523913147,potted plant
train-8687_nsd-64473.png,0.2300924353047799,chair
train-5238_nsd-43141_car.png,0.23005142394175507,car
train-2561_nsd-21214_sink.png,0.23001659965329163,sink
train-0838_nsd-06254_potted plant.png,0.22987684004531309,potted plant
train-3112_nsd-22985_tv.png,0.22987529421918795,tv
train-2761_nsd-22812_oven.png,0.22987043698494034,oven
train-5359_nsd-39571_chair.png,0.2298393799338252,chair
train-0401_nsd-03373_potted plant.png,0.2297572589256753,potted plant
train-5696_nsd-45896_bottle.png,0.2296439309820849,bottle
train-7829_nsd-62812.png,0.22961102077168027,cup
train-0593_nsd-04635.png,0.22960032484131282,potted plant
train-4340_nsd-32158_tv.png,0.22944954514516744,tv
train-4627_nsd-37433_potted plant.png,0.22944850224348148,potted plant
train-8686_nsd-69854.png,0.22932443408504205,car
train-2252_nsd-16358_sink.png,0.22929330648754478,sink
train-6662_nsd-53114_oven.png,0.22922559103377274,oven
train-3099_nsd-25432.png,0.22918898057170725,potted plant
test-0096_nsd-17632_potted plant.png,0.2291125962644737,potted plant
train-6802_nsd-54830_cup.png,0.2290742716759439,cup
train-7418_nsd-55138_oven.png,0.22895052204720234,oven
train-2099_nsd-15628.png,0.22883954004359544,potted plant
train-5822_nsd-48102_bottle.png,0.22883672069902633,bottle
train-7342_nsd-61092_oven.png,0.22880327582381055,oven
train-5694_nsd-42224_bottle.png,0.2287166324358448,bottle
train-5304_nsd-42793_chair.png,0.22865221389789778,chair
train-1461_nsd-11036_oven.png,0.22853800881388522,oven
train-4428_nsd-35981_potted plant.png,0.2284202151911514,potted plant
train-3662_nsd-29659_cup.png,0.22838087431650878,cup
train-8238_nsd-68370_oven.png,0.22829858592860836,oven
train-4589_nsd-34304_keyboard.png,0.22822081810223813,keyboard
train-7098_nsd-52715.png,0.2281305841991282,car
train-2072_nsd-17470_potted plant.png,0.22806605069415328,potted plant
train-8894_nsd-65837_oven.png,0.22802709083325515,oven
train-0803_nsd-06487_tv.png,0.22792128497461706,tv
train-6730_nsd-49975_keyboard.png,0.2279204105693096,keyboard
train-4809_nsd-38912.png,0.22787635502825637,car
train-8004_nsd-59348.png,0.22784045134262224,oven
train-8193_nsd-67932.png,0.22772555812446568,oven
train-4486_nsd-36399_potted plant.png,0.22768492934748508,potted plant
train-0529_nsd-04515_sink.png,0.22763381959875725,sink
train-6178_nsd-51062_laptop.png,0.22739461599245928,laptop
train-6770_nsd-50443_chair.png,0.2273225369625452,chair
train-7377_nsd-61155.png,0.22724127911961944,car
train-2761_nsd-22812_sink.png,0.22717307973371154,sink
train-7517_nsd-62241.png,0.22716742352631647,oven
train-2494_nsd-20384.png,0.22704778977690762,cup
train-5449_nsd-40568.png,0.2269944043401854,bottle
train-8206_nsd-60866_oven.png,0.2269698601846395,oven
train-1010_nsd-07750.png,0.22696141667608885,chair
train-0254_nsd-02316_potted plant.png,0.2269113137284667,potted plant
train-3056_nsd-25180.png,0.2269023133697269,sink
train-4851_nsd-39197.png,0.22685832289428537,oven
train-2735_nsd-22206_oven.png,0.22683911720638703,oven
train-8162_nsd-65686.png,0.2268300651205995,oven
train-4677_nsd-38573_oven.png,0.22678149239463022,oven
train-6594_nsd-52658_chair.png,0.22672846660704246,chair
train-6261_nsd-50133_oven.png,0.22659487183004792,oven
train-6266_nsd-46510_oven.png,0.22654520456553734,oven
train-0169_nsd-01408_tv.png,0.22650745882076098,tv
train-7591_nsd-56460_oven.png,0.22640835097556775,oven
train-7473_nsd-55254_car.png,0.22635943668080236,car
train-1097_nsd-08905_oven.png,0.22631776744587176,oven
train-4470_nsd-33190_chair.png,0.22631057098402896,chair
train-1878_nsd-15813.png,0.22628102684558107,oven
train-2115_nsd-17100.png,0.22622392766007482,potted plant
train-6136_nsd-45203_chair.png,0.22620884855898904,chair
train-6682_nsd-49708_potted plant.png,0.2261615590824875,potted plant
train-6446_nsd-47888_mouse.png,0.22606564661018827,mouse
train-2761_nsd-22812_microwave.png,0.22592711638093566,microwave
train-2998_nsd-22248_chair.png,0.22588101989350864,chair
train-4443_nsd-36067_car.png,0.22575329724461274,car
train-7812_nsd-58034_car.png,0.22573448800991705,car
train-5493_nsd-40935_mouse.png,0.22571821358122585,mouse
train-7851_nsd-57940_chair.png,0.22570929774347642,chair
train-3715_nsd-27632.png,0.22561324697732327,car
train-7384_nsd-55006_tv.png,0.2256093378810932,tv
train-6557_nsd-48325_car.png,0.22558537960620562,car
train-8596_nsd-63659_keyboard.png,0.22527068139181736,keyboard
train-8872_nsd-65821.png,0.22522613474554068,fork
train-6355_nsd-51423_oven.png,0.2252048634238867,oven
train-4999_nsd-37262_tv.png,0.22506494642900515,tv
train-4878_nsd-36067_car.png,0.22497437981469112,car
train-6826_nsd-56601_microwave.png,0.22497362227140089,microwave
train-7709_nsd-57215.png,0.22496542234065373,fork
train-0063_nsd-00459_microwave.png,0.22490078598384453,microwave
train-9398_nsd-69603_oven.png,0.22486163703592468,oven
train-1228_nsd-09916.png,0.2246101090846841,chair
train-8571_nsd-68968_laptop.png,0.2245625533405972,laptop
train-2668_nsd-22322.png,0.22444287483706346,chair
train-6518_nsd-52071_mouse.png,0.2243088094280176,mouse
train-5879_nsd-48594_oven.png,0.22425097683506845,oven
test-0123_nsd-55489_oven.png,0.22421556249983876,oven
train-5554_nsd-45404.png,0.22419778769334237,cup
train-7472_nsd-55805.png,0.2241969025891305,fork
train-7459_nsd-55150_tv.png,0.22418980709208236,tv
train-1733_nsd-13020_oven.png,0.22412481432242942,oven
train-9836_nsd-72948_laptop.png,0.2240522954046814,laptop
train-3332_nsd-24794_oven.png,0.2239125062769553,oven
train-3330_nsd-25273.png,0.22375038831955907,car
train-7425_nsd-59591_chair.png,0.22366343834841104,chair
train-4097_nsd-30563.png,0.22350797349158424,cup
train-8658_nsd-69628_oven.png,0.22349831224667,oven
train-3985_nsd-29493.png,0.22344966384328893,car
train-9653_nsd-71466_tv.png,0.22340130846573433,tv
train-0460_nsd-03807_oven.png,0.22338070398636278,oven
train-7387_nsd-61245.png,0.2231898353205955,car
train-5036_nsd-41529_bottle.png,0.22317834020439783,bottle
train-5035_nsd-37213_keyboard.png,0.22312488927185226,keyboard
train-4828_nsd-39030_chair.png,0.22292953346387262,chair
train-6284_nsd-50903.png,0.22292286813456894,laptop
train-0326_nsd-02771_bottle.png,0.22291673919469426,bottle
train-3736_nsd-30579.png,0.22283395159516178,bottle
train-2818_nsd-23241_laptop.png,0.22278387614734677,laptop
train-7583_nsd-56415.png,0.22276738876954766,cup
train-7406_nsd-55341.png,0.22275227254166552,fork
train-7255_nsd-58197.png,0.22272289189223557,fork
train-9410_nsd-69676_chair.png,0.22265212920740154,chair
train-8456_nsd-62609_tv.png,0.22264845689724577,tv
train-6081_nsd-50306.png,0.22263981751818998,car
train-2236_nsd-18685_tv.png,0.22258006328677848,tv
train-3417_nsd-25251_oven.png,0.2225390283199215,oven
train-6885_nsd-55452_oven.png,0.2225115810867503,oven
train-8710_nsd-70027.png,0.2224443369058953,car
train-4696_nsd-35006_laptop.png,0.22222130982705368,laptop
train-2205_nsd-18382_microwave.png,0.22219000638057054,microwave
train-6091_nsd-45610_chair.png,0.22198063940093785,chair
train-0970_nsd-08552.png,0.22193932076757708,car
train-1397_nsd-11108_bottle.png,0.2218593169213301,bottle
train-6096_nsd-45310_laptop.png,0.2218325111560066,laptop
train-7343_nsd-61096.png,0.2217840083951247,car
train-6880_nsd-56825.png,0.22177258628649124,laptop
train-5202_nsd-42831.png,0.2217667131722491,fork
train-6629_nsd-54855_microwave.png,0.22174678545874307,microwave
train-0879_nsd-06193_chair.png,0.2217432403848778,chair
train-6578_nsd-48868.png,0.22174138654474182,car
train-8510_nsd-63047_chair.png,0.22168810117721596,chair
train-4302_nsd-34947_chair.png,0.22167400746404883,chair
train-3144_nsd-23241_laptop.png,0.22144145210499164,laptop
train-0065_nsd-00550_mouse.png,0.22137924237381656,mouse
train-5875_nsd-47256.png,0.22134990239034022,cup
train-4798_nsd-35412_laptop.png,0.22130442750957927,laptop
train-2490_nsd-19229_sink.png,0.22124772869760082,sink
train-6994_nsd-52055.png,0.2210145809975684,car
train-7543_nsd-60550_microwave.png,0.22101139992276955,microwave
train-0534_nsd-04278.png,0.22097524893907905,stop sign
train-6261_nsd-46220.png,0.2209252748065843,sink
train-9190_nsd-68176_microwave.png,0.22085792995026324,microwave
train-6091_nsd-44938_microwave.png,0.22084263696083942,microwave
train-9234_nsd-68258_laptop.png,0.22082733309811262,laptop
train-9374_nsd-69391_potted plant.png,0.22077869061742827,potted plant
train-6432_nsd-47745_sink.png,0.22077084869536315,sink
train-0048_nsd-00353_cup.png,0.2206050519490415,cup
train-1776_nsd-13312_chair.png,0.22058968648949862,chair
train-4860_nsd-39235.png,0.2205224480611216,potted plant
train-7310_nsd-54490_tv.png,0.22050896436470901,tv
train-7795_nsd-57813_keyboard.png,0.22047067072645007,keyboard
train-6386_nsd-47396_laptop.png,0.220450944237495,laptop
train-2087_nsd-16861.png,0.22031143564800326,microwave
train-9389_nsd-69748.png,0.22029080724416905,car
train-2766_nsd-20706_car.png,0.22028262536061222,car
train-6144_nsd-45950_microwave.png,0.2202378510993623,microwave
train-6634_nsd-52923_microwave.png,0.220231144284892,microwave
train-4624_nsd-38120.png,0.22016550485248568,oven
train-0951_nsd-06613_chair.png,0.2200835920752745,chair
train-3996_nsd-32656.png,0.22007018872429637,fork
train-7497_nsd-55969_sink.png,0.2196547913730548,sink
train-4680_nsd-38347_bottle.png,0.2195757895786114,bottle
train-3071_nsd-25313.png,0.2195518577716326,cup
train-4923_nsd-40583_keyboard.png,0.219485949224356,keyboard
train-6574_nsd-54387_cup.png,0.21944034035109566,cup
train-6919_nsd-57080_chair.png,0.2193725569700034,chair
train-3816_nsd-31236.png,0.21934467246793077,car
train-3632_nsd-29749_potted plant.png,0.2193436531786749,potted plant
train-2373_nsd-20085_fork.png,0.21932708879416843,fork
train-7773_nsd-64820_bottle.png,0.21932406514348082,bottle
train-3400_nsd-25101_microwave.png,0.219254039158066,microwave
train-4705_nsd-38794.png,0.21920860637129908,fork
train-5520_nsd-41116.png,0.21920505807460913,laptop
train-2993_nsd-22963_laptop.png,0.21907773635357028,laptop
train-5559_nsd-41506_laptop.png,0.21899657626048652,laptop
train-8430_nsd-67766_oven.png,0.21892489480513797,oven
train-5091_nsd-37697_laptop.png,0.21891119190929417,laptop
train-5192_nsd-38396_laptop.png,0.21891088140893464,laptop
train-8431_nsd-62411.png,0.2188823440490244,car
train-2733_nsd-20176_keyboard.png,0.21883225707560616,keyboard
train-1217_nsd-10272_potted plant.png,0.21877926616260618,potted plant
train-4832_nsd-36042_oven.png,0.21877880566932595,oven
train-0781_nsd-06156.png,0.21876112894690125,laptop
train-0578_nsd-04612_oven.png,0.21867933891072608,oven
train-5273_nsd-38996.png,0.21866301295489624,fork
train-5221_nsd-42715_laptop.png,0.21865160091503316,laptop
train-6350_nsd-52649_chair.png,0.21862056367075,chair
train-8158_nsd-60997_potted plant.png,0.21858733587477822,potted plant
train-8303_nsd-69099_sink.png,0.21853477148787792,sink
train-4209_nsd-31113_chair.png,0.21852130508475887,chair
train-2684_nsd-22261.png,0.21848164918736634,fork
train-0296_nsd-02312_tv.png,0.21844217084833262,tv
train-0586_nsd-04720.png,0.21843149439864912,chair
train-0498_nsd-04253_laptop.png,0.21838616584679227,laptop
train-1774_nsd-14951.png,0.21838157759787513,fork
train-1604_nsd-13497_potted plant.png,0.21837655615859036,potted plant
train-6778_nsd-56000.png,0.21833387125503967,potted plant
train-5492_nsd-40876_laptop.png,0.21823674091683018,laptop
train-9178_nsd-68292.png,0.21813831892425217,chair
train-1600_nsd-13468_laptop.png,0.21807698712451604,laptop
train-4923_nsd-40583_tv.png,0.21805809021868272,tv
train-6597_nsd-54600_potted plant.png,0.2180565303228813,potted plant
train-3521_nsd-25982.png,0.21798007143847978,car
train-6453_nsd-48220_chair.png,0.21775734007803507,chair
train-8317_nsd-69056.png,0.21763907131739477,fork
train-7911_nsd-59106_laptop.png,0.21763255457979055,laptop
train-0282_nsd-02567.png,0.21762853751173644,fork
train-2716_nsd-22669_sink.png,0.21759576922390808,sink
train-5414_nsd-40413.png,0.21751299275856953,laptop
train-1432_nsd-12073_car.png,0.21750181772802948,car
train-0972_nsd-07413_laptop.png,0.2174698828911313,laptop
train-2685_nsd-22477_laptop.png,0.21738483971913303,laptop
train-9077_nsd-67286.png,0.21725354873408498,fork
train-4541_nsd-37306_chair.png,0.2171303306031822,chair
train-0214_nsd-01890_laptop.png,0.2171260253623889,laptop
train-2729_nsd-20418_tv.png,0.2171191104341187,tv
train-2538_nsd-20971_sink.png,0.21706729215603268,sink
train-2046_nsd-15324.png,0.21702525318553795,chair
train-4574_nsd-37655.png,0.21685420413760184,chair
train-1513_nsd-12120_laptop.png,0.2168206492391358,laptop
train-4465_nsd-33115_chair.png,0.2168105576847042,chair
train-9248_nsd-68697_keyboard.png,0.21669754802398564,keyboard
train-4922_nsd-39806_bottle.png,0.21657986914738836,bottle
train-2813_nsd-23367.png,0.2165125940089033,fork
train-6114_nsd-45455.png,0.21638431735999822,oven
train-6650_nsd-53038_potted plant.png,0.2162275362099305,potted plant
train-5925_nsd-48928_sink.png,0.2162144253324697,sink
train-0589_nsd-05336_laptop.png,0.2160665586027511,laptop
train-0929_nsd-06491_laptop.png,0.21589000583467685,laptop
train-0537_nsd-04580.png,0.2158703639467032,fork
train-1122_nsd-09759_sink.png,0.2158495544910559,sink
train-0841_nsd-06522_laptop.png,0.2157948733334701,laptop
train-5241_nsd-38925.png,0.21578858223687328,cup
train-0657_nsd-05233_laptop.png,0.21564313937709084,laptop
train-2823_nsd-23436.png,0.2156425345955073,fork
train-3046_nsd-25103_car.png,0.21546146268695068,car
train-2655_nsd-22245_laptop.png,0.21517542595125994,laptop
train-7805_nsd-57994_laptop.png,0.21513674703205865,laptop
train-7189_nsd-59585_keyboard.png,0.2149968721196226,keyboard
train-5940_nsd-49036.png,0.2149393797857006,fork
train-1553_nsd-11230_laptop.png,0.21489619338788354,laptop
train-5882_nsd-48516.png,0.21470968537284219,oven
train-2165_nsd-17489_laptop.png,0.2145319648996295,laptop
train-0195_nsd-01557_bottle.png,0.21451105653546776,bottle
train-3847_nsd-28491_chair.png,0.21448190168334244,chair
train-8618_nsd-63863.png,0.21444347302138822,cup
train-0480_nsd-03419.png,0.214436959190895,potted plant
train-1703_nsd-14461_bottle.png,0.21442566117361456,bottle
train-4061_nsd-33251_bottle.png,0.2143607473109725,bottle
train-8001_nsd-59325.png,0.2143250781678379,potted plant
train-0580_nsd-05252.png,0.21417962077503727,car
train-9112_nsd-67463_tv.png,0.21406698325867252,tv
train-0048_nsd-00350.png,0.21406327668817415,cup
train-3191_nsd-23719.png,0.2139449834793085,fork
train-8091_nsd-59804_car.png,0.21388157286320322,car
train-6384_nsd-52795_potted plant.png,0.21381995820812663,potted plant
train-6015_nsd-44900.png,0.21377205743452332,car
train-2956_nsd-22780_laptop.png,0.2137287973746373,laptop
train-4640_nsd-38257_chair.png,0.21351986131736878,chair
train-8314_nsd-61490_chair.png,0.21346516223838674,chair
train-4350_nsd-32232.png,0.21343376319123686,chair
train-5867_nsd-48390.png,0.21343347057992348,car
train-2878_nsd-23934_laptop.png,0.2133572405600372,laptop
train-6443_nsd-47785_oven.png,0.21334602499088365,oven
train-6856_nsd-51014_bottle.png,0.21326668497996545,bottle
train-8586_nsd-63528.png,0.21324209135684713,fork
train-0826_nsd-06195.png,0.2132007509506451,fork
train-2424_nsd-20611_sink.png,0.2127628630227002,sink
train-3170_nsd-23570.png,0.21235811751394226,car
train-2867_nsd-21318.png,0.21232971026051997,chair
train-0382_nsd-03190_car.png,0.21232386069360423,car
train-8506_nsd-63109.png,0.21223328904851882,fork
train-8529_nsd-63228.png,0.2122138778022397,cup
train-6587_nsd-53241_keyboard.png,0.21211290836559288,keyboard
train-3009_nsd-24865.png,0.21205862685616106,potted plant
train-8346_nsd-67152.png,0.21193365217646318,cup
train-0958_nsd-08465.png,0.21189566929907433,fork
train-1177_nsd-09957.png,0.21189118653023725,chair
train-0428_nsd-03122.png,0.2118538063637257,tv
train-7238_nsd-58118_bottle.png,0.21150562849203147,bottle
train-7011_nsd-52169.png,0.21144756179606994,chair
train-7126_nsd-59338_keyboard.png,0.21141753745103414,keyboard
train-2044_nsd-15294_laptop.png,0.21140401552954755,laptop
train-4954_nsd-36781.png,0.21137081966798638,car
train-0230_nsd-02021.png,0.2113165254218259,fork
train-6801_nsd-56405_keyboard.png,0.21131597689842915,keyboard
train-7423_nsd-55313.png,0.2110897840512582,fork
train-0576_nsd-04884_laptop.png,0.21105742786654966,laptop
train-0998_nsd-07494_bottle.png,0.21101921607812305,bottle
train-7000_nsd-52095.png,0.21099942485664847,chair
train-7211_nsd-53944.png,0.2109443107479656,chair
train-1775_nsd-13462.png,0.21090687055504792,oven
train-2201_nsd-17794.png,0.21088844419869698,fork
train-8729_nsd-64718_potted plant.png,0.2106963688711355,potted plant
train-6740_nsd-55894.png,0.2105673842831718,fork
train-6351_nsd-52542_chair.png,0.2105014522609501,chair
train-2021_nsd-17062.png,0.21040800423353756,car
train-2659_nsd-22036.png,0.21032953799795406,cup
train-1848_nsd-15682_keyboard.png,0.21027428981708726,keyboard
train-9167_nsd-68235_chair.png,0.21014336640623915,chair
train-8361_nsd-61885.png,0.21011945452401687,fork
train-0465_nsd-03795.png,0.21010249947184362,fork
train-2506_nsd-18305_keyboard.png,0.210006890082189,keyboard
train-2610_nsd-20116_oven.png,0.20994669534270127,oven
train-5985_nsd-44376.png,0.20993180963680652,cup
train-6280_nsd-46810_car.png,0.20990139587916418,car
train-3119_nsd-25578.png,0.20983748719398126,fork
train-0035_nsd-00372_tv.png,0.2098183714596596,tv
train-2922_nsd-22508.png,0.20977019120082765,chair
train-7540_nsd-62779.png,0.20970598815531133,potted plant
train-6881_nsd-51259_oven.png,0.209695634873552,oven
train-0311_nsd-02639_car.png,0.2095869650958328,car
train-4339_nsd-35695.png,0.20958092347941332,car
train-8929_nsd-66175_oven.png,0.20952319655524204,oven
train-6250_nsd-50053.png,0.20946824674016915,fork
train-6683_nsd-53977.png,0.20940047377615353,fork
train-8628_nsd-64279.png,0.20934237452278068,fork
train-6171_nsd-51062_keyboard.png,0.2092999795786206,keyboard
train-5086_nsd-37659.png,0.20928393055725694,chair
train-7327_nsd-54136_chair.png,0.20926845983160144,chair
train-2184_nsd-18225.png,0.20925449865743273,oven
train-4378_nsd-32505.png,0.20915089958348268,cup
test-0128_nsd-60860_chair.png,0.20913153392277387,chair
train-2589_nsd-18999.png,0.20912607826800936,fork
train-4354_nsd-32232.png,0.20908064493577158,chair
train-1471_nsd-10491.png,0.2090706606571806,cup
train-3113_nsd-25578.png,0.20900724162456708,fork
train-5869_nsd-43537_sink.png,0.20883464915863725,sink
test-0075_nsd-32187.png,0.20879089762576258,chair
train-2387_nsd-18404_sink.png,0.20874311768360565,sink
train-5557_nsd-44803.png,0.20871551869268198,fork
train-8457_nsd-62604_cup.png,0.20870562330403303,cup
train-3163_nsd-25931_cup.png,0.20870539408079886,cup
train-8137_nsd-60283.png,0.20869200301171664,potted plant
train-3878_nsd-31805_cup.png,0.20863055672805175,cup
train-5046_nsd-41773_keyboard.png,0.20862492848296213,keyboard
train-7248_nsd-60429.png,0.20861679275218264,fork
train-1871_nsd-13398_microwave.png,0.208586650398443,microwave
train-4216_nsd-34696.png,0.20854084537746484,fork
train-8561_nsd-68901.png,0.2085191158500888,potted plant
train-6520_nsd-48455.png,0.2084995074502279,fork
train-2352_nsd-17526_car.png,0.20841631663420856,car
train-6048_nsd-49914.png,0.20838147398290277,fork
train-7642_nsd-56867.png,0.20836849459309761,fork
train-8034_nsd-64699.png,0.20834658205421383,fork
train-9080_nsd-72968_car.png,0.20831860617915673,car
train-7624_nsd-63102_chair.png,0.20827542962239573,chair
train-3026_nsd-24992_chair.png,0.2082701048030091,chair
train-6370_nsd-50952_car.png,0.2081160069269139,car
train-9340_nsd-69131_bottle.png,0.20811268622674572,bottle
train-1492_nsd-11326.png,0.20799799041840572,cup
train-8020_nsd-59585_keyboard.png,0.20797963092563637,keyboard
train-5312_nsd-42858.png,0.2078697565046223,fork
train-1929_nsd-14567.png,0.20773275058690244,fork
train-0047_nsd-00349.png,0.20772167820996174,chair
train-4256_nsd-34984_potted plant.png,0.2076608728327891,potted plant
train-0496_nsd-04156.png,0.20758311662657872,cup
train-1249_nsd-10629_microwave.png,0.20755896846258276,microwave
train-6074_nsd-44829.png,0.20751218749217643,fork
train-8613_nsd-69317.png,0.20748564401179484,fork
train-2393_nsd-19216_chair.png,0.20747696552908823,chair
train-0185_nsd-01572.png,0.20744635804407172,potted plant
train-1651_nsd-12415_microwave.png,0.20743092978507416,microwave
train-5769_nsd-46997_mouse.png,0.20733219819755044,mouse
train-2535_nsd-20847.png,0.20729948408974333,fork
test-0157_nsd-71264_tv.png,0.2072985709708892,tv
train-4961_nsd-36818_car.png,0.20724365156968325,car
train-4493_nsd-36438.png,0.20676723196044128,chair
train-0582_nsd-04524_potted plant.png,0.20666343319848127,potted plant
train-8210_nsd-60842_microwave.png,0.20665726472890228,microwave
train-0849_nsd-07726_chair.png,0.20665531095332795,chair
train-1697_nsd-14250_oven.png,0.20665450145265984,oven
train-5983_nsd-49416.png,0.2066135511133673,fork
train-6673_nsd-49685_tv.png,0.206556958612598,tv
train-7186_nsd-53375.png,0.20646360131925132,fork
train-5375_nsd-39939_sink.png,0.2064042357215778,sink
train-5980_nsd-49372.png,0.20632471700641086,chair
train-0908_nsd-07412_clock.png,0.2062748296122345,clock
train-9325_nsd-69171.png,0.20617488375888818,bottle
train-6183_nsd-45945.png,0.20611550556999633,car
train-0464_nsd-04245.png,0.20608541555550525,fork
train-0181_nsd-01795_keyboard.png,0.20606238002164437,keyboard
train-3878_nsd-29238.png,0.20603678775826062,potted plant
train-8121_nsd-60316_sink.png,0.20593624109810565,sink
test-0223_nsd-53485.png,0.20585329737648567,car
train-4915_nsd-36544.png,0.2057256840480048,fork
train-4737_nsd-38794.png,0.20571005130772452,fork
train-3394_nsd-27848.png,0.20569811321217008,fork
train-7780_nsd-57518_oven.png,0.2054343036543646,oven
train-4610_nsd-37333.png,0.20534824477335975,cup
train-2588_nsd-18998_chair.png,0.20525919401540765,chair
train-0365_nsd-03386.png,0.20520741990667318,fork
train-6924_nsd-55711.png,0.20506185881397768,car
train-5114_nsd-38206_potted plant.png,0.2050299700113905,potted plant
train-8012_nsd-59515_sink.png,0.20501381795403498,sink
train-2454_nsd-17884.png,0.20490254710384684,fork
train-8157_nsd-67920.png,0.20484674400149444,car
train-3553_nsd-29159.png,0.20474247510514876,laptop
train-9630_nsd-71436.png,0.20470542430241484,cup
train-8250_nsd-61201_cup.png,0.20470002566216822,cup
train-2053_nsd-16659.png,0.20462798146680986,fork
train-1846_nsd-13822.png,0.20458551620917464,stop sign
train-0872_nsd-07480.png,0.20444846753365498,cup
train-3927_nsd-32232.png,0.2043730450999748,chair
train-2032_nsd-16526.png,0.2043014486176482,fork
train-2793_nsd-22774.png,0.20419005936634652,fork
train-1606_nsd-13513_car.png,0.20408776981146914,car
train-9698_nsd-71847_cup.png,0.20405551314180329,cup
train-4201_nsd-31286_potted plant.png,0.20401773213901958,potted plant
train-8954_nsd-72039.png,0.20400983826782676,chair
train-7315_nsd-60583_chair.png,0.20397854823732492,chair
train-3696_nsd-30235.png,0.20393299387725647,fork
train-2303_nsd-18560.png,0.20389945023131195,oven
train-4122_nsd-33933_potted plant.png,0.20385923622122676,potted plant
train-7177_nsd-57235.png,0.20375632493038864,fork
train-8851_nsd-65721.png,0.20371775512181164,car
train-5919_nsd-44143.png,0.20364788294038078,microwave
train-0893_nsd-07289_cup.png,0.20362411773881195,cup
train-8887_nsd-65803_sink.png,0.20359275450121536,sink
train-0518_nsd-04156.png,0.20347698355309363,cup
train-7120_nsd-53237_cup.png,0.20329440199239215,cup
train-4780_nsd-38613.png,0.20315535228266765,fork
train-5748_nsd-42674.png,0.20314986248457076,laptop
test-0023_nsd-10520_keyboard.png,0.20300624589141344,keyboard
train-1675_nsd-13506_cup.png,0.20287802274932176,cup
train-0498_nsd-04253_tv.png,0.20284315752206653,tv
train-1650_nsd-12408.png,0.20256411497910218,fork
train-6088_nsd-45595_cup.png,0.20249276207383188,cup
train-2650_nsd-19475_car.png,0.20248754321991333,car
train-3844_nsd-28453_bottle.png,0.20243281900300605,bottle
train-0154_nsd-01341_chair.png,0.20240443359783095,chair
train-3602_nsd-27301.png,0.20237565842680147,oven
train-2014_nsd-16425.png,0.20225086490765018,fork
train-7629_nsd-56782.png,0.20217044919442406,potted plant
train-8066_nsd-59585_keyboard.png,0.20209108370772896,keyboard
train-6962_nsd-51839_potted plant.png,0.20204287952028646,potted plant
train-9363_nsd-69548.png,0.2019387148994037,fork
train-1100_nsd-08465.png,0.2018967046054701,fork
train-3589_nsd-29453_sink.png,0.20173132612053046,sink
train-6218_nsd-51472.png,0.20170016843918187,chair
train-0822_nsd-06441.png,0.20161559569361434,potted plant
train-3149_nsd-25822_car.png,0.20151330858468025,car
train-9376_nsd-69343.png,0.20149741830220283,clock
train-9127_nsd-67696_tv.png,0.20146239879457348,tv
train-9813_nsd-72770_cup.png,0.20136156998996874,cup
train-5275_nsd-39120.png,0.20131864231216334,chair
train-4515_nsd-37086_cup.png,0.2012371150566451,cup
train-2384_nsd-17794.png,0.20118673528659584,fork
train-4060_nsd-32814_cup.png,0.20117022543774976,cup
train-0779_nsd-06024.png,0.2011275030271107,potted plant
train-6347_nsd-51367_cup.png,0.20112706603264083,cup
train-4886_nsd-36417_oven.png,0.20111776363710834,oven
train-5502_nsd-45294.png,0.20110657209183655,cup
train-5468_nsd-44684_fork.png,0.20101615401739334,fork
train-8217_nsd-66088_tv.png,0.20096239564986526,tv
train-1620_nsd-13613_car.png,0.20093881266916996,car
train-4320_nsd-31952.png,0.20090753568431896,cup
train-6759_nsd-53828_clock.png,0.200871058301465,clock
train-2733_nsd-20436_cup.png,0.20073906700071525,cup
train-8472_nsd-62694.png,0.20069448662984488,car
train-4532_nsd-33605_bottle.png,0.20067573175595294,bottle
train-6009_nsd-44728.png,0.200664636912388,cup
train-1659_nsd-12483.png,0.2006175241866603,car
train-5703_nsd-45937.png,0.2005921398218097,cup
train-2811_nsd-20777.png,0.20050135621728316,cup
train-7737_nsd-62154_cup.png,0.2004166687289148,cup
train-4865_nsd-39289.png,0.20039277001246872,cup
train-2981_nsd-22900.png,0.20033257087271547,cup
train-4978_nsd-40231.png,0.20026833476032146,cup
train-4927_nsd-36465.png,0.20025238939276788,cup
train-5332_nsd-43009.png,0.2001515231035348,cup
train-3549_nsd-26943_chair.png,0.20012764660433185,chair
train-0694_nsd-05980.png,0.19995877343959237,cup
train-3842_nsd-28478_chair.png,0.19984199251829052,chair
train-7208_nsd-53666.png,0.1996678808500269,cup
train-3262_nsd-26720_cup.png,0.1996619210820865,cup
train-1936_nsd-14630.png,0.19963098725632505,cup
train-4677_nsd-38573_cup.png,0.19960864872876322,cup
train-7884_nsd-58629_sink.png,0.19948399085199464,sink
train-1623_nsd-13257.png,0.1994052001083602,oven
train-1400_nsd-11826_keyboard.png,0.1992826175997858,keyboard
train-1252_nsd-10665.png,0.19926559128216093,cup
test-0002_nsd-00946_oven.png,0.1992611140188255,oven
train-8761_nsd-65059.png,0.19925998915931484,potted plant
train-7513_nsd-55601_clock.png,0.19924748776082019,clock
train-4947_nsd-36593_potted plant.png,0.19920712554107603,potted plant
train-4811_nsd-39740_cup.png,0.19915645417629763,cup
train-5218_nsd-42953_chair.png,0.19909941618411342,chair
train-2060_nsd-14712_microwave.png,0.19908982549344656,microwave
train-2858_nsd-23769_cup.png,0.19907257507407455,cup
train-8558_nsd-63479_chair.png,0.19901436900721786,chair
train-1653_nsd-12423_cup.png,0.19888596305364376,cup
train-2975_nsd-24602_oven.png,0.19880991918693955,oven
test-0028_nsd-14170_oven.png,0.19879763417147828,oven
train-3256_nsd-26560.png,0.1987466300541077,car
train-2967_nsd-22005_cup.png,0.19865146187405458,cup
train-6093_nsd-45303.png,0.1986002691880518,cup
train-5294_nsd-39402.png,0.19855199636828968,cup
train-0416_nsd-03451.png,0.1985244780861059,cup
train-9305_nsd-68840.png,0.19849641249596647,oven
train-4849_nsd-39658.png,0.19834607581733465,car
train-0003_nsd-00071.png,0.1982870708412046,cup
train-9536_nsd-70625_laptop.png,0.19809549421697828,laptop
train-5803_nsd-46679_keyboard.png,0.19808769630188722,keyboard
train-0248_nsd-02219.png,0.19803288796179205,cup
train-5076_nsd-37789_oven.png,0.19802722852900578,oven
train-8039_nsd-59585_keyboard.png,0.19802168722127836,keyboard
train-6620_nsd-52864.png,0.19800511072373875,chair
train-7282_nsd-54111_car.png,0.19796137879714548,car
train-5723_nsd-42462_chair.png,0.19774866848232794,chair
train-6078_nsd-50173.png,0.19758150063464425,car
test-0239_nsd-58727.png,0.1975636050394087,car
train-1299_nsd-09807_cup.png,0.19746372912018118,cup
train-3948_nsd-32262_chair.png,0.1974451893189846,chair
train-1299_nsd-11080.png,0.19741346644751676,cup
train-4515_nsd-37086_potted plant.png,0.19735315855375138,potted plant
train-1461_nsd-11036_cup.png,0.19719666738211106,cup
train-3694_nsd-30214_car.png,0.1971877754990894,car
train-5744_nsd-46254.png,0.19718411517964354,car
train-0785_nsd-06079_microwave.png,0.197167335649646,microwave
train-1862_nsd-15809_clock.png,0.19709191155855374,clock
train-4182_nsd-31465_chair.png,0.19709173130545446,chair
train-1453_nsd-11205.png,0.19709098660527513,car
train-0620_nsd-04830_cup.png,0.19703024909555,cup
train-8590_nsd-64059_bottle.png,0.1969034457688394,bottle
train-9620_nsd-71203_bottle.png,0.19685805820947508,bottle
train-0518_nsd-04134_sink.png,0.19684643017525075,sink
train-7111_nsd-52767.png,0.19680443786606205,car
train-3700_nsd-27326.png,0.19671261325746422,car
train-4190_nsd-31210.png,0.1965829105712868,cup
train-4518_nsd-37101.png,0.1965751876367798,oven
train-5158_nsd-41605_bottle.png,0.19654768788969368,bottle
train-9044_nsd-72689_chair.png,0.1964971981750877,chair
train-8790_nsd-65134_sink.png,0.19638276903813653,sink
train-8110_nsd-67598.png,0.19635301775274577,clock
train-5776_nsd-43175_oven.png,0.1963151023140707,oven
train-8147_nsd-60928.png,0.19593461391535166,tv
train-3983_nsd-32232.png,0.19591207100828875,chair
train-6004_nsd-44537_car.png,0.19590538489862833,car
train-4129_nsd-30563.png,0.19587129645382784,cup
train-4329_nsd-31997.png,0.19577208777367822,toilet
train-4153_nsd-34053.png,0.19551715359345836,chair
train-4718_nsd-34888_oven.png,0.1954936185589803,oven
train-8135_nsd-65460_oven.png,0.19543563014531024,oven
train-7853_nsd-58239_potted plant.png,0.19541342359542535,potted plant
train-1264_nsd-10190.png,0.19539930777132564,cup
train-8081_nsd-59895.png,0.19536972443685477,cup
train-0790_nsd-06444.png,0.1953387194188607,car
train-2192_nsd-16293.png,0.19526884977458236,car
train-0600_nsd-04211_potted plant.png,0.19514397332950237,potted plant
train-0143_nsd-01154.png,0.19506705952764158,cup
train-4152_nsd-30992.png,0.19506510402439076,car
train-1718_nsd-13875_cup.png,0.1948337500592012,cup
train-6399_nsd-53110.png,0.19471575040606345,car
train-2961_nsd-21983_potted plant.png,0.19465495542203948,potted plant
train-0695_nsd-05584.png,0.19457771942072222,car
train-6545_nsd-52932_laptop.png,0.1945369327043312,laptop
train-0315_nsd-02672_chair.png,0.19448455933443,chair
train-4619_nsd-37869_tv.png,0.19447477887174291,tv
train-8796_nsd-65358_chair.png,0.19444182796004278,chair
train-2356_nsd-17149.png,0.19441696345990872,clock
train-1295_nsd-09797_laptop.png,0.19423944407630742,laptop
train-8537_nsd-63192.png,0.19423233092165157,chair
train-9751_nsd-72294_chair.png,0.19418332445982062,chair
train-9079_nsd-67313.png,0.19397855489162474,tv
train-0057_nsd-00503.png,0.1939655018560009,bottle
train-0203_nsd-01604_sink.png,0.1939620274347033,sink
train-3774_nsd-27930.png,0.19389751875783362,car
train-9565_nsd-70953.png,0.19389609558833296,potted plant
train-9194_nsd-68386_sink.png,0.19380079973250755,sink
train-3713_nsd-30112.png,0.19379056329646444,clock
train-3998_nsd-32315_oven.png,0.19376205461044044,oven
train-4436_nsd-36402.png,0.19359136110570796,clock
train-7156_nsd-53532.png,0.1935794273656204,oven
train-5236_nsd-43133_car.png,0.19357359217595532,car
train-5011_nsd-37028_chair.png,0.19341736814687974,chair
train-4660_nsd-34453_clock.png,0.19338985312675086,clock
train-4066_nsd-32903.png,0.1933359415434562,toilet
train-3903_nsd-32014.png,0.19331389377093744,tv
train-2789_nsd-20735.png,0.19325368391345263,clock
train-7509_nsd-55843.png,0.1932030105373087,cup
train-6025_nsd-48913_cup.png,0.19300953449776953,cup
train-9122_nsd-67816_laptop.png,0.19297947530513462,laptop
train-1501_nsd-12019.png,0.19296398217322616,cup
train-0952_nsd-06614.png,0.19289228779603115,potted plant
train-6023_nsd-49848_laptop.png,0.19287104012231984,laptop
train-6007_nsd-48777_clock.png,0.19283116696833627,clock
train-4513_nsd-37059.png,0.19274778243086138,car
train-9768_nsd-72418_chair.png,0.19267987262203112,chair
train-2280_nsd-17636.png,0.1926665425337102,car
train-0954_nsd-06622_oven.png,0.19266495275430112,oven
train-8668_nsd-64261.png,0.192529860890897,chair
train-4785_nsd-35692_oven.png,0.1925040680682458,oven
train-7047_nsd-58598_chair.png,0.1924219271228694,chair
train-8650_nsd-64418.png,0.1923401651342358,tv
train-4378_nsd-35588.png,0.19198053114445718,potted plant
train-8270_nsd-66567_chair.png,0.19176395360675505,chair
train-2715_nsd-22487.png,0.19173326140565886,clock
train-6873_nsd-55371_laptop.png,0.19170037206350235,laptop
train-9810_nsd-72765_bottle.png,0.19164726957649914,bottle
train-3892_nsd-31548.png,0.19162817205955407,car
train-7563_nsd-56399_microwave.png,0.1916197310586389,microwave
train-8180_nsd-61167.png,0.19157555390790665,cup
train-2419_nsd-18053_tv.png,0.19156189676232033,tv
train-9013_nsd-72405_chair.png,0.1914104762482346,chair
train-3488_nsd-25890_tv.png,0.19127270031498472,tv
train-5394_nsd-39926_laptop.png,0.1912629865763795,laptop
train-6477_nsd-53786_chair.png,0.19120120047872036,chair
train-2910_nsd-24186.png,0.19119540667402607,car
train-9672_nsd-71614.png,0.1911761222246135,bottle
train-5716_nsd-42653_laptop.png,0.19117172985237899,laptop
train-2241_nsd-16734.png,0.19116391495070748,cup
train-8675_nsd-64374_chair.png,0.1911544250672702,chair
train-2284_nsd-17030_oven.png,0.1910751113837794,oven
train-5952_nsd-47830_laptop.png,0.19097204088993075,laptop
test-0257_nsd-63022.png,0.1909205199801252,cup
train-1216_nsd-09036_oven.png,0.190899168105281,oven
train-0266_nsd-02351.png,0.19089558336360857,car
train-1712_nsd-14363.png,0.19088610089861893,potted plant
train-9186_nsd-68040.png,0.19088119676740964,car
train-3696_nsd-27969_cup.png,0.19080371155851392,cup
train-8375_nsd-69578.png,0.19059097353575585,laptop
train-5504_nsd-40817_tv.png,0.19054729453339583,tv
train-4486_nsd-33612.png,0.1905201816882577,car
train-5190_nsd-42423_tv.png,0.19047926567150117,tv
train-4493_nsd-33287_potted plant.png,0.19038518846111155,potted plant
train-5255_nsd-43261_bottle.png,0.19034649607845705,bottle
train-2199_nsd-18652_oven.png,0.19014146031472487,oven
train-8014_nsd-59847_chair.png,0.19010914482061697,chair
train-6669_nsd-53140_cup.png,0.190087724037527,cup
train-5724_nsd-47290_potted plant.png,0.19006892382877486,potted plant
train-8589_nsd-63667_chair.png,0.190016757378511,chair
train-8681_nsd-72210_chair.png,0.18990414898838706,chair
train-2383_nsd-17735_potted plant.png,0.18988787437000143,potted plant
train-5237_nsd-38734.png,0.18971923701333562,cup
train-2520_nsd-21263.png,0.189672974859105,potted plant
train-4905_nsd-39660_tv.png,0.18963563609561856,tv
train-7513_nsd-55601_chair.png,0.18952580605628574,chair
train-4212_nsd-34655.png,0.1894859781620996,potted plant
train-8423_nsd-62363_chair.png,0.18938139846433216,chair
train-5918_nsd-44140.png,0.18936827874025833,oven
test-0047_nsd-20526_sink.png,0.1893180413036878,sink
train-8937_nsd-66090_chair.png,0.18914126826110278,chair
train-1523_nsd-12300_tv.png,0.1890445296151575,tv
train-1434_nsd-11560.png,0.18902636904711564,car
train-1211_nsd-09755.png,0.18895611760970937,laptop
train-9016_nsd-72479_chair.png,0.18892440710022934,chair
train-2264_nsd-16437_potted plant.png,0.18890201433138756,potted plant
train-1325_nsd-10002_oven.png,0.18889272758510992,oven
train-4001_nsd-30121_sink.png,0.18885960446982014,sink
test-0055_nsd-10588_chair.png,0.18875077570497517,chair
train-2145_nsd-15991_car.png,0.18874641562261005,car
train-1382_nsd-10368_chair.png,0.1887256795250922,chair
train-8221_nsd-68182.png,0.18859163377985422,chair
train-8283_nsd-66682_chair.png,0.18856178627606102,chair
train-2990_nsd-24411.png,0.18855574955058974,car
train-7766_nsd-64345.png,0.18849109034806855,chair
train-8776_nsd-70683_chair.png,0.18846072219373064,chair
train-5523_nsd-44483_chair.png,0.1883133727126468,chair
train-8322_nsd-69118.png,0.18821596713431224,chair
train-0766_nsd-06309_tv.png,0.18811035911079207,tv
train-3026_nsd-22488_microwave.png,0.18790764816660419,microwave
train-7707_nsd-61897.png,0.18789478913302898,car
train-3821_nsd-28308_tv.png,0.1878885678913096,tv
train-9099_nsd-67361_chair.png,0.1878782087554949,chair
train-8031_nsd-66586_chair.png,0.18786682158625093,chair
train-3918_nsd-29072_sink.png,0.18784503281758014,sink
train-4986_nsd-40768.png,0.18782844857366884,tv
train-9640_nsd-71507_chair.png,0.18782558284280446,chair
train-0047_nsd-00438.png,0.18780651484845415,chair
train-8383_nsd-62057.png,0.18772064093647992,car
train-9646_nsd-71544_microwave.png,0.18759811147588856,microwave
train-0253_nsd-02128_chair.png,0.18752709818344973,chair
train-6065_nsd-48599_chair.png,0.1875072649863271,chair
train-6377_nsd-51009_chair.png,0.18734889240415284,chair
test-0233_nsd-43504.png,0.1871876242830107,car
train-5853_nsd-43692.png,0.1871533105423712,chair
train-5810_nsd-43127_car.png,0.1871161737524096,car
train-4606_nsd-34450_laptop.png,0.18701887060526345,laptop
train-4513_nsd-33827.png,0.18699037955014258,car
train-1973_nsd-15158_tv.png,0.1869488440687338,tv
train-7841_nsd-65359_chair.png,0.18689726701301276,chair
train-8675_nsd-64374_microwave.png,0.18689106360587646,microwave
train-3628_nsd-29766_laptop.png,0.18688511351082326,laptop
train-8759_nsd-70465.png,0.18686651561603032,car
train-7020_nsd-56022_cup.png,0.1868655661224166,cup
train-6829_nsd-50936.png,0.1868466754370397,chair
train-3269_nsd-26665.png,0.18677870181469577,oven
train-2154_nsd-17540.png,0.18675393107168922,car
test-0149_nsd-36635.png,0.18661535809197222,car
train-0749_nsd-06920.png,0.18651585792269842,car
train-5163_nsd-38229.png,0.18651208137230582,chair
test-0307_nsd-55879.png,0.18647575167734265,bottle
train-3122_nsd-23241_laptop.png,0.18644709234241785,laptop
train-4750_nsd-35407.png,0.18633454445646394,car
train-8028_nsd-59495.png,0.18622174696429653,chair
train-1664_nsd-12783_tv.png,0.18618037625279749,tv
train-2541_nsd-20910.png,0.18597894024722614,laptop
train-9031_nsd-67169_car.png,0.18577429148959018,car
train-1623_nsd-13120_chair.png,0.18560634015714253,chair
train-7454_nsd-61800_potted plant.png,0.1855822370270084,potted plant
train-6641_nsd-54941.png,0.18545302299733957,car
train-6869_nsd-51185.png,0.185396701902424,chair
train-7925_nsd-66076_chair.png,0.18534911209695581,chair
train-0416_nsd-03031_chair.png,0.18532017727336492,chair
train-0180_nsd-01541.png,0.1851801706524304,car
train-5376_nsd-39948.png,0.18512436460018084,cup
train-3998_nsd-32315_microwave.png,0.18511355640465962,microwave
train-6994_nsd-52027.png,0.18494585913542122,chair
train-6382_nsd-51635.png,0.18483017445230915,chair
train-6617_nsd-48685_oven.png,0.18482583126173255,oven
train-6848_nsd-50392.png,0.18480836499169603,chair
train-8863_nsd-71351.png,0.1847690023207747,car
train-1314_nsd-11055_tv.png,0.18466857132321896,tv
train-2249_nsd-16726_car.png,0.18461517395736432,car
train-2772_nsd-20625_chair.png,0.1845926849659671,chair
train-7189_nsd-53394_chair.png,0.1845737848362599,chair
train-5771_nsd-42851_potted plant.png,0.18450583921352126,potted plant
train-5409_nsd-40234_potted plant.png,0.18444585450358153,potted plant
train-4555_nsd-36895.png,0.18438540957947788,car
train-7798_nsd-62629_car.png,0.18437746049024328,car
train-5291_nsd-39289.png,0.1842659397120108,cup
train-5461_nsd-40515_potted plant.png,0.1841948930616069,potted plant
train-2583_nsd-21381.png,0.18397596433014632,cup
train-5914_nsd-43528_potted plant.png,0.18393790505054264,potted plant
train-7202_nsd-53594.png,0.1839123265668888,chair
train-6643_nsd-49622.png,0.18369007844005156,chair
train-6666_nsd-49622.png,0.18366484201683067,chair
train-5198_nsd-38823.png,0.18352917202891647,car
train-9434_nsd-69793_laptop.png,0.18352872956852767,laptop
train-6383_nsd-47290_chair.png,0.18335283163483146,chair
train-2902_nsd-23581_chair.png,0.1832268303679367,chair
train-6073_nsd-45129_car.png,0.18322347018910456,car
train-6848_nsd-51062_chair.png,0.18316716414417392,chair
train-5765_nsd-42819.png,0.18316572505754025,chair
train-6970_nsd-51937_chair.png,0.1831195666805975,chair
train-6730_nsd-49975_laptop.png,0.18304406890792677,laptop
train-4875_nsd-36422_chair.png,0.18298948834208245,chair
train-6423_nsd-47667_chair.png,0.18292008592789555,chair
train-5313_nsd-42878.png,0.18283223811509802,fork
train-7794_nsd-62596_chair.png,0.1827261372821875,chair
train-4503_nsd-33752_chair.png,0.18264988885367955,chair
train-6801_nsd-56205.png,0.1825507472794272,bottle
train-7186_nsd-53791_potted plant.png,0.18245690077247703,potted plant
train-6970_nsd-51937_bottle.png,0.18245506099519235,bottle
train-6775_nsd-55969_sink.png,0.18242299822165794,sink
train-5579_nsd-44990_car.png,0.18230251433530467,car
train-3831_nsd-31359.png,0.18217711884435342,fork
train-5151_nsd-41554.png,0.18212470732994257,chair
train-5832_nsd-47447.png,0.182014427679251,chair
train-1147_nsd-09289_chair.png,0.1819068943894297,chair
train-6070_nsd-48629_microwave.png,0.18182896700417753,microwave
train-3119_nsd-23803.png,0.18180377594429267,fork
train-6460_nsd-53661.png,0.18162160613808126,chair
train-0687_nsd-06298.png,0.18160074954221278,car
train-1977_nsd-14215_oven.png,0.18160034032641373,oven
train-5014_nsd-37484_chair.png,0.18154599009340433,chair
train-2723_nsd-22128.png,0.18138272006575587,chair
train-2384_nsd-19395_oven.png,0.1813772197443963,oven
train-3515_nsd-28433.png,0.1813257267448883,fork
train-5827_nsd-43533_tv.png,0.1813206129556374,tv
train-4557_nsd-33902.png,0.18131032162919392,bottle
train-7927_nsd-63747.png,0.1812663794894676,fork
train-8188_nsd-60784.png,0.18125814484857097,stop sign
train-7331_nsd-58754_laptop.png,0.1812449878934877,laptop
train-3001_nsd-24489_car.png,0.18121739424448471,car
train-5420_nsd-44300.png,0.18120325905252482,chair
train-7540_nsd-56083_sink.png,0.18119999394589875,sink
train-2269_nsd-16468_oven.png,0.18116599255698942,oven
train-9284_nsd-68867_car.png,0.18109951442852396,car
train-5211_nsd-42886_chair.png,0.18103267525129144,chair
train-5519_nsd-45520_chair.png,0.18097262086298516,chair
train-4280_nsd-31649_tv.png,0.1809108567284698,tv
train-7086_nsd-58750.png,0.1809024204978023,potted plant
train-4562_nsd-33752_chair.png,0.1808063478359108,chair
train-3555_nsd-28780_keyboard.png,0.18078946601627216,keyboard
train-5811_nsd-47840.png,0.18076768287732672,chair
train-7457_nsd-59815.png,0.18070323642006705,tv
train-7074_nsd-58840.png,0.18066729745692436,cup
train-7889_nsd-58471_sink.png,0.18064727170700354,sink
train-5020_nsd-37233.png,0.1806378159432227,cup
train-1998_nsd-16290.png,0.18049552825679133,bottle
train-5581_nsd-41307.png,0.18037647188714528,car
train-5805_nsd-47290_chair.png,0.18033442966331342,chair
train-4448_nsd-33038.png,0.18030990332357189,car
train-6199_nsd-49622.png,0.1802797493588087,chair
train-2546_nsd-18886_oven.png,0.1802394400271314,oven
train-0443_nsd-03745_oven.png,0.18020662503239718,oven
train-6812_nsd-50105_bottle.png,0.18005726210782177,bottle
train-2781_nsd-23108.png,0.17985802229342673,car
train-1212_nsd-09012.png,0.17978076001252252,oven
train-3095_nsd-23646_laptop.png,0.17958535600179476,laptop
train-8010_nsd-59386.png,0.1795275905339617,sink
train-2249_nsd-18267_oven.png,0.17943304582382558,oven
train-3915_nsd-28945_chair.png,0.17941792008216523,chair
train-7567_nsd-55969_sink.png,0.17940453239428772,sink
train-3358_nsd-27480_sink.png,0.17936351132401457,sink
train-0514_nsd-04690_bottle.png,0.1793422203389159,bottle
train-6013_nsd-49622.png,0.17929247395783204,chair
train-7946_nsd-59082_tv.png,0.17927357107387862,tv
train-8685_nsd-72256_sink.png,0.17926903873234679,sink
train-8496_nsd-62912.png,0.1792488320051796,car
train-5592_nsd-45945.png,0.1790344199717462,car
train-4623_nsd-38115.png,0.17886495750631518,potted plant
train-5015_nsd-37059.png,0.17864664886578188,car
train-6998_nsd-58184_chair.png,0.17852946914443749,chair
train-6557_nsd-53034.png,0.17850939633637614,car
train-1545_nsd-11163_cup.png,0.17848919950526576,cup
train-0585_nsd-04641.png,0.1783522762910309,chair
train-4153_nsd-33889.png,0.17827833375039717,chair
train-6288_nsd-50948_chair.png,0.1782595466352224,chair
train-4716_nsd-38850.png,0.1781351253603653,chair
test-0030_nsd-04977_oven.png,0.1780386518892502,oven
train-2454_nsd-20437_chair.png,0.17798745641720004,chair
train-3547_nsd-26933_chair.png,0.17794834317481856,chair
train-8963_nsd-66654_potted plant.png,0.1778735070050921,potted plant
train-3778_nsd-28002_chair.png,0.1777798594912595,chair
train-7962_nsd-66012.png,0.17763617544576027,sink
train-2993_nsd-24715_chair.png,0.17761081096197026,chair
train-9619_nsd-71378_chair.png,0.17760904194738655,chair
train-3311_nsd-27154_chair.png,0.17759703452522216,chair
train-3903_nsd-31869.png,0.17754439637260627,car
train-4487_nsd-33313_chair.png,0.17750141503330955,chair
train-3696_nsd-27484.png,0.1774710093860418,sink
train-0935_nsd-07578.png,0.1774375382285089,sink
train-4893_nsd-36202_chair.png,0.1774084379599343,chair
test-0239_nsd-44408_sink.png,0.17701967779716224,sink
train-5342_nsd-39872_chair.png,0.17701769877761747,chair
train-3686_nsd-27885.png,0.17684009283954302,chair
train-4277_nsd-35205_chair.png,0.17673376330175844,chair
train-6000_nsd-48157_potted plant.png,0.17671130166240193,potted plant
train-3546_nsd-28724.png,0.1765777035391475,chair
train-3441_nsd-27943_bottle.png,0.17643483023138037,bottle
train-6486_nsd-53545.png,0.17642973211495802,chair
train-6975_nsd-57945.png,0.17633181245397783,car
train-0589_nsd-04137_bottle.png,0.17622634160193887,bottle
train-0832_nsd-06489_potted plant.png,0.17616552448092765,potted plant
train-2970_nsd-22088.png,0.17615449338593447,chair
train-1114_nsd-09009_sink.png,0.1760918214489864,sink
train-7554_nsd-56188_cup.png,0.17606941081347402,cup
train-1865_nsd-15654_sink.png,0.176057562288298,sink
train-3822_nsd-31038.png,0.17595546926955416,car
test-0151_nsd-69877_sink.png,0.1759502870535761,sink
train-2913_nsd-22452_potted plant.png,0.17584501086054177,potted plant
train-6665_nsd-49750.png,0.17574767382897688,car
train-8788_nsd-65225_oven.png,0.17574264415502705,oven
train-1922_nsd-16131.png,0.17565779565422918,fork
train-8192_nsd-60800_laptop.png,0.17564986339599994,laptop
train-0574_nsd-04926_tv.png,0.17556255076857274,tv
train-8743_nsd-64809.png,0.17553802959722148,car
train-0770_nsd-06179_sink.png,0.17551329223640857,sink
train-4102_nsd-30603_sink.png,0.17549770619680422,sink
train-9485_nsd-70281_cup.png,0.17535760438463652,cup
train-2090_nsd-17549_tv.png,0.1752658613617533,tv
train-2224_nsd-17943_sink.png,0.1751543919514506,sink
train-6467_nsd-53732.png,0.17488133040072984,bottle
train-0940_nsd-07654_sink.png,0.17485518651623969,sink
train-3576_nsd-26506_chair.png,0.1748397358071786,chair
train-2698_nsd-19852_chair.png,0.17482506142515258,chair
train-4294_nsd-35270_chair.png,0.17480616305404403,chair
train-2734_nsd-21147.png,0.1747855314273414,bottle
train-8491_nsd-62916.png,0.17474807630878716,fork
train-9000_nsd-66643_tv.png,0.1746503141155839,tv
train-4321_nsd-32020_potted plant.png,0.17461671934674028,potted plant
train-6186_nsd-50118_tv.png,0.1745779215495299,tv
train-3361_nsd-27343_chair.png,0.17455833359781073,chair
train-3157_nsd-23419.png,0.17450783878691242,chair
train-1240_nsd-10574_keyboard.png,0.1744119391163515,keyboard
train-7552_nsd-55899_microwave.png,0.1743895507126004,microwave
train-9512_nsd-70367_oven.png,0.1743469595508355,oven
train-2524_nsd-20328.png,0.1743150788898931,chair
train-5523_nsd-45129_car.png,0.1743140917276609,car
train-1944_nsd-14564.png,0.1742947596346173,car
train-4395_nsd-33012_chair.png,0.1742671024490825,chair
train-6359_nsd-46918.png,0.17425537998824123,cup
train-6621_nsd-54761.png,0.1742519712631477,car
train-1325_nsd-11260.png,0.1741724177315863,car
train-2885_nsd-23395_chair.png,0.17416196757215405,chair
train-9483_nsd-70288.png,0.1740380630394297,fork
train-7245_nsd-60423_cup.png,0.17403661327439118,cup
train-4918_nsd-40618_car.png,0.17402334373722145,car
train-1560_nsd-11758_bottle.png,0.1738909532974646,bottle
train-6606_nsd-49153_oven.png,0.17388266528166146,oven
train-0892_nsd-07675_car.png,0.1738585351463858,car
train-4215_nsd-31078_chair.png,0.17373876116827822,chair
train-5246_nsd-38971_potted plant.png,0.1737288041875655,potted plant
train-2079_nsd-17475.png,0.17368316518586724,cup
train-8596_nsd-63659_laptop.png,0.17361853450735112,laptop
train-8366_nsd-67301.png,0.17358863031397367,car
train-3861_nsd-31330_tv.png,0.17356041073842277,tv
train-6109_nsd-48878_microwave.png,0.17355964896645024,microwave
train-2582_nsd-21367.png,0.1734857412165319,cup
train-5249_nsd-39261.png,0.17343975602113043,oven
train-9737_nsd-72137_potted plant.png,0.1734388616534192,potted plant
train-8764_nsd-64930.png,0.1734264424597337,car
train-7821_nsd-64794_tv.png,0.17335855696900748,tv
train-7338_nsd-54833_cup.png,0.17329000502753758,cup
train-6516_nsd-48067.png,0.17327205730280615,fork
train-9191_nsd-67936_bottle.png,0.17327191273483955,bottle
train-2200_nsd-16523_oven.png,0.17318894385368533,oven
train-4046_nsd-30145_chair.png,0.17317789804284597,chair
train-4164_nsd-30815.png,0.1731342217837397,chair
train-1297_nsd-09735_laptop.png,0.1729643893036861,laptop
train-0750_nsd-06489_potted plant.png,0.17282066429639595,potted plant
train-4936_nsd-40747_chair.png,0.17279975321465998,chair
train-0579_nsd-04970.png,0.17276005686691465,oven
train-7934_nsd-66134_microwave.png,0.17266669684817795,microwave
train-8031_nsd-59294.png,0.1726233264524138,car
train-7790_nsd-64940.png,0.1725007812685532,tv
train-2360_nsd-17544_chair.png,0.17244470642933715,chair
train-2765_nsd-20414_microwave.png,0.17239502690311742,microwave
train-2494_nsd-18220.png,0.172280048832495,chair
train-4551_nsd-33779.png,0.17220538917150846,oven
train-0788_nsd-06196_potted plant.png,0.17219794773282981,potted plant
train-4101_nsd-30935.png,0.17212484781177093,chair
train-2280_nsd-16558_laptop.png,0.17208951087677032,laptop
train-3372_nsd-27652_cup.png,0.17202803709716508,cup
test-0145_nsd-26647.png,0.1719896987418298,keyboard
train-3045_nsd-25100_stop sign.png,0.17195658048926904,stop sign
train-1225_nsd-09359.png,0.1719168778212205,chair
train-6910_nsd-55654.png,0.17188428635034153,potted plant
train-6002_nsd-44817.png,0.1717886585212608,fork
train-5937_nsd-47751.png,0.17170523515798364,car
train-2173_nsd-18118_chair.png,0.17170036318891643,chair
train-4628_nsd-38228_potted plant.png,0.17168382175236926,potted plant
train-7483_nsd-55669_bottle.png,0.17162289187924823,bottle
train-6706_nsd-55639_tv.png,0.17143841893716233,tv
train-9318_nsd-68925_potted plant.png,0.1714208122086138,potted plant
train-2395_nsd-19962.png,0.1714145438282686,car
train-4037_nsd-29814.png,0.17123490714615827,chair
train-2618_nsd-22027.png,0.1709853736753996,potted plant
train-1618_nsd-13639.png,0.17081141352806292,bottle
train-5334_nsd-39579.png,0.17080091415053303,chair
train-5175_nsd-38641_laptop.png,0.17076257908999548,laptop
train-8674_nsd-69790.png,0.17067955668532475,car
train-2392_nsd-17428_chair.png,0.17066488489308365,chair
train-9259_nsd-68743.png,0.17053624796710912,car
train-1771_nsd-14313_chair.png,0.17044786628704447,chair
train-1432_nsd-10753_chair.png,0.1702187489224381,chair
train-6171_nsd-51062_laptop.png,0.17010762639173713,laptop
train-3715_nsd-30137_cup.png,0.17007394315006905,cup
train-0412_nsd-03458_microwave.png,0.17001492506399093,microwave
train-3043_nsd-22548.png,0.16978362526304044,tv
train-6299_nsd-46831_oven.png,0.16969541312937675,oven
train-5490_nsd-40864.png,0.16966719804506838,oven
train-0802_nsd-07401.png,0.16960411484833476,fork
train-5800_nsd-42833_potted plant.png,0.16956147526966556,potted plant
train-1408_nsd-10824_chair.png,0.16953917717941197,chair
train-2266_nsd-16462_chair.png,0.1694736788240267,chair
train-1549_nsd-12556.png,0.16932953831930517,oven
train-5746_nsd-46826_potted plant.png,0.1692919548642561,potted plant
train-8939_nsd-66111_chair.png,0.16923009881140563,chair
train-3858_nsd-29017_chair.png,0.16897708520559504,chair
train-7122_nsd-53262.png,0.16880180632488917,fork
train-0412_nsd-03458_oven.png,0.16857140499188517,oven
train-2590_nsd-21211.png,0.1685645703558414,car
train-0830_nsd-06502_chair.png,0.16854281639467164,chair
train-6153_nsd-45996_bottle.png,0.16853431634911245,bottle
train-1556_nsd-12639_chair.png,0.16843012747453256,chair
train-4764_nsd-35512_chair.png,0.1683440509523678,chair
train-2275_nsd-17602_chair.png,0.1683221187840525,chair
train-0946_nsd-07248_laptop.png,0.1681130897205816,laptop
train-3356_nsd-27326.png,0.16802546360564946,car
train-1166_nsd-09409_chair.png,0.1680208544178095,chair
train-3659_nsd-29931.png,0.16785406443362333,chair
train-6961_nsd-51857.png,0.1678181001537906,bottle
train-5590_nsd-45081.png,0.1677158887919993,car
train-9718_nsd-71965_car.png,0.16769569419431746,car
test-0037_nsd-10835_potted plant.png,0.16757711224200864,potted plant
test-0001_nsd-00082_laptop.png,0.16749004255774314,laptop
train-1942_nsd-15760_oven.png,0.16725426089665735,oven
train-1091_nsd-09251_keyboard.png,0.1671397622561029,keyboard
train-3661_nsd-29639_oven.png,0.1670600048708662,oven
train-1395_nsd-10739_chair.png,0.16696016628465932,chair
train-1602_nsd-12048.png,0.16669672116395526,car
train-4744_nsd-35039_cup.png,0.16653415273034003,cup
train-5580_nsd-45595_bottle.png,0.16652083443032978,bottle
train-6440_nsd-47826_laptop.png,0.16649792365410504,laptop
train-9664_nsd-71683.png,0.16646386022272125,laptop
train-1689_nsd-13613_car.png,0.1663809967446088,car
train-2683_nsd-22260_chair.png,0.1663756688692269,chair
train-1703_nsd-14461_cup.png,0.16624852752414462,cup
train-3789_nsd-28158.png,0.16620649468111737,car
train-0133_nsd-01119_chair.png,0.16599245199066925,chair
train-6116_nsd-49628_laptop.png,0.1658523759924612,laptop
train-2249_nsd-18778_chair.png,0.16563248095575225,chair
train-8030_nsd-67044_oven.png,0.16562158049726175,oven
train-6730_nsd-50147_bottle.png,0.16558721922720845,bottle
train-0716_nsd-05885.png,0.16550174671659995,laptop
train-3133_nsd-23310.png,0.16545044600008424,chair
test-0134_nsd-60124_chair.png,0.1650768123580423,chair
train-4134_nsd-33759_bottle.png,0.1649618260033903,bottle
train-8825_nsd-65374_tv.png,0.16483094780681531,tv
train-0296_nsd-02690_chair.png,0.16482260151116895,chair
train-6614_nsd-54735_oven.png,0.16480451186327516,oven
train-2231_nsd-18635_chair.png,0.16477609215467143,chair
train-3517_nsd-28805_bottle.png,0.1647026030053221,bottle
train-0862_nsd-07369_chair.png,0.16469979228273984,chair
train-3683_nsd-27254_oven.png,0.16466280813999862,oven
test-0068_nsd-18070_tv.png,0.16458395145010785,tv
train-3762_nsd-30563.png,0.16451583388738775,cup
train-5666_nsd-45696_laptop.png,0.1644800829600576,laptop
train-2792_nsd-23196_car.png,0.16440834495454887,car
train-0048_nsd-00330_chair.png,0.16434136767708996,chair
train-3284_nsd-26879.png,0.1642320168214387,chair
train-6581_nsd-49139.png,0.1641655608538243,potted plant
train-9143_nsd-67725.png,0.16412938366525373,car
train-0186_nsd-01569_chair.png,0.16412250513060087,chair
train-6897_nsd-51338.png,0.16400120219955444,tv
train-2348_nsd-17118_laptop.png,0.1638198330480202,laptop
train-7636_nsd-61374.png,0.1638193077759631,microwave
train-0572_nsd-05191_chair.png,0.16381361904878658,chair
train-4213_nsd-31140_stop sign.png,0.16378287526497384,stop sign
test-0080_nsd-20571.png,0.16375863334944626,fork
train-0198_nsd-01568.png,0.16374771447642683,chair
train-8602_nsd-64121.png,0.163701220864554,tv
train-4724_nsd-34928.png,0.16338646584881883,car
train-8596_nsd-71482_car.png,0.1633753186392355,car
train-3063_nsd-22789.png,0.16332191159009266,fork
train-9810_nsd-72765_oven.png,0.16314538287416466,oven
train-6304_nsd-46949_sink.png,0.16312594399856084,sink
train-4342_nsd-35632_chair.png,0.16299676835603166,chair
train-0500_nsd-04097_chair.png,0.16295115660912207,chair
train-6805_nsd-54843.png,0.1629503569355966,potted plant
train-0232_nsd-02029.png,0.16291994912777177,fork
train-0937_nsd-08333_potted plant.png,0.1628788575310134,potted plant
train-8778_nsd-70530.png,0.16279100876274308,car
train-5623_nsd-41760.png,0.16272578764423612,cup
train-4294_nsd-35278.png,0.16270598474150605,car
train-7119_nsd-57369_sink.png,0.16269772137990646,sink
train-4624_nsd-34403.png,0.16267453153998304,car
train-9394_nsd-69770.png,0.162664799254694,car
train-6283_nsd-46329_oven.png,0.1625743539790736,oven
train-5024_nsd-37622_sink.png,0.16257431232635816,sink
train-2107_nsd-15843_tv.png,0.16249286699826226,tv
train-6504_nsd-48365.png,0.16243194654254153,chair
train-8679_nsd-64599_bottle.png,0.162409361006654,bottle
train-1489_nsd-11242.png,0.16239961945661305,car
train-9766_nsd-72355.png,0.1623446360152205,car
train-5072_nsd-41003.png,0.16228165885572485,car
train-5879_nsd-48594_bottle.png,0.16211614142769235,bottle
train-4900_nsd-36254_clock.png,0.16209132272094165,clock
train-5528_nsd-41208.png,0.16206912639612608,chair
train-5064_nsd-41889_tv.png,0.16186187004751074,tv
train-6527_nsd-52757_chair.png,0.1614913899187461,chair
train-0892_nsd-08015.png,0.16147285166044947,chair
train-5944_nsd-43764.png,0.16146634116630995,chair
train-5253_nsd-38828.png,0.16145859993303022,cup
train-5390_nsd-40204.png,0.16137853823558493,cup
train-7041_nsd-52390.png,0.1613629916175145,fork
train-9054_nsd-67137_oven.png,0.16124127031706095,oven
train-2227_nsd-16150.png,0.161187526299307,sink
train-0739_nsd-06084.png,0.16117343264124492,fork
train-3232_nsd-24035.png,0.16115059517959857,car
train-1528_nsd-12370_laptop.png,0.1610880910374756,laptop
train-1581_nsd-13312_chair.png,0.16106962464194974,chair
train-0712_nsd-06594_oven.png,0.1609649181130157,oven
train-6100_nsd-48837_keyboard.png,0.16095329052588014,keyboard
train-8925_nsd-66187.png,0.1607729369676107,car
train-7222_nsd-53741.png,0.16076805518728965,car
train-6580_nsd-49133.png,0.16033827027111272,chair
train-1598_nsd-12865_laptop.png,0.1602642443331601,laptop
train-8426_nsd-62348.png,0.16015123747886842,car
train-0926_nsd-06482_tv.png,0.16009723616995203,tv
train-6643_nsd-48894.png,0.1599292350101047,car
train-7724_nsd-63965_tv.png,0.15992358364156506,tv
train-6930_nsd-51590_oven.png,0.15970529870195582,oven
train-4835_nsd-39070_tv.png,0.15964814591163412,tv
train-6710_nsd-55659.png,0.15957715068589579,car
train-5269_nsd-43074.png,0.15947670174859369,microwave
train-5310_nsd-43784_car.png,0.15933446893634837,car
train-0826_nsd-06489_potted plant.png,0.159292473388599,potted plant
train-8682_nsd-69850.png,0.15918646236116574,car
train-2247_nsd-19075_car.png,0.15913216847991093,car
train-1300_nsd-09812_chair.png,0.15912277175485526,chair
train-7929_nsd-58548_car.png,0.15907658067899297,car
train-3171_nsd-23579.png,0.15885585663938928,cup
train-7528_nsd-62683.png,0.15882615594562505,car
train-3171_nsd-23455_stop sign.png,0.15879860084914568,stop sign
train-1523_nsd-11505_sink.png,0.15878276254717408,sink
train-1963_nsd-15919_chair.png,0.15859083798025034,chair
train-1692_nsd-13751_potted plant.png,0.158582966373707,potted plant
train-5491_nsd-45076_car.png,0.1585538075962873,car
train-9656_nsd-71565.png,0.1584914233110514,potted plant
train-1290_nsd-09063_chair.png,0.15845849601383105,chair
train-6096_nsd-45310_bottle.png,0.15845810690932416,bottle
train-1310_nsd-11016.png,0.1584385145946934,cup
train-8095_nsd-60038_car.png,0.1584171119992675,car
train-6481_nsd-48247.png,0.15827992851114286,chair
train-1217_nsd-10272_tv.png,0.15821776762471867,tv
train-3686_nsd-30339_chair.png,0.15819716649307708,chair
train-5833_nsd-48044.png,0.1581844284426674,bottle
train-5688_nsd-45847_bottle.png,0.15817522299183986,bottle
train-2647_nsd-22182.png,0.1581477529118729,tv
train-7504_nsd-60215_car.png,0.1580820492813373,car
train-3699_nsd-30411_car.png,0.1580604192953914,car
train-5089_nsd-41133_oven.png,0.15801643280896552,oven
train-8167_nsd-61077_potted plant.png,0.1579790772045819,potted plant
train-8435_nsd-70116_laptop.png,0.15774330432809555,laptop
train-3898_nsd-29374_laptop.png,0.15774330213078314,laptop
train-5000_nsd-40409.png,0.1576946622698194,oven
train-0852_nsd-07004.png,0.15768122842291918,cup
train-5210_nsd-38751_oven.png,0.1576710892039615,oven
train-0401_nsd-03338.png,0.15765910587782847,car
train-8852_nsd-71260.png,0.1575901872901456,car
train-7883_nsd-58615.png,0.15755300674069467,car
train-8311_nsd-69001.png,0.15753044768779167,car
train-2566_nsd-19832.png,0.15751724620172586,car
train-8363_nsd-67283.png,0.15743640051500096,oven
train-2304_nsd-17083_laptop.png,0.15735326679093675,laptop
train-5343_nsd-43914_mouse.png,0.15721902578359997,mouse
train-5351_nsd-39767.png,0.15717250948883396,potted plant
train-2942_nsd-22645_cup.png,0.15693208614400522,cup
train-1598_nsd-12995.png,0.15691403857160105,fork
train-5312_nsd-39435_tv.png,0.15684157671390664,tv
train-8352_nsd-67173.png,0.1568241070920695,car
train-7665_nsd-63442_car.png,0.15675271219916384,car
train-8004_nsd-64438.png,0.15672188206356194,car
train-2083_nsd-15703_chair.png,0.15664253079348214,chair
train-6078_nsd-49327_chair.png,0.15647484243984477,chair
train-6864_nsd-51062_laptop.png,0.15640700937074217,laptop
train-8549_nsd-71081.png,0.15638567335813813,stop sign
train-0607_nsd-04237_oven.png,0.1563434460297951,oven
train-7480_nsd-55641.png,0.1561594486238487,potted plant
train-5659_nsd-46465_chair.png,0.15613999860894098,chair
train-5936_nsd-44027_chair.png,0.15611367989981426,chair
train-5406_nsd-44406.png,0.15608370064699828,bottle
train-4100_nsd-33521_tv.png,0.1559501981235228,tv
train-8931_nsd-66382.png,0.15593369137044066,car
train-4228_nsd-34711.png,0.15566766421992162,cup
train-5839_nsd-43324.png,0.15565430313504375,potted plant
train-0868_nsd-06732_sink.png,0.15557968530955069,sink
train-3174_nsd-26030.png,0.15548581105006395,car
train-8102_nsd-67512.png,0.15546257362987076,car
train-8881_nsd-71355_car.png,0.15532720995130495,car
train-0317_nsd-03001.png,0.15532692673322188,car
train-2463_nsd-18321.png,0.15525010455851582,oven
train-7819_nsd-65110.png,0.15524621857613694,car
train-7709_nsd-56974_keyboard.png,0.15498924101934,keyboard
train-5766_nsd-46966.png,0.15488900674064165,chair
train-0194_nsd-01553_oven.png,0.15482743063816987,oven
train-1861_nsd-13928_microwave.png,0.15481297501233707,microwave
train-5567_nsd-41568_chair.png,0.15477854010877617,chair
train-2084_nsd-17570_oven.png,0.15473802856244576,oven
train-5355_nsd-39732_sink.png,0.15472460906155536,sink
train-5221_nsd-38794.png,0.1547002888507037,fork
train-7276_nsd-58350_sink.png,0.15463991297189905,sink
train-8043_nsd-59734.png,0.15463584808436742,bottle
train-4579_nsd-37092.png,0.154627947912285,bottle
train-9652_nsd-71604_potted plant.png,0.15445751846832353,potted plant
train-6178_nsd-49425_sink.png,0.15435706539948113,sink
train-6260_nsd-46460_chair.png,0.1542853586915007,chair
train-3936_nsd-32201_potted plant.png,0.1542645399094957,potted plant
train-8178_nsd-67827_chair.png,0.1540236045953923,chair
train-5369_nsd-43307_laptop.png,0.15400255159165235,laptop
train-5164_nsd-38598_bottle.png,0.1538641776126574,bottle
train-7852_nsd-62989.png,0.1538087301742285,car
train-9000_nsd-72345.png,0.15374542487724607,chair
train-7140_nsd-52993.png,0.15359425968558765,car
train-7130_nsd-59074_laptop.png,0.15359193226939868,laptop
train-7777_nsd-57505.png,0.15344874084137328,car
train-4905_nsd-36583.png,0.1533502500760288,car
train-7762_nsd-64316.png,0.15331913865170613,cup
train-9065_nsd-72814_car.png,0.15329955466553927,car
train-7747_nsd-57459_sink.png,0.1532193843997803,sink
train-7340_nsd-54692.png,0.15298857383649114,car
train-0503_nsd-04234.png,0.15294014058480476,chair
test-0012_nsd-01316.png,0.15280077691037475,fork
train-5505_nsd-40957_laptop.png,0.15272159974410424,laptop
train-1920_nsd-15500_laptop.png,0.15270253046990437,laptop
train-6459_nsd-48018.png,0.1526884105929172,cup
train-9814_nsd-72818.png,0.15253107360581236,oven
train-7472_nsd-62197_tv.png,0.15252299426716084,tv
train-1204_nsd-09674.png,0.1525223482840614,chair
train-3811_nsd-31204_potted plant.png,0.1525170616283424,potted plant
train-3196_nsd-23647.png,0.15242526628052364,car
train-0923_nsd-07100_potted plant.png,0.1523997574920079,potted plant
train-6919_nsd-50941.png,0.1522828093597225,car
train-7842_nsd-58547_car.png,0.152265511525306,car
train-4816_nsd-39847.png,0.15223627541310827,chair
train-6709_nsd-53438_chair.png,0.1522342878440317,chair
train-2891_nsd-23762_laptop.png,0.15218468394149004,laptop
train-8963_nsd-66654_laptop.png,0.15217485498097588,laptop
test-0189_nsd-45692.png,0.1521643752367099,cup
train-6673_nsd-49116.png,0.15204936165675245,car
train-9187_nsd-68042.png,0.1520331271020281,car
train-4120_nsd-33634.png,0.15197863082637253,chair
train-8929_nsd-71820.png,0.1518555818439885,cup
train-2328_nsd-17967_oven.png,0.15177443122718215,oven
train-0739_nsd-05823_oven.png,0.1516599291600763,oven
train-4445_nsd-33015_chair.png,0.15164173167778303,chair
train-6847_nsd-51018_car.png,0.1516276979560402,car
train-7906_nsd-58626.png,0.15162001327401886,car
train-2731_nsd-20320_oven.png,0.15144183520842652,oven
train-7364_nsd-59047.png,0.15143372658835685,tv
train-7462_nsd-61871_cup.png,0.15135298335810102,cup
train-6763_nsd-50477_laptop.png,0.15118934834913128,laptop
train-5503_nsd-45194.png,0.15111251446398982,bottle
train-4893_nsd-40362_chair.png,0.1507714165954329,chair
train-2797_nsd-23241_laptop.png,0.15071649705779566,laptop
train-5126_nsd-41947_chair.png,0.15057632410582739,chair
train-6059_nsd-45305.png,0.15057066020516546,potted plant
train-3607_nsd-27326.png,0.1503656556057104,car
train-4949_nsd-40862_potted plant.png,0.1502753689312448,potted plant
train-0082_nsd-00661_chair.png,0.15026026916958019,chair
train-3341_nsd-27425_sink.png,0.15020043188950655,sink
train-2110_nsd-17684_cup.png,0.1501595512249447,cup
train-7746_nsd-57794_tv.png,0.1500804650491653,tv
train-8677_nsd-64321.png,0.15004176867646557,cup
train-0877_nsd-06489_potted plant.png,0.1499034017369152,potted plant
train-4442_nsd-32932.png,0.14980872570684442,tv
test-0119_nsd-31079_chair.png,0.14973722370140066,chair
train-6096_nsd-48825.png,0.14966073306369215,car
train-3954_nsd-31964_tv.png,0.1495847709950652,tv
train-6142_nsd-45945.png,0.1493965268465816,car
train-1575_nsd-11848_car.png,0.14936410445856815,car
train-4732_nsd-35000_chair.png,0.14911297375155888,chair
train-9150_nsd-67890.png,0.14908240095117137,car
train-1211_nsd-09718_laptop.png,0.14880004360450885,laptop
train-5322_nsd-39725_laptop.png,0.14866561514574875,laptop
train-7136_nsd-59434_oven.png,0.14865581122426186,oven
train-1813_nsd-13621.png,0.14849706636741752,bottle
train-6869_nsd-56996.png,0.1484560795821158,car
train-9533_nsd-70595.png,0.14832319793477258,car
train-5394_nsd-40061_car.png,0.14821439530960662,car
train-4965_nsd-40935_chair.png,0.14778079067164435,chair
train-0236_nsd-02030.png,0.14767560980476924,cup
train-3146_nsd-25793.png,0.1476413182370989,car
train-7256_nsd-54242.png,0.14755050103466685,microwave
train-1464_nsd-11748_laptop.png,0.14749424184024765,laptop
train-2236_nsd-18105_tv.png,0.14745990772450202,tv
train-4713_nsd-34859_laptop.png,0.14734157134544743,laptop
train-3746_nsd-28280_bottle.png,0.14719987011342145,bottle
test-0090_nsd-22545_car.png,0.14719249847075286,car
train-9095_nsd-67435.png,0.14704090896468824,car
train-5770_nsd-42630.png,0.14703824163526208,car
train-0736_nsd-05707.png,0.1470352699609089,tv
train-7242_nsd-60003_potted plant.png,0.14694925856345964,potted plant
train-5367_nsd-40041.png,0.1467507815204912,car
train-9018_nsd-67053_car.png,0.14668422509698714,car
train-2300_nsd-17065_tv.png,0.14663107773714937,tv
train-8658_nsd-71984_car.png,0.14662510759825478,car
train-0945_nsd-07043_chair.png,0.14651155557454998,chair
train-8020_nsd-59221_car.png,0.14637176530734974,car
train-5153_nsd-42475_tv.png,0.1462926111696845,tv
train-0217_nsd-01859_fork.png,0.14621040271027133,fork
train-0253_nsd-02128_potted plant.png,0.146155759568291,potted plant
train-0928_nsd-06490_bottle.png,0.14615274128311956,bottle
train-0541_nsd-04591.png,0.14613909248064802,tv
train-9543_nsd-70761_laptop.png,0.14608063197082016,laptop
train-3056_nsd-22696_cup.png,0.14596869256449102,cup
train-2219_nsd-18856_potted plant.png,0.14595500887777635,potted plant
train-6455_nsd-51610.png,0.1459314122320506,potted plant
train-3711_nsd-30106.png,0.14585908572916673,laptop
train-2206_nsd-17021.png,0.14580426534786406,cup
train-0607_nsd-04905.png,0.14563486119006472,chair
train-6464_nsd-53697_chair.png,0.14558578619812337,chair
train-8136_nsd-60883_bottle.png,0.14552187010580198,bottle
test-0108_nsd-18664_chair.png,0.1455148097362491,chair
train-1839_nsd-13175_car.png,0.14548976223792243,car
train-6376_nsd-47262.png,0.145406747999552,potted plant
train-8079_nsd-60369_toilet.png,0.14536801778314382,toilet
train-2067_nsd-15582_bottle.png,0.14534588390161352,bottle
train-3957_nsd-32536.png,0.1453293890862795,oven
train-7985_nsd-66526_potted plant.png,0.14530997331429685,potted plant
train-6598_nsd-54602.png,0.14496673934119012,potted plant
train-6147_nsd-50848_microwave.png,0.14487239776569488,microwave
train-5435_nsd-40473.png,0.14483007536295395,car
train-3197_nsd-26217_chair.png,0.14475603415476196,chair
train-7887_nsd-63331.png,0.14469495169518828,chair
train-5156_nsd-42528.png,0.1445647828828471,car
train-3269_nsd-26720_chair.png,0.14440991533893022,chair
train-4674_nsd-38548_oven.png,0.14410006258594996,oven
train-0804_nsd-06489_potted plant.png,0.14402695018169237,potted plant
train-0459_nsd-03855_chair.png,0.14400379489489168,chair
train-9826_nsd-72885_cup.png,0.14398080353906179,cup
train-0945_nsd-08394.png,0.14394010933152146,oven
train-5132_nsd-38081_tv.png,0.1438537353358187,tv
train-8661_nsd-64293.png,0.14380224385101537,chair
train-4516_nsd-37095_chair.png,0.14374488825950282,chair
train-3416_nsd-28031_chair.png,0.14371802731290376,chair
train-5675_nsd-42369.png,0.1436626866136706,laptop
train-8824_nsd-70834.png,0.1436517572192533,car
train-3460_nsd-25578.png,0.14359962448244962,fork
train-7299_nsd-60407_tv.png,0.1435606324513904,tv
train-8577_nsd-63945_laptop.png,0.14354608586102383,laptop
train-6718_nsd-50100.png,0.14353307033411994,car
train-4631_nsd-34316.png,0.14349322553174396,potted plant
train-9677_nsd-71669.png,0.14329755872625444,car
train-8299_nsd-69065.png,0.14327920291788296,car
train-4797_nsd-39597.png,0.14321924171206396,chair
train-5255_nsd-38837.png,0.14312832138103534,oven
train-3078_nsd-23538_oven.png,0.1430354441048132,oven
train-2003_nsd-16316.png,0.14295538211702935,toilet
train-5683_nsd-42517.png,0.1428739154668844,car
train-3500_nsd-25906_microwave.png,0.1428648015249936,microwave
train-5676_nsd-46663.png,0.14277493787693038,car
train-3670_nsd-27139_microwave.png,0.1426372104311994,microwave
train-5301_nsd-39350.png,0.14255564983416857,tv
train-4829_nsd-36010_laptop.png,0.14251207941716043,laptop
train-1413_nsd-11209_keyboard.png,0.14247333069704382,keyboard
train-4708_nsd-35081_potted plant.png,0.14240324614553385,potted plant
train-8444_nsd-63060_laptop.png,0.14237284693951444,laptop
train-8520_nsd-70755.png,0.14236781939808452,car
train-8366_nsd-61947.png,0.14233570987776514,bottle
train-6552_nsd-54275.png,0.1422959115089719,car
train-4668_nsd-38502.png,0.14229452476014787,toilet
train-8496_nsd-68327_chair.png,0.14229310998821676,chair
train-3893_nsd-31931_microwave.png,0.14212595687634413,microwave
train-8931_nsd-66189.png,0.14207115049675176,car
train-1009_nsd-07748.png,0.14206956289522957,tv
test-0217_nsd-41096_chair.png,0.1420680115854875,chair
train-8351_nsd-61805.png,0.14196131262195558,chair
train-2270_nsd-18368.png,0.14194926003080885,cup
train-2349_nsd-19945_chair.png,0.14184804949642496,chair
train-7269_nsd-54049.png,0.14171737355828884,clock
train-1844_nsd-13816.png,0.1416916799827688,car
train-3446_nsd-25433.png,0.1414673493880734,fork
train-2142_nsd-17299_sink.png,0.14139944326551718,sink
train-3490_nsd-26481_chair.png,0.141387569880257,chair
train-0945_nsd-07689_oven.png,0.14137614061746404,oven
train-4866_nsd-39836.png,0.14128457265318628,car
train-5641_nsd-46372.png,0.1412668145588123,cup
train-7182_nsd-57809_car.png,0.14121078291700687,car
train-4859_nsd-39778.png,0.14118035125396725,car
train-4781_nsd-35268.png,0.14117385123660461,car
train-2163_nsd-15607.png,0.14117147235832853,fork
train-6723_nsd-53567_cup.png,0.14103295545221792,cup
train-6551_nsd-54262_oven.png,0.14097311527181003,oven
train-1249_nsd-10629_oven.png,0.1407405864550091,oven
train-4772_nsd-38577_chair.png,0.14072796108167804,chair
train-5982_nsd-49410.png,0.14063605518698055,laptop
train-0831_nsd-06207.png,0.14059612353645956,fork
train-2508_nsd-21216_chair.png,0.14051784418380836,chair
train-6328_nsd-47201.png,0.140516820639714,oven
train-7583_nsd-60909_potted plant.png,0.14048712525124737,potted plant
train-3360_nsd-25004_sink.png,0.14034555425604608,sink
train-1188_nsd-10045.png,0.14031684649440046,fork
train-3654_nsd-27018.png,0.14031049648485966,car
train-1079_nsd-07566_laptop.png,0.14029072814150187,laptop
train-8944_nsd-71950_laptop.png,0.14024891793305613,laptop
train-7151_nsd-59585_keyboard.png,0.14023806445055925,keyboard
train-3226_nsd-23887.png,0.14021827664447736,car
train-6765_nsd-50291_laptop.png,0.14017556574686396,laptop
train-4116_nsd-33890_tv.png,0.1401674287162688,tv
train-4785_nsd-38641_keyboard.png,0.14000575283053898,keyboard
train-7459_nsd-59773.png,0.13980100174901464,cup
train-5402_nsd-44440.png,0.13979233697730334,car
train-4567_nsd-37507.png,0.13978554037276136,car
test-0064_nsd-28077_chair.png,0.13963543371483716,chair
train-1901_nsd-15385.png,0.13954376427891566,chair
train-7874_nsd-63232.png,0.13951458332787972,car
train-5456_nsd-40645.png,0.13949252198712814,cup
train-7670_nsd-61556.png,0.13949089603299708,fork
train-5519_nsd-45094_chair.png,0.13948951538167412,chair
train-1296_nsd-09110.png,0.13941595948963434,cup
train-8125_nsd-67326_chair.png,0.13935531206670476,chair
train-4264_nsd-31475.png,0.1392260932736901,cup
train-9064_nsd-66908_tv.png,0.13921471331228857,tv
train-6741_nsd-49595.png,0.1390182559978935,potted plant
train-4250_nsd-34779_oven.png,0.13893105948033527,oven
train-5723_nsd-42867_tv.png,0.13891090348234864,tv
train-4143_nsd-30601.png,0.13864867801561315,car
train-6214_nsd-46107_cup.png,0.13861718984842428,cup
train-1978_nsd-16616_tv.png,0.1386021379249738,tv
train-4796_nsd-39274_laptop.png,0.13852260788416232,laptop
train-3626_nsd-27494_bottle.png,0.13846866749518535,bottle
train-1011_nsd-08891_tv.png,0.13794617900373132,tv
train-7182_nsd-53754.png,0.13786843582545058,cup
train-4456_nsd-33065.png,0.13778034703944225,car
train-6501_nsd-48353.png,0.13770438445207098,tv
train-6322_nsd-46987_keyboard.png,0.1376236142865372,keyboard
train-1199_nsd-09162_laptop.png,0.13755238046532334,laptop
train-6381_nsd-47286.png,0.1374739436668505,car
train-3633_nsd-29754.png,0.13721552430474737,tv
train-3801_nsd-31075_laptop.png,0.1372071202567847,laptop
train-4248_nsd-34756.png,0.13718441777477733,car
train-0612_nsd-05600.png,0.13715778834425768,tv
train-2943_nsd-22660.png,0.1370193136909424,car
train-2844_nsd-22002.png,0.13700831453801715,microwave
train-3332_nsd-24794_sink.png,0.13700799570305086,sink
train-3402_nsd-27676.png,0.13700780536387622,tv
train-3614_nsd-29666.png,0.13700284187932327,oven
train-7491_nsd-62039_microwave.png,0.13697250505060884,microwave
train-6707_nsd-50039.png,0.136943583618657,car
train-8115_nsd-60142_microwave.png,0.1368642613997904,microwave
train-9002_nsd-72352_tv.png,0.13686393477280706,tv
train-4963_nsd-36824_oven.png,0.13682764121290752,oven
train-9096_nsd-67190.png,0.1367784469651493,fork
train-4662_nsd-34854_sink.png,0.13668390473135472,sink
train-4253_nsd-34906_bottle.png,0.13667892602909257,bottle
train-1357_nsd-10873_tv.png,0.136604085810976,tv
train-0990_nsd-06879.png,0.1365958842887589,car
train-7347_nsd-58776.png,0.13658440859319468,tv
train-5745_nsd-46258.png,0.1365048538924947,car
train-5337_nsd-39844_bottle.png,0.13628984207656003,bottle
train-4335_nsd-35580.png,0.13614554537816037,car
train-2530_nsd-21311_laptop.png,0.1361227455403965,laptop
train-2070_nsd-17443_car.png,0.13610831512247656,car
train-9241_nsd-68408.png,0.13609704882861623,car
train-1917_nsd-13765_chair.png,0.13603641845179382,chair
train-3724_nsd-30601.png,0.13597716669471316,car
train-0726_nsd-05756_tv.png,0.13591339150332865,tv
train-4079_nsd-33402.png,0.13584832515021367,car
train-6911_nsd-55244_sink.png,0.13574747384645947,sink
train-3052_nsd-23375_laptop.png,0.13570739911316246,laptop
train-2871_nsd-23259_sink.png,0.13568195743985417,sink
train-8009_nsd-59139_chair.png,0.13562251470478376,chair
train-3784_nsd-28524_car.png,0.13539825781347078,car
train-1080_nsd-08043_tv.png,0.135304967316758,tv
train-6734_nsd-53625.png,0.13525121229466033,chair
train-6879_nsd-51247.png,0.13522132250222135,potted plant
train-4063_nsd-30601.png,0.13516282264477325,car
train-5494_nsd-44913_tv.png,0.13510673497725015,tv
train-5523_nsd-44483_laptop.png,0.13497668727564446,laptop
train-3864_nsd-28615_potted plant.png,0.13494914666618754,potted plant
train-6334_nsd-47290_chair.png,0.1349424619017251,chair
train-2774_nsd-21486_oven.png,0.1349112996112825,oven
train-1740_nsd-14157.png,0.13481144226824943,potted plant
train-1062_nsd-07921.png,0.13475109476982677,cup
train-1563_nsd-11773.png,0.13473195954192094,chair
train-4072_nsd-30131_car.png,0.13472910863063944,car
train-3582_nsd-28985.png,0.13456391297792794,car
train-8664_nsd-64508_tv.png,0.13455721541303645,tv
train-8192_nsd-60800_tv.png,0.1345186032138834,tv
train-3614_nsd-26817_sink.png,0.13447183236241902,sink
train-6435_nsd-47700_tv.png,0.1344313714133568,tv
train-7488_nsd-62028_tv.png,0.1344136771923006,tv
train-6824_nsd-50211_tv.png,0.1343213311247238,tv
train-4350_nsd-35858_tv.png,0.1343120296342233,tv
train-6953_nsd-51790.png,0.13427658097357176,fork
train-1473_nsd-12446.png,0.13421982346273645,potted plant
train-2181_nsd-15773.png,0.1342130811898573,potted plant
train-6956_nsd-55596.png,0.13414320882834918,car
train-4364_nsd-35409.png,0.1341312449524487,cup
train-2668_nsd-19870_tv.png,0.13411919667440067,tv
train-2594_nsd-19289_laptop.png,0.13410512844325928,laptop
train-5650_nsd-45595_bottle.png,0.133954507533894,bottle
train-4404_nsd-32645.png,0.13379002992952446,potted plant
train-1529_nsd-12904_mouse.png,0.13375037089911168,mouse
train-3821_nsd-31364.png,0.13349399697091682,car
train-3687_nsd-30169.png,0.13347842457506662,car
train-5116_nsd-38214.png,0.13343952027857076,car
train-9094_nsd-67172_sink.png,0.13339616309413785,sink
train-7423_nsd-55448_tv.png,0.13334249150968952,tv
train-3745_nsd-30646_oven.png,0.1332898938800345,oven
train-5584_nsd-41370_stop sign.png,0.13324518638571325,stop sign
train-4779_nsd-39128.png,0.13319907650551074,chair
train-8339_nsd-61826.png,0.13315911960339627,clock
train-0900_nsd-07333.png,0.13305573316664068,cup
train-4660_nsd-34445.png,0.13295762662157068,car
train-3541_nsd-26310.png,0.1329094057952595,car
train-8497_nsd-62927_potted plant.png,0.13284221271946425,potted plant
train-4146_nsd-30687_oven.png,0.132831128788131,oven
train-0448_nsd-03864_tv.png,0.13275676717647045,tv
train-6709_nsd-49978_car.png,0.1327565389601602,car
train-1489_nsd-10690_chair.png,0.1324944316082587,chair
train-8657_nsd-64187.png,0.13248817000881746,car
train-8893_nsd-65836.png,0.13244223197810084,oven
train-8722_nsd-64863_laptop.png,0.13236671242235978,laptop
train-6855_nsd-56853.png,0.1323249294234745,tv
train-4307_nsd-32364_chair.png,0.13232385277198713,chair
train-3397_nsd-25763.png,0.13230241619833555,car
train-5107_nsd-41794_tv.png,0.13225188362375048,tv
train-5329_nsd-39640_tv.png,0.13214946634816252,tv
train-3296_nsd-25063.png,0.1320714822029882,car
train-9406_nsd-69839.png,0.1320610276884235,microwave
train-1768_nsd-13433_keyboard.png,0.13197359461618688,keyboard
train-8683_nsd-69839.png,0.13196121171128808,microwave
test-0084_nsd-15956_sink.png,0.13186360646144724,sink
train-0563_nsd-05110_laptop.png,0.13185687115182146,laptop
train-7282_nsd-54111_fork.png,0.13183959709957685,fork
train-3218_nsd-26364.png,0.13182340419552346,car
train-7608_nsd-56282.png,0.13182031723662627,fork
train-3655_nsd-30052.png,0.13181640371888748,car
train-2287_nsd-17682.png,0.1318154883354026,tv
train-6299_nsd-46831_tv.png,0.13173382011787294,tv
train-7108_nsd-53153.png,0.13170124771429187,car
train-3268_nsd-24194_chair.png,0.13165362767454458,chair
train-8699_nsd-72350_laptop.png,0.13165091193109477,laptop
train-3031_nsd-25011_bottle.png,0.1315524129297232,bottle
train-7229_nsd-53795_tv.png,0.13151945907419624,tv
train-0181_nsd-01795_tv.png,0.13146703374279137,tv
train-5472_nsd-40793_tv.png,0.13146091006838873,tv
train-4058_nsd-33236_tv.png,0.13139203936004862,tv
train-1159_nsd-08142_chair.png,0.1313819610255702,chair
train-2506_nsd-18305_tv.png,0.1313552017757818,tv
train-3729_nsd-30254_tv.png,0.13129563324724497,tv
train-7751_nsd-57824.png,0.1312875049579109,potted plant
train-3739_nsd-28238_car.png,0.13126106025293371,car
train-4659_nsd-34447.png,0.13125292261017762,tv
train-9716_nsd-71959_oven.png,0.13123995554389278,oven
train-3262_nsd-26720_tv.png,0.13115284612487865,tv
train-1850_nsd-15019.png,0.13113461357762676,chair
train-5772_nsd-46453.png,0.13110655759169737,stop sign
train-6244_nsd-46408_mouse.png,0.1310196959211622,mouse
test-0067_nsd-33694_tv.png,0.13098287647450865,tv
train-3230_nsd-26423.png,0.13091211058860389,potted plant
train-1316_nsd-09297_chair.png,0.1309046248270781,chair
train-3179_nsd-24220.png,0.13081291578767776,car
train-5035_nsd-37213_tv.png,0.13079079965688378,tv
train-6185_nsd-45952.png,0.1307553333215791,laptop
train-5323_nsd-39731_tv.png,0.13075011560146504,tv
train-6871_nsd-57013_tv.png,0.13068726497239164,tv
train-2412_nsd-17549_tv.png,0.13066597757175055,tv
train-6560_nsd-48987_car.png,0.13062917333999674,car
train-6659_nsd-49021_chair.png,0.13058380717461723,chair
train-6879_nsd-56814.png,0.13057404382662652,potted plant
train-1050_nsd-08125_tv.png,0.13056456752888557,tv
train-1972_nsd-14183.png,0.1305580702328472,fork
train-2430_nsd-20221_tv.png,0.1305241293650539,tv
train-3358_nsd-24975.png,0.1305203023705777,chair
train-1916_nsd-15465_potted plant.png,0.13051112999372833,potted plant
train-7931_nsd-65790_stop sign.png,0.13049252618080853,stop sign
train-1550_nsd-12512.png,0.13049172960593328,chair
train-1715_nsd-12893_chair.png,0.1304470539401836,chair
train-1768_nsd-13433_mouse.png,0.13041551667488493,mouse
train-3908_nsd-32006_potted plant.png,0.13041236768688327,potted plant
train-5640_nsd-42134_chair.png,0.1304057621298971,chair
train-7773_nsd-57465_cup.png,0.13036720095375437,cup
train-6220_nsd-46402_tv.png,0.1303394566306146,tv
train-6837_nsd-56714_tv.png,0.13025597780992276,tv
train-2409_nsd-19380_tv.png,0.13023880717609382,tv
train-7246_nsd-53822.png,0.13022499947654073,potted plant
train-5878_nsd-47782_toilet.png,0.1301516156344036,toilet
train-3896_nsd-31936_toilet.png,0.13012911026997231,toilet
train-6714_nsd-49913_laptop.png,0.13002589224761668,laptop
train-5830_nsd-43051.png,0.12998411740492916,car
train-9400_nsd-69806_laptop.png,0.12989184417374958,laptop
train-7502_nsd-60186.png,0.12983646609785499,chair
train-6833_nsd-55061_tv.png,0.1298263769712713,tv
train-2900_nsd-21457_tv.png,0.1297525420873226,tv
train-7671_nsd-63493_laptop.png,0.1296866579624671,laptop
train-1819_nsd-15372.png,0.12967434741606298,tv
train-1780_nsd-15089.png,0.12963664557458146,tv
train-1384_nsd-09880.png,0.12941271697585552,laptop
train-3677_nsd-27197.png,0.12935330655869723,potted plant
train-2081_nsd-16946_potted plant.png,0.1292925324624062,potted plant
train-3851_nsd-31608_laptop.png,0.12927156074938548,laptop
train-3463_nsd-28379_potted plant.png,0.12925154936427402,potted plant
train-3330_nsd-24784_chair.png,0.12921830779641783,chair
train-5926_nsd-48931.png,0.12916114299547962,car
train-9654_nsd-71622_sink.png,0.12912283325222745,sink
train-3931_nsd-32273.png,0.12909293276336262,car
train-0853_nsd-07292.png,0.12906433146544724,oven
train-7472_nsd-62197_laptop.png,0.1290628993162078,laptop
train-0033_nsd-00237_toilet.png,0.12891624682549532,toilet
train-6421_nsd-53064_chair.png,0.12877862390122888,chair
train-3344_nsd-24859_car.png,0.1287411578979765,car
train-0887_nsd-07229_tv.png,0.1286670419966033,tv
train-0731_nsd-06314_tv.png,0.12864353385297628,tv
train-3183_nsd-26075_bottle.png,0.12860100696463855,bottle
train-4965_nsd-37154.png,0.128593258144306,fork
train-1543_nsd-13048_toilet.png,0.1285664444682829,toilet
train-7489_nsd-60086.png,0.12856585082164587,car
train-0682_nsd-06233_sink.png,0.12856407561458688,sink
train-5625_nsd-45945.png,0.1285376369807251,car
train-0110_nsd-00923.png,0.12844370334129565,toilet
train-2756_nsd-22797_chair.png,0.12843038504486454,chair
train-7752_nsd-57503.png,0.12837997571010984,bottle
train-6238_nsd-46372.png,0.1283758795684581,cup
train-3224_nsd-23876_potted plant.png,0.12822732762309358,potted plant
train-7635_nsd-56751_tv.png,0.12814218897663635,tv
train-3165_nsd-23510.png,0.12810052637393607,car
train-2651_nsd-19844.png,0.12804913509731233,car
train-6293_nsd-52024_chair.png,0.12798846261522492,chair
train-4655_nsd-37663_tv.png,0.1279130415491572,tv
train-5510_nsd-45370.png,0.12790021979360364,car
train-0520_nsd-04215_tv.png,0.12776082822920928,tv
train-3426_nsd-27830_bottle.png,0.12767128158880675,bottle
train-6296_nsd-52089_laptop.png,0.12752291383826553,laptop
train-1297_nsd-11063.png,0.12751916475812275,cup
train-6864_nsd-51185.png,0.12750206437803835,chair
test-0268_nsd-66824_bottle.png,0.12749408413201,bottle
train-0087_nsd-00756_tv.png,0.1274139006399112,tv
train-9009_nsd-72385_sink.png,0.12740727755606351,sink
train-2885_nsd-21408_tv.png,0.12736792409639958,tv
test-0305_nsd-55273_tv.png,0.12733761164904486,tv
train-0861_nsd-06064_toilet.png,0.1272824067200138,toilet
train-0858_nsd-07795_oven.png,0.12725828607716122,oven
train-0885_nsd-06239_cup.png,0.1272171369185562,cup
train-0838_nsd-06254_tv.png,0.12716711582432486,tv
train-9703_nsd-72061_laptop.png,0.12715665827566253,laptop
train-4844_nsd-36111_sink.png,0.1271087993402593,sink
train-1483_nsd-12540_keyboard.png,0.1270097283636281,keyboard
train-8869_nsd-65880.png,0.12700160863042873,cup
train-7602_nsd-63470.png,0.12695448422969324,laptop
train-2515_nsd-21243_sink.png,0.126943117928627,sink
train-8935_nsd-66060_stop sign.png,0.12689710015352001,stop sign
train-0974_nsd-07478.png,0.12684414409535008,chair
train-3839_nsd-31399_chair.png,0.12675708530586052,chair
train-8592_nsd-69140_laptop.png,0.1266954651845648,laptop
train-6751_nsd-50177_sink.png,0.12655039688273975,sink
train-4321_nsd-35093.png,0.12651660648066612,car
train-8718_nsd-72529_laptop.png,0.1265131342753492,laptop
train-2200_nsd-18343_tv.png,0.1264673200956867,tv
train-3217_nsd-26361_sink.png,0.12640586931541797,sink
train-8843_nsd-65459_toilet.png,0.1263332168724153,toilet
train-7594_nsd-56461.png,0.12624687838930512,potted plant
test-0292_nsd-53680.png,0.1262287356389857,bottle
train-4768_nsd-35558.png,0.12607418836097167,cup
train-2251_nsd-18283.png,0.12604204330330906,stop sign
train-3732_nsd-30304_cup.png,0.12589661846524128,cup
train-9332_nsd-69319_potted plant.png,0.1258108158544988,potted plant
train-3717_nsd-30144.png,0.12577843834479102,toilet
train-4345_nsd-35719.png,0.12576257366526,car
train-0900_nsd-06966_chair.png,0.12572282697661988,chair
train-2606_nsd-19485_cup.png,0.1257176013628063,cup
train-2036_nsd-15380_toilet.png,0.12571431788426557,toilet
train-9009_nsd-66822.png,0.12571128111372656,toilet
train-6926_nsd-55390.png,0.12570225317625047,oven
train-4548_nsd-33646_stop sign.png,0.12559777340124173,stop sign
train-9671_nsd-71726_sink.png,0.12558130345061083,sink
train-7889_nsd-58979_sink.png,0.12554534419289834,sink
train-0245_nsd-02332_sink.png,0.1254644882171436,sink
train-2866_nsd-23851.png,0.1254367072932487,car
train-3018_nsd-22425.png,0.12517829897228663,car
train-8018_nsd-59213_sink.png,0.1251464360843782,sink
train-9498_nsd-70405_bottle.png,0.1251273633190969,bottle
train-8089_nsd-59796_chair.png,0.12512588000036673,chair
train-6874_nsd-51220_potted plant.png,0.12508843742286715,potted plant
train-5803_nsd-42854_keyboard.png,0.12508802830760413,keyboard
train-2832_nsd-22974_microwave.png,0.12508393407689766,microwave
train-2745_nsd-22392_toilet.png,0.12503794076300664,toilet
train-2680_nsd-22224.png,0.12503466573368954,car
train-1576_nsd-13265.png,0.12495131867970007,oven
train-7963_nsd-59459_sink.png,0.12490264387375492,sink
train-7902_nsd-63478.png,0.1248606601427364,stop sign
train-6565_nsd-54319_sink.png,0.12477880932796813,sink
train-5061_nsd-40935_chair.png,0.12468301968389608,chair
train-7509_nsd-62164.png,0.12460685035913092,tv
train-8563_nsd-71159.png,0.12460494206030671,potted plant
train-7549_nsd-62452.png,0.12457842088165536,stop sign
test-0035_nsd-14240.png,0.12457788011084663,toilet
train-9356_nsd-69160.png,0.12457191304356847,stop sign
train-2223_nsd-18027_car.png,0.12441661343942104,car
train-9059_nsd-72774.png,0.12438410322946904,potted plant
train-5268_nsd-42510.png,0.12430263413605251,sink
train-4268_nsd-35142.png,0.12428006709656651,car
train-6199_nsd-50216_keyboard.png,0.12427648385468339,keyboard
train-5651_nsd-42226.png,0.12425574187547204,car
train-3074_nsd-25319.png,0.1242117451676952,chair
train-1732_nsd-14649_toilet.png,0.12414097854762567,toilet
test-0322_nsd-59581.png,0.12409131455209671,stop sign
test-0152_nsd-28726_potted plant.png,0.1240419507298555,potted plant
train-7181_nsd-59535_stop sign.png,0.12398944389301812,stop sign
train-6290_nsd-50371.png,0.12398879299778935,stop sign
train-2495_nsd-19260_sink.png,0.12397460145966138,sink
train-3208_nsd-23823_tv.png,0.12396490182310785,tv
train-1078_nsd-07565.png,0.12392913686044019,stop sign
train-0378_nsd-03152.png,0.12381926778593498,car
train-2575_nsd-21693_car.png,0.12381699471909029,car
train-2886_nsd-21327_microwave.png,0.12381501049227876,microwave
train-2326_nsd-19779.png,0.12381456861691928,car
train-7388_nsd-59144.png,0.12371141517742486,car
train-3447_nsd-25622.png,0.12369214987879298,laptop
train-2166_nsd-17631_car.png,0.12355700703481287,car
train-8720_nsd-64721_sink.png,0.12352506654799403,sink
train-7338_nsd-54214.png,0.12339118388612152,fork
train-5976_nsd-44460_sink.png,0.12336277824383525,sink
train-8781_nsd-70545.png,0.12333996718148292,chair
train-1972_nsd-16531_sink.png,0.1232341037366435,sink
train-5500_nsd-40960.png,0.1230583248536835,sink
train-3393_nsd-27830_bottle.png,0.1230309309475146,bottle
train-1874_nsd-15799_sink.png,0.12302495892556736,sink
train-4606_nsd-34450_keyboard.png,0.12301569377473551,keyboard
train-2893_nsd-24016.png,0.12293374865859932,chair
train-3425_nsd-25969_sink.png,0.12290922274962506,sink
train-1340_nsd-10375_sink.png,0.12285175013447794,sink
train-2241_nsd-16635.png,0.12282099764819752,car
train-6063_nsd-45131.png,0.12281287177794806,oven
train-3274_nsd-24299_tv.png,0.12267559582754045,tv
train-2953_nsd-21902.png,0.12257965994805854,laptop
train-2044_nsd-15294_tv.png,0.12254972164835955,tv
train-6711_nsd-55417_laptop.png,0.12247007578582295,laptop
train-3680_nsd-27215.png,0.12243527242554735,car
train-6681_nsd-49872_potted plant.png,0.12228758140424481,potted plant
train-9703_nsd-72061_keyboard.png,0.1222500800317179,keyboard
train-4340_nsd-35696.png,0.12215858177617385,sink
train-3229_nsd-23903.png,0.12199541436821014,bottle
train-5807_nsd-47925_sink.png,0.1219910025441654,sink
train-1337_nsd-10034_sink.png,0.12198252514292554,sink
train-6906_nsd-51437.png,0.12196015827366857,potted plant
train-6876_nsd-55403_potted plant.png,0.12192319120919702,potted plant
train-8146_nsd-60927_sink.png,0.12189549169386259,sink
train-3577_nsd-28962_stop sign.png,0.12189103879487989,stop sign
train-4198_nsd-31050.png,0.12187641246185103,car
train-6896_nsd-51332.png,0.12186977552524618,fork
train-3831_nsd-28846_bottle.png,0.12185743872869724,bottle
train-7921_nsd-58496.png,0.12184597386065919,potted plant
train-1089_nsd-07654_sink.png,0.12179432311585008,sink
train-2594_nsd-19289_chair.png,0.12167064232038412,chair
train-9556_nsd-70868_cup.png,0.12147463743824607,cup
train-6005_nsd-44712_sink.png,0.12145047635060245,sink
train-4018_nsd-29953.png,0.12144343553647256,potted plant
train-1656_nsd-13371.png,0.12140547922686853,car
train-2294_nsd-18489.png,0.12135295717088256,cup
train-7277_nsd-60261.png,0.12129102967039032,sink
train-5243_nsd-38788_car.png,0.1212396151354207,car
train-3814_nsd-31233_chair.png,0.12123599121616208,chair
train-3091_nsd-22930.png,0.12123032544722526,oven
train-1273_nsd-10152_cup.png,0.12122337232990538,cup
test-0027_nsd-07421_sink.png,0.12112743652803461,sink
train-5874_nsd-48465_chair.png,0.12107649478572678,chair
train-3796_nsd-31123_potted plant.png,0.12106062501626363,potted plant
train-4003_nsd-32842.png,0.12105723032717922,car
train-3758_nsd-27791_car.png,0.1209452487556428,car
train-3203_nsd-23788.png,0.12090162297885243,cup
train-6892_nsd-51318_sink.png,0.12087778119117444,sink
train-5044_nsd-37261.png,0.12082651945223598,chair
train-0136_nsd-01114_sink.png,0.1207841866395179,sink
train-2181_nsd-17607_sink.png,0.12077113848205076,sink
train-0611_nsd-04259_oven.png,0.12076112348645116,oven
train-3739_nsd-28238_chair.png,0.12069028444270556,chair
train-6811_nsd-56278.png,0.1206694487749228,car
train-5165_nsd-41652_microwave.png,0.12064496865187922,microwave
test-0018_nsd-07431.png,0.12052701318291839,cup
train-1986_nsd-14828.png,0.12044493864807511,car
train-1872_nsd-15780_chair.png,0.12039629922289079,chair
train-5825_nsd-48157_potted plant.png,0.1203236881131857,potted plant
train-5860_nsd-43248_potted plant.png,0.12028830998870332,potted plant
train-1980_nsd-15191_sink.png,0.12028259728339909,sink
train-0303_nsd-02769.png,0.12025759664720966,microwave
train-0965_nsd-07833.png,0.12023600667311858,car
train-5705_nsd-42714_chair.png,0.12018716803870114,chair
train-6146_nsd-45960_cup.png,0.12013718272516913,cup
train-4480_nsd-33548_laptop.png,0.12011041011355554,laptop
train-3642_nsd-29504_potted plant.png,0.12008372099407717,potted plant
test-0023_nsd-10520_mouse.png,0.11994990588139703,mouse
train-3714_nsd-30436_laptop.png,0.11981572284270356,laptop
train-5951_nsd-43815_car.png,0.11981264907981341,car
train-3333_nsd-25284.png,0.11980352051171186,car
train-2239_nsd-16616_potted plant.png,0.11978242226034098,potted plant
train-6070_nsd-45152.png,0.11973474911834829,car
train-0346_nsd-02586.png,0.11972366634577328,oven
train-7098_nsd-56595_tv.png,0.11972179362127607,tv
train-5233_nsd-43114_oven.png,0.11968450260321985,oven
test-0368_nsd-68578.png,0.11965135272537937,chair
train-6989_nsd-55811_potted plant.png,0.11941771489217269,potted plant
train-1300_nsd-09775.png,0.11940011182910357,chair
train-3735_nsd-30337_potted plant.png,0.11939362303176516,potted plant
train-4278_nsd-35133_potted plant.png,0.11932740997154644,potted plant
train-3098_nsd-22886.png,0.11932312272725805,car
train-4160_nsd-31056_tv.png,0.11932010974021606,tv
train-5985_nsd-48060.png,0.11931876560539459,potted plant
train-1107_nsd-08966_chair.png,0.11930490156033019,chair
train-5298_nsd-39420_chair.png,0.11928158092317756,chair
train-3367_nsd-25544.png,0.11926431999249519,cup
train-6223_nsd-45945.png,0.11923566487957096,car
train-6570_nsd-48798_oven.png,0.11917376631354615,oven
train-5399_nsd-43567_keyboard.png,0.1191709708646543,keyboard
train-4755_nsd-35460.png,0.11910975164618895,car
train-9838_nsd-72983_oven.png,0.11903866089111045,oven
train-8043_nsd-66667_clock.png,0.11903834061111646,clock
train-5559_nsd-41506_microwave.png,0.1189095614300831,microwave
train-6103_nsd-48856.png,0.11889437122695637,chair
train-4628_nsd-34288.png,0.11881538431646645,car
train-4480_nsd-33548_tv.png,0.11875365523546787,tv
train-1317_nsd-11177.png,0.1186833058782651,car
train-3673_nsd-30274_car.png,0.11867199856442866,car
test-0074_nsd-19755_chair.png,0.11864137386765629,chair
train-3821_nsd-31264_tv.png,0.11859743769710109,tv
train-6588_nsd-48925_chair.png,0.11857214056886549,chair
train-4144_nsd-31233_chair.png,0.11856411790271992,chair
train-2534_nsd-18975_laptop.png,0.11844322089915285,laptop
train-1004_nsd-07671.png,0.11831811661539622,car
train-4128_nsd-31123_potted plant.png,0.11814548395603525,potted plant
train-6749_nsd-50339_mouse.png,0.11810850477306131,mouse
train-3776_nsd-28454.png,0.1181023098069654,potted plant
train-8873_nsd-65686.png,0.11797560947809743,oven
train-2173_nsd-18118_keyboard.png,0.11792135182033606,keyboard
train-0648_nsd-05011_potted plant.png,0.11788306495748992,potted plant
train-1472_nsd-11174.png,0.11782514614173807,car
train-8723_nsd-72549.png,0.11770945180488737,oven
train-0645_nsd-05164_sink.png,0.1176673710978936,sink
train-2046_nsd-14604_car.png,0.11761549873388769,car
train-3355_nsd-27317_laptop.png,0.11739484612522923,laptop
train-8172_nsd-65841_chair.png,0.11738100558288271,chair
train-1504_nsd-11334_potted plant.png,0.11737330337404245,potted plant
train-0200_nsd-01714_cup.png,0.1172902621117191,cup
train-0408_nsd-03784.png,0.1172887602032003,sink
train-5903_nsd-48815.png,0.11722631071835242,cup
train-7910_nsd-58798.png,0.11720103720734673,oven
train-9547_nsd-70665_keyboard.png,0.11717989121208092,keyboard
train-2107_nsd-16196_chair.png,0.11715846772890663,chair
train-2239_nsd-16616_tv.png,0.11713079310746596,tv
train-2473_nsd-19853.png,0.11706873691453876,cup
train-6390_nsd-47338_oven.png,0.11689101574271965,oven
train-4700_nsd-34732.png,0.11687348870864274,cup
train-1681_nsd-12662_car.png,0.11678527538527607,car
train-0394_nsd-03266.png,0.11676277633375735,sink
train-4565_nsd-37604.png,0.1167426250711093,potted plant
train-8533_nsd-63635_oven.png,0.11672017595946273,oven
train-6062_nsd-45340.png,0.11671545193836426,chair
train-9725_nsd-72021_laptop.png,0.11664245241320272,laptop
train-1777_nsd-14478_sink.png,0.11657933649879948,sink
train-1936_nsd-15660_car.png,0.11653743310400654,car
train-1477_nsd-12430.png,0.11612569319116423,car
train-6205_nsd-49730_chair.png,0.11600419319718917,chair
train-5178_nsd-38543_laptop.png,0.11599549452364014,laptop
train-4669_nsd-38273.png,0.11595741612978462,bottle
train-8976_nsd-72194_car.png,0.11588794897468478,car
train-8329_nsd-69316_oven.png,0.1158603833402416,oven
train-6068_nsd-49234_mouse.png,0.11574536320808822,mouse
train-6351_nsd-47148.png,0.11565519901437739,car
train-2773_nsd-21471_potted plant.png,0.11563736266347045,potted plant
train-0442_nsd-03663_oven.png,0.1156311422121991,oven
train-5592_nsd-41783.png,0.11557849220324531,chair
train-7979_nsd-58957_oven.png,0.11557536920439498,oven
train-3635_nsd-26939_oven.png,0.11551815293875492,oven
train-1905_nsd-15351.png,0.11551037380677359,car
train-8192_nsd-60582_keyboard.png,0.11538900301695398,keyboard
train-7535_nsd-56060_oven.png,0.11527773205557831,oven
train-1729_nsd-14582.png,0.11514080951335746,car
train-2292_nsd-18645_potted plant.png,0.11510528866752263,potted plant
train-3414_nsd-27998_oven.png,0.11509839000336221,oven
train-4829_nsd-35822_chair.png,0.11501389128226458,chair
train-3799_nsd-28609_oven.png,0.11500990287742253,oven
train-1326_nsd-11192.png,0.11489617049792467,car
train-0530_nsd-04518_bottle.png,0.11486792202385211,bottle
train-2541_nsd-19639_potted plant.png,0.11485066062894528,potted plant
train-8790_nsd-65134_oven.png,0.11467468165372073,oven
train-1066_nsd-07480.png,0.11461886410222467,cup
train-0928_nsd-08273_oven.png,0.1145877426788885,oven
train-3488_nsd-25821_oven.png,0.11458077904885515,oven
train-4172_nsd-34357_oven.png,0.11455582436269302,oven
train-3679_nsd-27862.png,0.11455327146131607,potted plant
train-8039_nsd-64747.png,0.11447990500337715,oven
train-6432_nsd-47430_chair.png,0.11428950668909586,chair
train-5276_nsd-43158_cup.png,0.1142805540098894,cup
train-1569_nsd-13282_car.png,0.11416695068882554,car
train-4122_nsd-31065_oven.png,0.11410752986298328,oven
train-9640_nsd-71330_keyboard.png,0.11403574093178351,keyboard
train-7250_nsd-54209.png,0.11375600834605751,car
train-8647_nsd-69613.png,0.11374652764832602,laptop
train-2075_nsd-16910_bottle.png,0.11360795300906486,bottle
train-3853_nsd-28564_car.png,0.11360458660661026,car
train-6335_nsd-52530_mouse.png,0.11360414399370182,mouse
train-3341_nsd-27326.png,0.11350640532828314,car
train-4972_nsd-40626_chair.png,0.1134494414754289,chair
train-2574_nsd-19895.png,0.1134048680996305,chair
train-2103_nsd-16176_keyboard.png,0.11333246426435299,keyboard
train-2231_nsd-16545_potted plant.png,0.1132193758048664,potted plant
train-3693_nsd-27326.png,0.1131724321317547,car
train-1661_nsd-11938_oven.png,0.11313475661920938,oven
train-8155_nsd-60308_laptop.png,0.11308385325826013,laptop
train-0130_nsd-01105.png,0.11307185092536669,potted plant
train-4834_nsd-39540_potted plant.png,0.11305735788985456,potted plant
train-4234_nsd-31315.png,0.11284940045921588,car
train-4552_nsd-33668_oven.png,0.1128468820499103,oven
train-7781_nsd-62532_laptop.png,0.11267578643042311,laptop
test-0297_nsd-53250_microwave.png,0.11246427415798678,microwave
train-6848_nsd-51062_laptop.png,0.11243765544872578,laptop
train-7336_nsd-54205_chair.png,0.11237817267802093,chair
train-1949_nsd-15814_oven.png,0.1123318976982258,oven
train-7055_nsd-56815.png,0.11215083126695377,car
train-6284_nsd-46689_chair.png,0.11206026698653153,chair
train-6033_nsd-44514_oven.png,0.11176466474903599,oven
train-3819_nsd-28303.png,0.1116486723911826,chair
train-7289_nsd-60721.png,0.1116230086943854,cup
train-0053_nsd-00489_microwave.png,0.11159612311968774,microwave
train-0236_nsd-01863.png,0.111436171082086,sink
train-6885_nsd-56857_sink.png,0.11140987734851203,sink
train-8857_nsd-65716_potted plant.png,0.11135751843535834,potted plant
train-0248_nsd-01974_potted plant.png,0.11132049970628342,potted plant
train-5827_nsd-43533_laptop.png,0.11117881116138986,laptop
train-3617_nsd-26720_chair.png,0.11116711198815349,chair
train-4830_nsd-39039_mouse.png,0.11110273300322382,mouse
train-7817_nsd-62769_microwave.png,0.11107976184927135,microwave
train-8598_nsd-63771_microwave.png,0.11093886779934618,microwave
train-3001_nsd-24489_cup.png,0.1108367970472924,cup
train-5053_nsd-37636.png,0.11083660220122031,sink
train-6760_nsd-55802_sink.png,0.11070906758900123,sink
train-6500_nsd-47968_microwave.png,0.1107039681347195,microwave
train-9000_nsd-66643_laptop.png,0.11069207033165335,laptop
train-2289_nsd-17078_chair.png,0.11066506881253647,chair
train-5132_nsd-42319.png,0.11059299507405462,car
train-9040_nsd-66998_chair.png,0.11055717171045107,chair
train-0987_nsd-07586_laptop.png,0.11055082992517554,laptop
test-0262_nsd-64967_cup.png,0.11044764823985709,cup
train-5290_nsd-43498_microwave.png,0.11037034140138452,microwave
train-4719_nsd-38121_chair.png,0.1102673405488474,chair
train-6929_nsd-51653_microwave.png,0.11024760711069126,microwave
train-5121_nsd-38129_tv.png,0.11022736493822402,tv
train-3964_nsd-29450_laptop.png,0.11018786176853536,laptop
train-0852_nsd-06923.png,0.1101440985754112,car
train-3932_nsd-32285_laptop.png,0.11012935850479884,laptop
train-0129_nsd-01085_chair.png,0.11010754549671128,chair
train-2742_nsd-20514_potted plant.png,0.1100952914798542,potted plant
train-6930_nsd-51062_laptop.png,0.11000790224940188,laptop
train-6958_nsd-55992_oven.png,0.10999552307860147,oven
train-7356_nsd-59009_tv.png,0.10999192638481728,tv
train-3405_nsd-25309.png,0.10994400156061247,car
train-3497_nsd-28552.png,0.10981440797457748,car
train-1285_nsd-09039_oven.png,0.10975011485940868,oven
test-0050_nsd-09842_microwave.png,0.10967200723783914,microwave
train-7615_nsd-61122.png,0.10966432892097229,car
train-3961_nsd-32548.png,0.10944191066002641,car
train-5322_nsd-43755.png,0.10937746034923905,potted plant
train-0927_nsd-06489_potted plant.png,0.1092911688323321,potted plant
train-3307_nsd-25092.png,0.10926841836452622,tv
train-8553_nsd-63431_laptop.png,0.1092511086478051,laptop
train-1921_nsd-14346_microwave.png,0.10906945632546816,microwave
train-8948_nsd-66298_chair.png,0.10905281105654947,chair
train-2654_nsd-21477.png,0.10899028685623166,potted plant
train-8658_nsd-64253_laptop.png,0.10880341936317965,laptop
train-6715_nsd-50091.png,0.10875954565748491,potted plant
test-0273_nsd-50646.png,0.10860054373759495,fork
train-3945_nsd-32246_laptop.png,0.1084010613765636,laptop
train-9540_nsd-70749_laptop.png,0.10838379584887199,laptop
train-8459_nsd-68052_bottle.png,0.1083739571854003,bottle
train-1070_nsd-07959_chair.png,0.10831261357131289,chair
train-5108_nsd-41240_laptop.png,0.10828049258479819,laptop
train-8427_nsd-62917_laptop.png,0.10827667604731497,laptop
train-8233_nsd-61087.png,0.10822950723556053,laptop
train-7846_nsd-57901.png,0.10818817953585301,car
train-1294_nsd-10394.png,0.10817780326793026,keyboard
train-0616_nsd-04856_chair.png,0.10805103757662615,chair
train-4239_nsd-34661.png,0.1079366530713456,chair
train-0285_nsd-02341_laptop.png,0.10792606599056906,laptop
train-3958_nsd-31987.png,0.10786322801086692,car
train-7578_nsd-56089.png,0.1078238515014325,potted plant
train-1749_nsd-14732_laptop.png,0.10775931723970372,laptop
train-8728_nsd-72589_laptop.png,0.10769487933510173,laptop
train-0069_nsd-00572_laptop.png,0.10765334926317947,laptop
train-6065_nsd-50036.png,0.10762843427961137,car
train-6784_nsd-56038.png,0.10759507046733532,toilet
train-7474_nsd-55838.png,0.10741447342327148,tv
train-7512_nsd-55956.png,0.10732520502101447,laptop
train-3145_nsd-25765_oven.png,0.10726648271884162,oven
train-7045_nsd-51879_microwave.png,0.10721654973698529,microwave
train-0284_nsd-02397_oven.png,0.10719441035055893,oven
train-0535_nsd-04889.png,0.10702389364277787,car
train-5307_nsd-39626.png,0.10691239674338912,laptop
train-7120_nsd-53237_chair.png,0.10688804243863059,chair
train-5108_nsd-42127.png,0.10678433625543786,laptop
train-8229_nsd-61023_laptop.png,0.10677859881455623,laptop
train-0718_nsd-05696_tv.png,0.10672994382909679,tv
train-3983_nsd-29446.png,0.10670930436209734,potted plant
test-0114_nsd-30065_bottle.png,0.10668685484002452,bottle
train-6753_nsd-50312_chair.png,0.10667966443053892,chair
train-2753_nsd-22402.png,0.10667462481922459,laptop
train-5608_nsd-41897_car.png,0.10660895704566706,car
train-6307_nsd-46460_chair.png,0.10625980348051214,chair
train-3696_nsd-27969_potted plant.png,0.10624051084813076,potted plant
train-2615_nsd-22017_laptop.png,0.10620443408229505,laptop
train-3850_nsd-28542_laptop.png,0.10617527017029343,laptop
train-4037_nsd-33125_laptop.png,0.10616183923640651,laptop
train-0574_nsd-04926_car.png,0.10613704463891496,car
train-5803_nsd-47264_potted plant.png,0.10607538376966884,potted plant
train-2783_nsd-20800_laptop.png,0.10605475197260295,laptop
train-4212_nsd-31709.png,0.10604543733564345,laptop
train-1932_nsd-16328.png,0.10604522951735167,bottle
train-0526_nsd-04451_chair.png,0.10600513585410243,chair
train-8800_nsd-70857.png,0.10597970228332575,cup
train-7406_nsd-55073.png,0.10596486951151061,car
test-0092_nsd-17157_sink.png,0.10593958064646455,sink
train-5186_nsd-41866.png,0.10591676708253271,tv
train-1017_nsd-07780.png,0.10587227296906593,car
train-4126_nsd-30477.png,0.1058224743673835,laptop
train-0262_nsd-02294_laptop.png,0.1058074114896666,laptop
train-7911_nsd-65624_oven.png,0.10579080296674746,oven
train-4092_nsd-30263_chair.png,0.10564461226940756,chair
train-3084_nsd-23575_potted plant.png,0.10560712739077598,potted plant
train-6295_nsd-46683_keyboard.png,0.10558613628899254,keyboard
train-4644_nsd-34751.png,0.10554788017361441,bottle
train-1220_nsd-09804_laptop.png,0.10548617853371665,laptop
train-2062_nsd-15539_chair.png,0.10545701912286182,chair
train-2990_nsd-22175_laptop.png,0.10545368322095472,laptop
train-1843_nsd-14172_tv.png,0.10544353671462937,tv
train-7790_nsd-58196.png,0.10534919974239292,car
train-0311_nsd-02912.png,0.10531764448714541,car
test-0135_nsd-61620_laptop.png,0.10522310918510065,laptop
train-2909_nsd-24169.png,0.10517610292800568,laptop
train-1807_nsd-15214.png,0.10507766167337637,laptop
train-1558_nsd-11245_chair.png,0.10497898663196528,chair
train-8547_nsd-63277.png,0.10493840949299532,chair
train-0820_nsd-06126.png,0.10492251569770458,cup
train-4530_nsd-33716.png,0.10488370646677715,tv
train-4275_nsd-35117.png,0.10474225259948051,car
train-2578_nsd-20739.png,0.10471821266337861,potted plant
train-2629_nsd-21498_laptop.png,0.10462518425081417,laptop
train-5716_nsd-42653_chair.png,0.104584500730251,chair
train-6669_nsd-49645.png,0.10426620359611583,tv
train-4000_nsd-29570.png,0.10421494139365957,cup
train-0510_nsd-04099.png,0.10420486943204849,chair
train-7102_nsd-59067.png,0.10419513916119302,oven
train-1304_nsd-09804_laptop.png,0.10414738374265006,laptop
test-0042_nsd-11510.png,0.10413270733920964,cup
train-4828_nsd-35994_bottle.png,0.10405579288075707,bottle
train-3638_nsd-29894_car.png,0.10402270753869684,car
train-1850_nsd-14058_keyboard.png,0.1039847832859118,keyboard
train-1416_nsd-10108.png,0.10395726452151718,cup
train-2664_nsd-20541.png,0.10390372434710526,potted plant
train-1122_nsd-07906.png,0.10386821222864441,oven
train-5168_nsd-42620.png,0.10384603086311632,cup
train-3338_nsd-27186.png,0.10376665296056303,car
train-6731_nsd-50148.png,0.10375932070482294,bottle
train-0333_nsd-02834.png,0.10371518665812654,car
train-3742_nsd-27830_bottle.png,0.10366136598745072,bottle
train-8224_nsd-68493.png,0.10354168535505845,potted plant
train-7933_nsd-63778_cup.png,0.10353556388575655,cup
train-9206_nsd-68193.png,0.10353133187309602,potted plant
train-5419_nsd-44589_potted plant.png,0.10348504428069326,potted plant
train-8131_nsd-60377.png,0.10335014941119665,laptop
train-6562_nsd-52427_oven.png,0.10334115658757263,oven
train-3192_nsd-24308_potted plant.png,0.10332112242145729,potted plant
train-3834_nsd-28874.png,0.10318379616114098,bottle
train-5084_nsd-38027.png,0.10314445697593032,chair
train-2111_nsd-15173_bottle.png,0.10304798182688496,bottle
train-1474_nsd-11389_cup.png,0.1030344072366345,cup
train-2664_nsd-19642.png,0.10302900921096259,bottle
train-2766_nsd-22999_laptop.png,0.1029768870730694,laptop
train-6302_nsd-50449_laptop.png,0.10294199704456458,laptop
train-2019_nsd-15249_oven.png,0.102902272508394,oven
train-8885_nsd-65787_keyboard.png,0.10271230508835866,keyboard
train-6831_nsd-56450.png,0.10268128691855317,car
train-0455_nsd-04150.png,0.10267687584432696,chair
train-5068_nsd-37918.png,0.10254676820018284,tv
train-5367_nsd-43278.png,0.10254609264571254,oven
train-2761_nsd-20529.png,0.10238533886960174,car
train-3236_nsd-24026.png,0.1023678163246357,cup
train-2144_nsd-16572_keyboard.png,0.10234975801328182,keyboard
train-8561_nsd-71152_oven.png,0.10225414987443134,oven
train-1453_nsd-11711.png,0.1019886279214722,bottle
train-6529_nsd-48506.png,0.1019108441106506,microwave
train-3702_nsd-30040_keyboard.png,0.10189915693842858,keyboard
train-7528_nsd-62280.png,0.10181592290937086,tv
train-7968_nsd-66051_sink.png,0.10177652853756676,sink
train-1966_nsd-14864_microwave.png,0.10174165955702774,microwave
train-0594_nsd-05401.png,0.10170572990984127,cup
train-0382_nsd-03360.png,0.10151039654758251,tv
train-1840_nsd-13177.png,0.10147088759526912,cup
train-1713_nsd-12879_bottle.png,0.10143350934198611,bottle
train-5881_nsd-47290_chair.png,0.10136204247510472,chair
train-8665_nsd-64306.png,0.10127641472294564,car
train-8774_nsd-65232_tv.png,0.10126135504636735,tv
train-7543_nsd-56121_sink.png,0.1012391599746407,sink
train-4111_nsd-31015_chair.png,0.1012237449587948,chair
train-2843_nsd-21142.png,0.10113102294667162,cup
train-6948_nsd-55542_chair.png,0.10109521811190042,chair
train-7992_nsd-59244_chair.png,0.10104441673867132,chair
train-6118_nsd-48946.png,0.10101745636108296,fork
train-6123_nsd-45129_potted plant.png,0.10097351989064741,potted plant
train-4659_nsd-38189.png,0.10090137556427456,car
train-3813_nsd-28257.png,0.10084653330380627,car
train-5404_nsd-40174_tv.png,0.10071190512893408,tv
train-0752_nsd-05953_potted plant.png,0.10063505311771458,potted plant
train-8756_nsd-65038_chair.png,0.10061885833740412,chair
train-0703_nsd-05332_car.png,0.10061531991659023,car
train-7913_nsd-58817.png,0.10060887561136805,fork
train-0211_nsd-01666.png,0.10052674260969871,car
test-0105_nsd-19170_oven.png,0.10050059296670215,oven
train-3271_nsd-26676.png,0.10044014162813458,chair
train-9072_nsd-66972_keyboard.png,0.10041492476089112,keyboard
train-9096_nsd-67343_laptop.png,0.10013672756305014,laptop
train-3744_nsd-30713_laptop.png,0.0999841526976471,laptop
train-9589_nsd-71143.png,0.09986508605369913,oven
train-4537_nsd-33665.png,0.09974381469223037,chair
train-0594_nsd-04182_keyboard.png,0.09956119467878079,keyboard
train-1932_nsd-15616.png,0.09949296873584222,bottle
train-2006_nsd-16901.png,0.09948584900035125,car
train-2697_nsd-21884_chair.png,0.099378339351341,chair
train-2385_nsd-17744_tv.png,0.09934297457104092,tv
train-4303_nsd-35327_keyboard.png,0.09920453322911699,keyboard
train-2280_nsd-16558_keyboard.png,0.09917242964769797,keyboard
train-1659_nsd-13897.png,0.0991119622045468,car
train-4224_nsd-34737_potted plant.png,0.09903191591053885,potted plant
train-5472_nsd-40793_keyboard.png,0.09890528355397683,keyboard
train-0568_nsd-04000.png,0.09885756684629969,fork
train-2770_nsd-22506_chair.png,0.09884560234588281,chair
train-8512_nsd-63056_laptop.png,0.09865996322382913,laptop
train-0030_nsd-00221_car.png,0.09859262251051774,car
train-6582_nsd-54445_tv.png,0.09852570055358872,tv
train-7521_nsd-62621.png,0.09852555870976122,tv
train-5391_nsd-43510.png,0.0985177040016724,potted plant
train-5877_nsd-48586.png,0.09850629150289383,cup
train-4457_nsd-33114_laptop.png,0.09847340490607209,laptop
train-1879_nsd-13505_keyboard.png,0.09840603600329749,keyboard
train-6854_nsd-51062_keyboard.png,0.09837083581678388,keyboard
train-7472_nsd-55660_keyboard.png,0.09834939283827819,keyboard
test-0063_nsd-17058.png,0.09832537010918288,car
train-7792_nsd-57898_chair.png,0.09827222321632265,chair
train-7661_nsd-61560_chair.png,0.09826469396553929,chair
train-8915_nsd-71688_potted plant.png,0.09821646625411388,potted plant
train-4816_nsd-39416_keyboard.png,0.09821378046764355,keyboard
train-8399_nsd-62212.png,0.09812612548971249,oven
train-1033_nsd-07768_keyboard.png,0.0980220475001559,keyboard
train-8658_nsd-64253_chair.png,0.09789377875792647,chair
train-6862_nsd-55291.png,0.09788831328426358,car
train-8584_nsd-63648_chair.png,0.09781161786862683,chair
train-5025_nsd-41027_chair.png,0.09779599016047716,chair
train-1127_nsd-09616_laptop.png,0.09766570156250191,laptop
train-2260_nsd-18300.png,0.09764197325457101,oven
train-5444_nsd-44720.png,0.09763263834082038,car
train-6741_nsd-55646_laptop.png,0.09762425320261751,laptop
train-4383_nsd-36036_chair.png,0.09753700033549546,chair
train-6871_nsd-57013_keyboard.png,0.09753606717582826,keyboard
train-2435_nsd-17729.png,0.09752048241679477,chair
train-8120_nsd-60186.png,0.09750673438016866,chair
train-5544_nsd-44678.png,0.09741725323838511,fork
train-2818_nsd-21776.png,0.09735326610003907,keyboard
train-2078_nsd-15493.png,0.09728997721801708,tv
train-2824_nsd-23439_keyboard.png,0.09728459045008492,keyboard
train-8261_nsd-61075_chair.png,0.09716533289220956,chair
train-7773_nsd-64436_chair.png,0.09705822771610334,chair
train-2042_nsd-16616_tv.png,0.09692415089917077,tv
train-8093_nsd-59824_keyboard.png,0.09690981258029802,keyboard
train-1183_nsd-09582_sink.png,0.09686851364160644,sink
train-4987_nsd-37176_chair.png,0.09685795828000891,chair
train-8145_nsd-60260_chair.png,0.09684774340754483,chair
train-9040_nsd-66746.png,0.09680196384892342,fork
train-0923_nsd-06893_keyboard.png,0.09676874754527541,keyboard
train-5235_nsd-42287.png,0.09674536531879056,fork
train-4661_nsd-37691.png,0.09672548452562721,car
train-2185_nsd-16426.png,0.09664450005465416,chair
train-6577_nsd-53178_keyboard.png,0.09664284247431196,keyboard
train-0160_nsd-01292.png,0.09657522015725566,car
train-6201_nsd-46061_microwave.png,0.09649203156912496,microwave
train-8298_nsd-61557.png,0.09647679438791741,tv
test-0078_nsd-39551_chair.png,0.09645811037797415,chair
train-7753_nsd-57338.png,0.09640155969232993,laptop
train-8128_nsd-65427_microwave.png,0.09636049751478891,microwave
train-1564_nsd-11268_toilet.png,0.09633518601287547,toilet
train-7280_nsd-54099.png,0.09625519046723645,fork
train-3028_nsd-22549.png,0.0961852418617482,fork
train-8411_nsd-62748.png,0.09615754445670466,fork
train-3822_nsd-28316_chair.png,0.09615240488367423,chair
train-6204_nsd-46036.png,0.09612029487581583,fork
train-8033_nsd-64702.png,0.09603152351271821,chair
train-3516_nsd-26696.png,0.09598133759871277,fork
train-6976_nsd-51911.png,0.09595084471565606,car
train-5039_nsd-37726.png,0.09593537477322826,laptop
train-9641_nsd-71499.png,0.09592768045851423,fork
train-3243_nsd-24073_tv.png,0.09585590948737172,tv
train-7363_nsd-55047_keyboard.png,0.09584839831992863,keyboard
train-5208_nsd-42586.png,0.09576206246947266,car
train-8426_nsd-70059.png,0.09573412107461923,chair
train-5859_nsd-47120.png,0.09570755312391636,fork
train-5717_nsd-47225.png,0.0957008709074784,chair
train-1656_nsd-13420.png,0.09561902161420996,bottle
train-6734_nsd-50163.png,0.09557566296269221,fork
train-6300_nsd-51062_keyboard.png,0.09555533120002181,keyboard
train-8406_nsd-62698_microwave.png,0.09553699453461571,microwave
train-7477_nsd-61986.png,0.0955248193804361,fork
train-1621_nsd-13115_keyboard.png,0.09518877926669729,keyboard
train-6302_nsd-46431_tv.png,0.09517291968092186,tv
train-7937_nsd-66149_microwave.png,0.09516784665490607,microwave
train-4202_nsd-31287.png,0.09515529893258717,fork
train-4834_nsd-35890.png,0.09512673439851821,chair
train-3989_nsd-32625_oven.png,0.0950889834381671,oven
train-3056_nsd-25228.png,0.0950817245750739,car
train-4867_nsd-36340.png,0.09505938851486807,fork
train-0922_nsd-07120.png,0.09504292612525009,fork
train-1085_nsd-09434.png,0.09503758191002422,fork
train-8387_nsd-67430.png,0.09503042370871499,fork
train-6675_nsd-49664_bottle.png,0.09501538703726332,bottle
train-2340_nsd-18047.png,0.09500265974577395,sink
train-2588_nsd-18998_tv.png,0.09496193190097119,tv
train-8954_nsd-66574.png,0.09495959797836678,car
train-2725_nsd-22550.png,0.09487402091125477,cup
train-3766_nsd-27890_oven.png,0.0948554982007412,oven
train-6820_nsd-54977.png,0.09485213635638744,car
train-7824_nsd-58030.png,0.09475768274308673,fork
train-1043_nsd-08496_mouse.png,0.0947330421815261,mouse
train-5622_nsd-42016_chair.png,0.09452119775323095,chair
train-4743_nsd-35033_fork.png,0.09446971310627461,fork
train-5401_nsd-40123_tv.png,0.09443173413154012,tv
train-0660_nsd-05080_keyboard.png,0.09437597747757838,keyboard
train-0701_nsd-06489_potted plant.png,0.09434815822885341,potted plant
train-6669_nsd-49582.png,0.09433039827868178,fork
train-3591_nsd-29379_laptop.png,0.09420978740361773,laptop
train-0256_nsd-02091.png,0.09420396836267496,chair
train-0618_nsd-04955.png,0.09418643593935742,fork
train-7694_nsd-56867.png,0.09414198321592639,fork
train-4408_nsd-35775.png,0.09412979750493133,car
train-8016_nsd-66862.png,0.09407941371882021,fork
train-6909_nsd-55652.png,0.0940627529337516,car
train-9568_nsd-70833_bottle.png,0.09396816450479627,bottle
train-0871_nsd-07120.png,0.09395726908660305,fork
train-3437_nsd-25578.png,0.09395304173890703,fork
train-8780_nsd-70540.png,0.09391783742310884,chair
train-2079_nsd-15686.png,0.09375357838863668,cup
train-2185_nsd-16862_keyboard.png,0.0937440772508186,keyboard
train-8876_nsd-71310.png,0.09368406875864649,oven
train-2104_nsd-17747_laptop.png,0.09359207254958979,laptop
train-3796_nsd-28090_tv.png,0.09350803509341266,tv
train-2617_nsd-21657.png,0.09347114428828385,tv
train-0216_nsd-01871.png,0.09343882403823996,fork
train-0926_nsd-07120.png,0.09341660998119083,fork
train-3119_nsd-25608.png,0.09337297948321394,fork
train-0420_nsd-03463_microwave.png,0.09325030354709289,microwave
train-1821_nsd-14850_tv.png,0.09324563954349666,tv
test-0279_nsd-69696_car.png,0.09320303967223323,car
train-2629_nsd-21763.png,0.09314532232105806,oven
train-1571_nsd-11307_tv.png,0.09306365707515794,tv
train-6814_nsd-50717_stop sign.png,0.0930463685499308,stop sign
train-6544_nsd-48606_sink.png,0.09300819662265726,sink
train-4703_nsd-38780.png,0.09299787545534186,cup
train-8699_nsd-64542_bottle.png,0.09293496164852731,bottle
train-7089_nsd-52663_chair.png,0.0929262657448101,chair
train-1760_nsd-13312_chair.png,0.09288281588571115,chair
train-3254_nsd-26625.png,0.09265480473761557,car
train-8544_nsd-63728_cup.png,0.09263177052020811,cup
train-3345_nsd-27442_oven.png,0.09261778188789564,oven
train-9507_nsd-70322_bottle.png,0.09260178096046318,bottle
train-3563_nsd-26251_cup.png,0.0925928190510542,cup
train-7214_nsd-53599.png,0.09256216592289772,fork
train-5658_nsd-46463.png,0.09254925191105672,fork
train-3898_nsd-29374_chair.png,0.0925112789103843,chair
train-9516_nsd-70632_bottle.png,0.09238244389678132,bottle
train-3531_nsd-26231_chair.png,0.0923347182893982,chair
train-8101_nsd-59911.png,0.0923316340410559,oven
train-6878_nsd-51185.png,0.0922365653907253,chair
train-2120_nsd-17270_laptop.png,0.09221141242558445,laptop
train-0490_nsd-04046_sink.png,0.09217701252992477,sink
train-2138_nsd-16525_tv.png,0.09203760116822773,tv
train-0755_nsd-05667.png,0.09200367177091959,chair
train-6721_nsd-49943.png,0.09198546448792466,cup
train-1191_nsd-09135.png,0.09194543754586382,fork
train-0227_nsd-01906.png,0.0919409537756489,fork
train-6186_nsd-51124_tv.png,0.09181483944498195,tv
train-8318_nsd-66996_bottle.png,0.09178692924727325,bottle
train-4641_nsd-38345_tv.png,0.09177933150213494,tv
train-9548_nsd-70787.png,0.09177138474937353,car
train-6668_nsd-49635_bottle.png,0.09169790395975631,bottle
train-1375_nsd-09815_chair.png,0.09159466269620938,chair
train-7343_nsd-58725.png,0.09157243905411704,car
train-2080_nsd-16937_laptop.png,0.09157229876769514,laptop
train-4114_nsd-33711.png,0.09154652339912793,fork
train-1499_nsd-12669_oven.png,0.09150459485251848,oven
train-0822_nsd-07070.png,0.09143741500160804,fork
train-3880_nsd-31480.png,0.09131398695522006,fork
train-2163_nsd-16062.png,0.09130752823179596,car
train-1966_nsd-16613.png,0.09128896442569827,tv
train-3357_nsd-24766.png,0.09125192341696345,car
train-0483_nsd-04450_bottle.png,0.09118398833377073,bottle
train-6145_nsd-49836.png,0.09117529670440698,car
train-6025_nsd-45015_cup.png,0.09092038756881045,cup
train-6123_nsd-45800_bottle.png,0.09091477689999003,bottle
test-0392_nsd-72428.png,0.09089183736438065,cup
train-6756_nsd-49686.png,0.09085006326241477,chair
train-8111_nsd-60224_cup.png,0.09083268657369821,cup
train-4077_nsd-30155_chair.png,0.09081750057547872,chair
train-0498_nsd-04193_laptop.png,0.0907969683038247,laptop
train-2371_nsd-19266.png,0.09079172023775667,stop sign
train-3597_nsd-29424.png,0.09063052897959034,potted plant
train-8580_nsd-63665_bottle.png,0.0906022899308003,bottle
train-7484_nsd-62314_potted plant.png,0.09056413648555911,potted plant
train-5971_nsd-49297_laptop.png,0.0904885509930937,laptop
train-3176_nsd-23616_laptop.png,0.09045988892931273,laptop
train-3424_nsd-25504.png,0.09042623825566289,car
train-6196_nsd-51226_bottle.png,0.09039330605261714,bottle
train-1426_nsd-11320.png,0.0903898681539246,fork
train-0101_nsd-00977_tv.png,0.0903839477080527,tv
train-8660_nsd-64486_cup.png,0.09034877030199896,cup
train-9469_nsd-70193.png,0.09032393256155041,cup
train-2447_nsd-19982.png,0.09015332881346028,laptop
train-0885_nsd-07242.png,0.09009126968510194,car
train-2068_nsd-16739.png,0.09005534206812438,fork
train-6736_nsd-55609_microwave.png,0.090045347078622,microwave
train-7291_nsd-58253_cup.png,0.09003967183311012,cup
train-3025_nsd-22459.png,0.08993744791727588,tv
train-7714_nsd-63864.png,0.08991284320165242,laptop
train-8660_nsd-69634_cup.png,0.08983644092606453,cup
train-1939_nsd-14905_chair.png,0.08982147459935472,chair
train-7013_nsd-52188_chair.png,0.08976777239647392,chair
train-5598_nsd-45129_car.png,0.08969735784224714,car
train-9814_nsd-72773.png,0.08968679485941981,cup
train-2287_nsd-16635.png,0.0896438193031138,car
train-6846_nsd-51016.png,0.0895792611221308,cup
train-5060_nsd-41313_laptop.png,0.08947956746226905,laptop
train-7560_nsd-60679.png,0.08941366795033957,sink
train-5250_nsd-38818_tv.png,0.08936981097768276,tv
train-6132_nsd-45595_cup.png,0.08934484719392778,cup
train-5962_nsd-44257_cup.png,0.08933772452446559,cup
train-7850_nsd-58372_laptop.png,0.08928781477139905,laptop
train-2264_nsd-19221_sink.png,0.0891925920231533,sink
train-6185_nsd-45595_cup.png,0.0891886331737913,cup
train-4664_nsd-34486.png,0.08918309335737959,cup
train-9821_nsd-72876.png,0.0890833115622841,fork
train-6885_nsd-55452_microwave.png,0.08904304171017023,microwave
train-5523_nsd-45129_potted plant.png,0.08904030042953248,potted plant
train-9556_nsd-70868_tv.png,0.08903391823583875,tv
train-8571_nsd-68997.png,0.08903333420697178,cup
train-7812_nsd-57936_sink.png,0.08887337896569733,sink
train-3981_nsd-29444_oven.png,0.08877438216270259,oven
train-5493_nsd-40935_cup.png,0.08872000312722954,cup
test-0031_nsd-12495.png,0.08871965810417623,fork
train-8608_nsd-63809_chair.png,0.08867175427977257,chair
train-9545_nsd-70797.png,0.08857712286911973,car
train-1139_nsd-09205.png,0.0885096596377189,car
train-4719_nsd-38641_laptop.png,0.08846590030061849,laptop
train-8731_nsd-72683.png,0.08845777114175878,chair
train-2174_nsd-15709.png,0.08845207680011934,car
train-8582_nsd-63670_car.png,0.08841153687648665,car
train-5547_nsd-44720.png,0.08830866114745367,car
train-7469_nsd-55644.png,0.08830697361194007,cup
train-6054_nsd-45248.png,0.0882632453420784,car
train-1864_nsd-15648.png,0.08824807974562968,laptop
train-6664_nsd-49619_cup.png,0.08822170785446198,cup
train-8725_nsd-70182_bottle.png,0.0880657247260201,bottle
train-6169_nsd-49325.png,0.08804805530764609,oven
train-8656_nsd-64185.png,0.08804539165410064,potted plant
train-5515_nsd-45064.png,0.08797277970037352,car
train-5242_nsd-42352_cup.png,0.08792627956356489,cup
train-2564_nsd-19818.png,0.08791732146576889,cup
train-7623_nsd-61244.png,0.08789405924691317,tv
train-8017_nsd-66911.png,0.0878636571889301,laptop
train-5223_nsd-42979.png,0.08762857433752838,oven
train-8166_nsd-60413_car.png,0.08762010705074737,car
train-0583_nsd-04092_tv.png,0.08733621707861061,tv
train-5591_nsd-45680.png,0.08732867514633365,toilet
train-6222_nsd-51464.png,0.08730710914878297,cup
train-5963_nsd-49234_laptop.png,0.08730108468234501,laptop
train-3022_nsd-22503.png,0.08723313001926448,chair
train-7646_nsd-61456_laptop.png,0.08719969788426486,laptop
train-0745_nsd-06014.png,0.0871855187191516,car
train-0649_nsd-05587_tv.png,0.08717541687211802,tv
train-6300_nsd-51062_laptop.png,0.0871610265827523,laptop
train-4769_nsd-39359.png,0.08695580410276992,cup
train-8093_nsd-59824_cup.png,0.08691051209512878,cup
train-1930_nsd-14858.png,0.08688815615511074,potted plant
test-0362_nsd-67520.png,0.08673999057716722,car
train-8808_nsd-65361_chair.png,0.08670978805481026,chair
train-2749_nsd-22719_microwave.png,0.08670398824108935,microwave
train-5498_nsd-40935_cup.png,0.08667120814629892,cup
train-2501_nsd-21172.png,0.08665865786162423,fork
train-5925_nsd-44118.png,0.08662707495405034,cup
train-3141_nsd-23286_cup.png,0.086486842882347,cup
train-3914_nsd-32047.png,0.08647436729063115,cup
train-1850_nsd-14058_tv.png,0.08646578026025369,tv
train-8058_nsd-66791_potted plant.png,0.08627963143824963,potted plant
train-8683_nsd-69854.png,0.08626883760191947,car
train-2444_nsd-18164.png,0.08620674504709404,oven
train-6001_nsd-44813_tv.png,0.08620201816578227,tv
train-3744_nsd-27694_cup.png,0.08619875336665325,cup
train-9283_nsd-68861.png,0.08619552995185777,chair
train-2342_nsd-17071.png,0.08618075924596337,chair
train-8168_nsd-61118_chair.png,0.08611974175419433,chair
train-7667_nsd-61628.png,0.08607642810506638,fork
train-1605_nsd-12083.png,0.08601970024328992,oven
test-0114_nsd-20303.png,0.08597635794817991,car
train-5200_nsd-38840_sink.png,0.08590840293428728,sink
train-1322_nsd-10600_microwave.png,0.08588116223953686,microwave
train-2322_nsd-17324_sink.png,0.08588092135346126,sink
train-2153_nsd-17369_cup.png,0.08586273139137708,cup
train-5802_nsd-43266_bottle.png,0.08570603142046278,bottle
train-5098_nsd-41178.png,0.0856376016790083,cup
train-3954_nsd-29242_potted plant.png,0.08557985642323497,potted plant
train-0953_nsd-07305_cup.png,0.0855724042725351,cup
train-2796_nsd-20777.png,0.08547780330683799,cup
train-7251_nsd-58170.png,0.08541002256150318,bottle
train-4813_nsd-39838.png,0.08532641659723406,cup
train-1807_nsd-13736.png,0.08532595029484567,oven
train-0448_nsd-04066_laptop.png,0.08530040854791389,laptop
train-2967_nsd-22005_chair.png,0.08529832423858112,chair
train-8176_nsd-60560.png,0.08528949839889624,stop sign
train-4905_nsd-39660_laptop.png,0.08518961918297209,laptop
train-7563_nsd-62563_bottle.png,0.08516100380441728,bottle
train-0775_nsd-06349.png,0.08513371197618666,cup
train-2353_nsd-19618.png,0.08495636074074399,chair
train-7718_nsd-63921.png,0.08487081239079206,potted plant
train-4285_nsd-35173_laptop.png,0.08484503170457977,laptop
train-3853_nsd-28983.png,0.0848057435319264,fork
train-5489_nsd-45129_potted plant.png,0.08476687730738201,potted plant
train-5305_nsd-39223_clock.png,0.08470533282710643,clock
train-0078_nsd-00643_cup.png,0.08466664472649997,cup
train-7518_nsd-56106.png,0.08452345903591882,stop sign
train-2319_nsd-18851_chair.png,0.08451315617944546,chair
train-7795_nsd-57813_laptop.png,0.08444809385533918,laptop
train-2205_nsd-17822_keyboard.png,0.0844272135702097,keyboard
train-3826_nsd-31309_car.png,0.08441111857335103,car
train-1201_nsd-08394.png,0.08434518248714298,oven
train-4987_nsd-36975.png,0.08433045619066207,car
train-4414_nsd-32726.png,0.08432372720016434,car
train-2424_nsd-20611_toilet.png,0.08426257345353588,toilet
train-1202_nsd-09651_chair.png,0.08425715141727062,chair
train-3842_nsd-28478_laptop.png,0.08421176434447142,laptop
train-0165_nsd-01355_cup.png,0.08400608772380835,cup
train-6712_nsd-54230.png,0.08394928560669582,car
train-2873_nsd-23272_bottle.png,0.08387191451707567,bottle
train-5722_nsd-46619.png,0.08368624641753458,fork
train-2939_nsd-21759.png,0.08367031471922919,chair
train-5746_nsd-46826_bottle.png,0.0836447638868147,bottle
train-1680_nsd-12937_tv.png,0.08352956534857357,tv
train-8078_nsd-59732_oven.png,0.08349290787825589,oven
train-5341_nsd-44020.png,0.08347061296301468,chair
train-3260_nsd-24190.png,0.08346830327898123,potted plant
train-8634_nsd-64303_oven.png,0.0833659027079626,oven
train-2596_nsd-21499_cup.png,0.08335691574369154,cup
train-5399_nsd-43567_clock.png,0.08334453556862416,clock
train-3137_nsd-23241_laptop.png,0.08334126204860691,laptop
train-7093_nsd-52691_chair.png,0.08330053118429005,chair
train-7219_nsd-60195.png,0.0832442752752517,fork
train-7293_nsd-60732.png,0.0832165765999952,bottle
train-1963_nsd-14821_potted plant.png,0.08313062480761495,potted plant
train-4402_nsd-35747.png,0.08312087770949902,car
train-7627_nsd-56908_bottle.png,0.08308059059456704,bottle
train-1747_nsd-14107_chair.png,0.0830469621350889,chair
train-1144_nsd-09280.png,0.08302658137508145,car
train-2533_nsd-19602.png,0.08302376755854214,stop sign
train-7690_nsd-57387.png,0.08299800800868495,oven
train-0573_nsd-04713.png,0.08299616969461639,cup
train-7675_nsd-64033_bottle.png,0.08296658389405245,bottle
train-7885_nsd-58435.png,0.08294259943989403,car
train-3818_nsd-31233_chair.png,0.08290962182948175,chair
train-6869_nsd-56751_tv.png,0.08280806148339229,tv
train-1761_nsd-14816_tv.png,0.08277568722110781,tv
train-2453_nsd-17881_oven.png,0.08275299536285294,oven
train-2237_nsd-16246_chair.png,0.08265503522293402,chair
train-1656_nsd-13866.png,0.08264123542404841,car
train-6939_nsd-51688_laptop.png,0.0826212111307997,laptop
train-7969_nsd-59234.png,0.08254999587041385,clock
train-4516_nsd-33444_clock.png,0.08241824269571373,clock
train-3662_nsd-29998.png,0.08234412276072711,cup
test-0065_nsd-17608.png,0.08226673040302304,cup
train-0115_nsd-00938.png,0.08226050238815216,laptop
train-6096_nsd-45310_chair.png,0.08224836737072862,chair
train-4731_nsd-35262.png,0.08223045528559018,potted plant
train-3133_nsd-23223_chair.png,0.08216631204981582,chair
train-3029_nsd-22479_sink.png,0.0819790233485469,sink
train-2347_nsd-17421.png,0.08195908058466318,oven
train-0921_nsd-07480.png,0.0819297137973594,cup
test-0175_nsd-43321.png,0.08189349266182822,cup
train-6407_nsd-51795_car.png,0.08187144031162956,car
train-4189_nsd-34518.png,0.08166596743438038,potted plant
train-3217_nsd-23876_potted plant.png,0.0816275532536126,potted plant
train-7554_nsd-60638_chair.png,0.08162518376799938,chair
train-7385_nsd-61230.png,0.08161963837016172,cup
train-1731_nsd-14072.png,0.0814501917612356,clock
train-3407_nsd-27964_tv.png,0.0814096560960926,tv
train-2213_nsd-17060.png,0.08128278413841611,laptop
train-7098_nsd-53052.png,0.08125853291511421,clock
train-3751_nsd-27896_clock.png,0.08122274865809036,clock
train-1558_nsd-11737_clock.png,0.08112361716788172,clock
train-6526_nsd-54053.png,0.08106959986528353,oven
train-1197_nsd-09152.png,0.08103192217981528,chair
train-5314_nsd-43836.png,0.08102556910613894,clock
train-0172_nsd-01480.png,0.08098708381882011,cup
train-1792_nsd-14448.png,0.08094487256688705,cup
train-2994_nsd-22966.png,0.08083802332195722,tv
train-3516_nsd-28894.png,0.08080466038808604,stop sign
train-8703_nsd-72399_sink.png,0.08078256490695074,sink
train-0247_nsd-02089.png,0.08063294950432401,chair
train-8448_nsd-62544.png,0.08056927501323324,fork
train-7289_nsd-54279.png,0.080554397398266,clock
train-7146_nsd-57569_bottle.png,0.08054924011432787,bottle
train-4618_nsd-37867_sink.png,0.08050991821646143,sink
train-8071_nsd-60307_car.png,0.08041737407933362,car
train-5526_nsd-45154.png,0.08023128676323003,car
train-3208_nsd-26282.png,0.08021798602817165,clock
train-4455_nsd-36147_car.png,0.08016227190141223,car
train-1807_nsd-12937_tv.png,0.08011657395364978,tv
train-9364_nsd-69564_chair.png,0.08009764594413281,chair
train-7027_nsd-51764.png,0.08004359637239883,car
train-1567_nsd-11796.png,0.07998609171036461,potted plant
train-3225_nsd-26384_clock.png,0.07994392909306869,clock
train-5997_nsd-49527.png,0.07992600217105916,chair
train-8429_nsd-70065.png,0.07982560297300458,potted plant
train-4078_nsd-30735.png,0.07981265532573444,chair
test-0221_nsd-57883_clock.png,0.07975145961515125,clock
train-8211_nsd-60929.png,0.07972255822865199,car
train-8165_nsd-61054.png,0.07963140745109314,cup
train-0475_nsd-03843.png,0.07943382441151763,cup
train-6351_nsd-52542_potted plant.png,0.07921792974253603,potted plant
train-1986_nsd-14982_sink.png,0.07914326170188785,sink
train-5647_nsd-46594.png,0.07893968097416158,car
train-0796_nsd-06489_potted plant.png,0.07888804313953332,potted plant
train-0563_nsd-05110_chair.png,0.07878323972754252,chair
train-4068_nsd-33330.png,0.07876770665791423,clock
train-6586_nsd-54469.png,0.0787582119682454,oven
train-6423_nsd-47667_potted plant.png,0.07861427444323846,potted plant
train-4812_nsd-35569_clock.png,0.07858553069114055,clock
train-4153_nsd-31298_bottle.png,0.0785422023353312,bottle
train-6979_nsd-55744.png,0.07849836282295349,car
train-0205_nsd-01962_cup.png,0.07841589938014891,cup
train-9493_nsd-70221_laptop.png,0.07834759079159545,laptop
train-5214_nsd-42943_chair.png,0.07831341337555348,chair
train-2409_nsd-17891.png,0.07828206788035662,car
train-7668_nsd-61630.png,0.07826495394493124,chair
test-0005_nsd-00716.png,0.07821340380379112,clock
train-8332_nsd-61797.png,0.07807548980184942,car
train-3590_nsd-26462_sink.png,0.07792801081000436,sink
train-5595_nsd-41802.png,0.07782343536758286,potted plant
train-3555_nsd-29065.png,0.07781428995865858,oven
train-0398_nsd-03322_laptop.png,0.07776145517804947,laptop
train-3742_nsd-30675.png,0.07758245195737193,cup
train-6664_nsd-49619_bottle.png,0.07756369998620376,bottle
train-5714_nsd-42647_tv.png,0.07744037369047896,tv
train-8150_nsd-60287.png,0.07732831798259521,car
train-0945_nsd-07043_car.png,0.07729827988702108,car
train-0319_nsd-03017_oven.png,0.07723072026020036,oven
train-2467_nsd-19069_microwave.png,0.0771439565270546,microwave
train-0162_nsd-01406.png,0.07710133615190304,car
train-2800_nsd-22699.png,0.07704487343994382,cup
train-6498_nsd-53896.png,0.07696718554528731,cup
train-4027_nsd-33018_clock.png,0.07679303890381738,clock
train-0058_nsd-00445.png,0.07676581362258678,potted plant
train-8707_nsd-64726_tv.png,0.07665294955022313,tv
train-0159_nsd-01417_potted plant.png,0.07661156075651972,potted plant
train-5601_nsd-45156_chair.png,0.07651070559704368,chair
train-5267_nsd-42505_chair.png,0.07643827100322127,chair
train-9619_nsd-71199_oven.png,0.07642019325156785,oven
train-0594_nsd-05010.png,0.07635916610453931,clock
train-0928_nsd-08273_bottle.png,0.07635300377024769,bottle
train-3807_nsd-31223_chair.png,0.07627903075022692,chair
train-7054_nsd-58635_oven.png,0.07623613668150175,oven
train-4043_nsd-32675_bottle.png,0.07617696192434154,bottle
train-7318_nsd-54087.png,0.07615766230167195,bottle
train-8148_nsd-60498.png,0.07608003144310305,tv
train-3457_nsd-26260.png,0.076016283988479,clock
train-6037_nsd-45129_car.png,0.07594120810896522,car
train-8883_nsd-71449.png,0.07588879137928796,chair
train-3505_nsd-26620.png,0.07588443684174316,car
train-7926_nsd-58797.png,0.07571317160829988,oven
train-3072_nsd-23525_car.png,0.07566835014729487,car
train-8393_nsd-62561_chair.png,0.07556433456942371,chair
train-6604_nsd-54668.png,0.07546227262681333,car
train-4179_nsd-34214_keyboard.png,0.0754580429429971,keyboard
train-5232_nsd-38703.png,0.07527434415732222,tv
train-8203_nsd-68310.png,0.0752481235279558,tv
train-9358_nsd-69246.png,0.07521910244724912,chair
train-7344_nsd-60846_tv.png,0.07513201562308469,tv
train-7503_nsd-55819.png,0.07513083846601784,car
train-6491_nsd-48316_car.png,0.0750606189512772,car
train-8586_nsd-71303.png,0.07503115957868901,oven
train-5543_nsd-44674_bottle.png,0.0749859502549685,bottle
train-6663_nsd-49068.png,0.07491083983072402,bottle
train-0385_nsd-03179_chair.png,0.07479458313198975,chair
train-8284_nsd-68956.png,0.07476795974686636,chair
train-7181_nsd-53336_chair.png,0.07474013975180827,chair
train-8289_nsd-61869.png,0.07460186199111368,tv
train-5646_nsd-41922.png,0.07457759435834198,tv
train-6685_nsd-55440_microwave.png,0.0745373198119379,microwave
train-7567_nsd-62577_tv.png,0.07453271958345706,tv
train-7100_nsd-52852_laptop.png,0.07444957588421806,laptop
train-4911_nsd-40217.png,0.07438710204040525,potted plant
train-4840_nsd-39093_tv.png,0.0742364737887849,tv
train-2999_nsd-24658.png,0.07416723199959276,chair
train-5393_nsd-40246_tv.png,0.07414123148201711,tv
train-7577_nsd-56533_chair.png,0.07406006249620072,chair
train-6587_nsd-48922.png,0.07404312845890823,cup
train-8206_nsd-60866_microwave.png,0.07400374942339434,microwave
train-8295_nsd-69047.png,0.07400328343029819,chair
train-9650_nsd-71511_chair.png,0.07393665355350335,chair
train-7027_nsd-52292_chair.png,0.07383799070243191,chair
train-6293_nsd-46783.png,0.07379900074762895,car
train-8487_nsd-62857_tv.png,0.0737777081684399,tv
train-1513_nsd-12767_sink.png,0.07377157849050948,sink
train-7185_nsd-59567_laptop.png,0.07363356993644551,laptop
train-8156_nsd-67593_chair.png,0.07337909142611229,chair
train-3560_nsd-27040_tv.png,0.07336298092800995,tv
train-4916_nsd-36682.png,0.07336013897793708,car
train-8500_nsd-70594_chair.png,0.07323799063482918,chair
train-1146_nsd-08787.png,0.07321643973915468,bottle
train-3065_nsd-22729.png,0.0732035240033935,fork
train-7970_nsd-66066_potted plant.png,0.07317117551723765,potted plant
train-6613_nsd-49212.png,0.07310440659634149,bottle
train-6099_nsd-44987.png,0.07305843738003039,tv
train-9707_nsd-71887_car.png,0.07305514028401988,car
train-4724_nsd-38904_oven.png,0.07304967905307974,oven
train-6604_nsd-49146_oven.png,0.07292773993944919,oven
train-0531_nsd-04299_chair.png,0.07292396490839181,chair
train-8367_nsd-62413.png,0.07286013957133046,oven
test-0131_nsd-58965.png,0.07281550803332856,car
train-9454_nsd-70075.png,0.07275159378591387,chair
train-5996_nsd-49525.png,0.07272197475925508,fork
train-0501_nsd-04321.png,0.07254629678385689,chair
train-5966_nsd-47911_cup.png,0.07249157998942642,cup
train-0464_nsd-03337.png,0.07241124123578685,chair
train-1005_nsd-07570_bottle.png,0.07239531037060618,bottle
train-5417_nsd-43702.png,0.07231956277060969,tv
train-7724_nsd-64428_chair.png,0.0722716684128799,chair
train-7250_nsd-60050.png,0.07217315297682793,chair
train-6091_nsd-44938_oven.png,0.07212692695377101,oven
train-0954_nsd-08441.png,0.07205720621230026,chair
train-6300_nsd-51062_chair.png,0.07201564693818147,chair
train-6154_nsd-45712.png,0.07201041036144873,tv
train-9470_nsd-70162_car.png,0.07198715458602974,car
train-4967_nsd-37160.png,0.07190680528038701,chair
train-6078_nsd-49327_bottle.png,0.07186384908921342,bottle
train-7036_nsd-51827_tv.png,0.07181804539977424,tv
train-6918_nsd-57370.png,0.0717298033542614,tv
train-8901_nsd-71587_chair.png,0.07171280984785063,chair
train-2356_nsd-17549_tv.png,0.07170713908348757,tv
train-2859_nsd-23403_car.png,0.07169659474180008,car
train-2893_nsd-23766_oven.png,0.0716942630061936,oven
train-7147_nsd-53484.png,0.07167005367056986,bottle
train-6064_nsd-48598_chair.png,0.07162974822138342,chair
train-6372_nsd-51551_chair.png,0.07161989003498426,chair
train-0578_nsd-05217.png,0.0714276665863645,car
train-2960_nsd-21979.png,0.0712921178387058,clock
train-7404_nsd-61393_chair.png,0.07123526779311268,chair
train-8391_nsd-62547.png,0.07120838993496242,car
train-2842_nsd-21982_tv.png,0.07115613906572407,tv
train-3383_nsd-24961.png,0.0711388734581659,car
train-4712_nsd-38048.png,0.07110801315549173,car
train-7136_nsd-52950.png,0.07103396566952962,chair
train-8178_nsd-65799_chair.png,0.07094367058810865,chair
train-8920_nsd-66311_chair.png,0.07092584631994696,chair
train-1874_nsd-15799_chair.png,0.0709175478004043,chair
train-7846_nsd-58214_car.png,0.07089866897311914,car
train-3123_nsd-25578.png,0.07088119859308986,fork
train-4597_nsd-37907.png,0.07086554410227369,tv
train-7224_nsd-53671.png,0.07085650054540799,chair
train-5281_nsd-39050_tv.png,0.07080951599192721,tv
train-1339_nsd-11398.png,0.0707489639843166,car
train-2699_nsd-22394_tv.png,0.07071385841120986,tv
train-3394_nsd-25299_laptop.png,0.07064620859348432,laptop
train-7551_nsd-60608.png,0.07062065927721793,chair
train-4476_nsd-33182.png,0.07061063783898971,car
train-6540_nsd-48549_chair.png,0.07057339243251169,chair
train-2889_nsd-22285_oven.png,0.07032330264290365,oven
train-4819_nsd-39859.png,0.07030201543734763,car
train-0983_nsd-08019_laptop.png,0.07027770121574356,laptop
train-5094_nsd-38086.png,0.07013696814573121,tv
train-7563_nsd-56399_potted plant.png,0.07006166412159338,potted plant
train-1592_nsd-13416_oven.png,0.0699702740579238,oven
train-5499_nsd-45129_car.png,0.06996624885404877,car
train-4894_nsd-36563.png,0.0699580221677971,microwave
train-9556_nsd-70868_laptop.png,0.06987294938937902,laptop
train-1200_nsd-08860_car.png,0.06986207781770451,car
test-0059_nsd-31376_laptop.png,0.06985853573711749,laptop
train-6889_nsd-51296.png,0.06976372340697086,fork
train-6356_nsd-50871_chair.png,0.06970681363446642,chair
train-5445_nsd-40561_chair.png,0.06955557599943116,chair
train-5214_nsd-38972.png,0.06950754430395067,bottle
train-3728_nsd-30561_chair.png,0.06950480265481346,chair
train-8584_nsd-63523.png,0.06942034202667949,toilet
train-8784_nsd-70551_oven.png,0.0694002583782955,oven
train-6902_nsd-51384_chair.png,0.06934089410176394,chair
train-6912_nsd-57306_chair.png,0.06925297910180225,chair
train-1602_nsd-13039_tv.png,0.06925180291230519,tv
train-8077_nsd-66947_microwave.png,0.0692404725020414,microwave
train-4727_nsd-38948.png,0.06918844499180213,car
train-0179_nsd-01471_tv.png,0.06911841772759136,tv
train-8638_nsd-63970_sink.png,0.06911118629606477,sink
train-1259_nsd-08827.png,0.06909842501510458,chair
train-5739_nsd-46759_bottle.png,0.06898974020668365,bottle
train-6161_nsd-50934.png,0.06892723147873098,car
train-9024_nsd-66643_tv.png,0.06892424892004781,tv
train-9835_nsd-72975_chair.png,0.06892185823813442,chair
train-6280_nsd-46655_chair.png,0.0688494933970038,chair
train-2746_nsd-22886.png,0.0688263759486123,car
train-3981_nsd-29957_chair.png,0.06881914285046586,chair
train-9179_nsd-67845.png,0.06881062508854255,car
train-0699_nsd-05612.png,0.06870531462436331,car
train-7815_nsd-57694_oven.png,0.06866246959888911,oven
train-6974_nsd-51949.png,0.06861304071260829,fork
train-7225_nsd-54046.png,0.06850416079849062,car
train-0008_nsd-00035_tv.png,0.06834787257801832,tv
train-2374_nsd-17705.png,0.06829820092652729,cup
train-0094_nsd-00793_tv.png,0.06828361209423907,tv
train-6603_nsd-53373.png,0.06828304926824462,chair
train-5002_nsd-37314.png,0.06819126592118968,chair
train-4169_nsd-30791.png,0.06811238533888361,laptop
train-6481_nsd-48504.png,0.06806607202599393,chair
train-2726_nsd-22742.png,0.06802784782797325,keyboard
train-8453_nsd-70309.png,0.06791906591396396,laptop
train-5498_nsd-44954_toilet.png,0.06785883903759152,toilet
train-4063_nsd-33271_car.png,0.06782144512033796,car
train-5965_nsd-47903.png,0.0676393315276132,chair
train-5798_nsd-47720.png,0.06756066446733532,chair
train-2779_nsd-20651.png,0.06751934233716411,laptop
train-9402_nsd-69730.png,0.06739635995737576,oven
train-4518_nsd-33903.png,0.06736157672719513,car
train-0650_nsd-05438.png,0.06727675864184353,oven
train-9031_nsd-72557.png,0.0672110163460329,car
train-4713_nsd-34833.png,0.06713317893037304,car
train-5618_nsd-41975.png,0.06711392853908174,bottle
train-9065_nsd-66917_tv.png,0.06691208217137393,tv
train-6930_nsd-51062_chair.png,0.06687739107554473,chair
train-9449_nsd-69882.png,0.06687039181649139,cup
train-3643_nsd-26974_potted plant.png,0.0668623928934994,potted plant
train-2013_nsd-16419_bottle.png,0.0667528803500907,bottle
train-2434_nsd-17693.png,0.06675139356826458,car
train-4877_nsd-40229.png,0.06673080634810351,chair
train-8159_nsd-61001.png,0.06668587859701872,oven
train-0191_nsd-01542.png,0.06665326020409774,fork
train-2868_nsd-23241_laptop.png,0.06651802826394894,laptop
train-2693_nsd-21841_toilet.png,0.06649756324529658,toilet
train-3029_nsd-22479_toilet.png,0.06649535350063268,toilet
train-4284_nsd-35170.png,0.06647193679930284,chair
train-2060_nsd-16783.png,0.06640830489486901,chair
train-8957_nsd-72055.png,0.06637811800339317,car
train-0401_nsd-03365.png,0.06626132107701346,oven
train-4529_nsd-37221_chair.png,0.06616784057300365,chair
train-5609_nsd-45831.png,0.06616712538698162,fork
train-5223_nsd-38796.png,0.06614753983885427,car
train-3976_nsd-32682.png,0.06608605209080178,stop sign
train-1837_nsd-13167_potted plant.png,0.06606054303071424,potted plant
train-4108_nsd-30412.png,0.06603398800150428,cup
train-7527_nsd-60357.png,0.06594068455483243,car
train-4055_nsd-30563.png,0.06593110188815936,cup
train-4334_nsd-35597.png,0.06587830956819617,chair
train-6473_nsd-48414.png,0.06575018558347655,toilet
train-8240_nsd-60895.png,0.06564651894354187,toilet
train-5763_nsd-42995_chair.png,0.06557149105273902,chair
train-1139_nsd-08432.png,0.06553581991739786,car
train-5520_nsd-45524.png,0.06552143750877902,car
train-1859_nsd-13312_chair.png,0.06543183816180419,chair
train-1998_nsd-14937_chair.png,0.06537504171883084,chair
train-7615_nsd-63028.png,0.06532627903933197,fork
train-8970_nsd-66488.png,0.06529220941878965,chair
train-8341_nsd-61835_oven.png,0.06526731919891883,oven
train-7966_nsd-64018_laptop.png,0.06520734331561649,laptop
train-9372_nsd-69363_car.png,0.06517384818466597,car
train-6806_nsd-56449_bottle.png,0.065108086931935,bottle
train-3774_nsd-30911.png,0.06508810366339746,car
train-7485_nsd-55750_car.png,0.06508797299575102,car
train-7367_nsd-54422_tv.png,0.06507782356953096,tv
train-3827_nsd-28341.png,0.06496787059518103,chair
train-1062_nsd-09187_chair.png,0.06480309726145303,chair
train-7615_nsd-61200_chair.png,0.06476542551835963,chair
train-4266_nsd-31798_chair.png,0.06465034212618294,chair
train-4461_nsd-36225_chair.png,0.06461112429108615,chair
train-5729_nsd-47100.png,0.06458152497052361,chair
train-3534_nsd-29023_chair.png,0.06451185615816118,chair
train-2138_nsd-15405_sink.png,0.06451129163056381,sink
train-4873_nsd-40232_chair.png,0.06442942982139403,chair
train-5030_nsd-37171.png,0.06439627949735757,car
train-8281_nsd-61413_tv.png,0.06438562504259579,tv
train-3291_nsd-26941_car.png,0.06436587283779871,car
train-8773_nsd-72958.png,0.06429187233621891,car
train-8829_nsd-65396_chair.png,0.0641943084866932,chair
train-6857_nsd-50455_chair.png,0.06418722053864116,chair
train-4482_nsd-36948.png,0.06414674328636401,chair
train-0171_nsd-01459_sink.png,0.06413592477789859,sink
train-1354_nsd-10107_chair.png,0.06413206901103642,chair
train-4655_nsd-34670_chair.png,0.06409569967911109,chair
train-2238_nsd-18148_oven.png,0.06404163938569,oven
train-1543_nsd-11835_chair.png,0.06392643295002913,chair
train-1373_nsd-11636_sink.png,0.06386884321477676,sink
train-0868_nsd-06130.png,0.06378404416478495,cup
train-4468_nsd-36682.png,0.06365466314189815,car
train-5615_nsd-41990.png,0.06363256836509525,stop sign
train-5923_nsd-48874_toilet.png,0.06359900405978756,toilet
train-3099_nsd-25434.png,0.06333356101432164,chair
train-8257_nsd-61017_sink.png,0.06292482828357808,sink
train-7058_nsd-52520.png,0.06286185520046864,cup
train-3646_nsd-29906.png,0.06284973933440165,microwave
train-7713_nsd-57422_tv.png,0.06280213683086919,tv
train-1071_nsd-07968.png,0.06272838062842503,sink
train-2833_nsd-21932_tv.png,0.0625971008777779,tv
train-6122_nsd-48975.png,0.06252004877474879,car
train-8429_nsd-70075.png,0.06243486871922273,chair
train-7084_nsd-56495.png,0.06242006606934749,tv
train-4153_nsd-31298_chair.png,0.06239970174441379,chair
train-6765_nsd-50291_keyboard.png,0.062328324475631094,keyboard
train-5088_nsd-41859_bottle.png,0.06230437466029868,bottle
train-5811_nsd-42930_cup.png,0.06229878371585488,cup
train-6548_nsd-52337.png,0.06225701939110001,microwave
train-1030_nsd-08394.png,0.06222772159166606,oven
train-8036_nsd-59659.png,0.06220268173923784,car
train-3413_nsd-27752.png,0.06219432861026475,microwave
train-8345_nsd-61883_potted plant.png,0.06217569995808888,potted plant
train-5537_nsd-41285.png,0.06194249091374039,car
train-1809_nsd-14773.png,0.061825780435629266,stop sign
train-3701_nsd-30417.png,0.06180920192964161,car
train-1955_nsd-14633.png,0.06163087606932026,oven
train-0977_nsd-08394.png,0.06160362850022427,oven
train-5006_nsd-36987.png,0.06156988236442847,car
train-3889_nsd-31898_oven.png,0.06148268634007002,oven
train-8208_nsd-61324_tv.png,0.06146684691814637,tv
train-0467_nsd-03799.png,0.06146144417424634,chair
train-1879_nsd-13505_tv.png,0.06128507137073433,tv
train-7262_nsd-53635.png,0.061239964780736886,cup
train-6114_nsd-49622.png,0.06114465552174596,chair
train-7739_nsd-57732.png,0.061144352319417505,microwave
train-0356_nsd-02956_car.png,0.06112067564342053,car
train-5385_nsd-44076_sink.png,0.061075815265283294,sink
train-1976_nsd-16097_microwave.png,0.06106730318369119,microwave
train-5489_nsd-45129_car.png,0.06097091434561484,car
train-3406_nsd-25843.png,0.06093879995408014,chair
train-3111_nsd-25528_chair.png,0.06090610092421916,chair
train-8871_nsd-65673_chair.png,0.06084779414150911,chair
train-2515_nsd-20251_chair.png,0.0608437619710766,chair
train-2457_nsd-18324_chair.png,0.06082487496085871,chair
train-5318_nsd-39707.png,0.06080701793559986,oven
train-7874_nsd-65328_tv.png,0.06078724168259508,tv
train-0663_nsd-04612_oven.png,0.06071668110993142,oven
test-0328_nsd-60944.png,0.06068445526744301,car
train-5309_nsd-43396.png,0.0606482938110446,car
train-6037_nsd-45129_potted plant.png,0.06057727909382614,potted plant
train-7515_nsd-55969_sink.png,0.060449721241516055,sink
train-6693_nsd-49758_chair.png,0.060293216424863974,chair
train-2873_nsd-23272_chair.png,0.06025226969343386,chair
train-2102_nsd-15677_chair.png,0.060248739336729605,chair
train-4692_nsd-35023_bottle.png,0.0602389658980434,bottle
train-4481_nsd-36822.png,0.06022809537947216,fork
train-5521_nsd-45108_tv.png,0.06020591100671551,tv
train-7463_nsd-59830.png,0.060140998370886094,stop sign
train-4589_nsd-34015.png,0.06008370037899512,chair
train-7860_nsd-58274_tv.png,0.06005408312897106,tv
train-3582_nsd-29409_car.png,0.05999737370188442,car
train-3951_nsd-31953_microwave.png,0.05996976144339148,microwave
train-8829_nsd-71135_laptop.png,0.05991849285028647,laptop
train-5843_nsd-48157_potted plant.png,0.059904188795188135,potted plant
train-6343_nsd-50745.png,0.05990364562910068,cup
train-4772_nsd-38577_potted plant.png,0.05961891797395772,potted plant
train-4536_nsd-33655.png,0.05961006057363926,car
train-3461_nsd-28326_chair.png,0.05956913663849626,chair
train-2647_nsd-21360.png,0.059542144549546344,chair
train-8707_nsd-64567.png,0.059522843230906994,laptop
train-0740_nsd-05576_oven.png,0.05950078049439504,oven
train-5579_nsd-41301_tv.png,0.05947084169920078,tv
train-7872_nsd-58098_sink.png,0.059437563079917724,sink
train-6955_nsd-55969_sink.png,0.059419187220095385,sink
test-0047_nsd-13279.png,0.05937411062966264,car
train-3380_nsd-25115_chair.png,0.05934208416939124,chair
train-5447_nsd-44741_toilet.png,0.05920679182659937,toilet
train-6124_nsd-49670_potted plant.png,0.05915633523584681,potted plant
train-7155_nsd-59625.png,0.05911240147187308,laptop
train-8916_nsd-66046.png,0.0590960223370027,potted plant
train-0804_nsd-06006_sink.png,0.05898903706903294,sink
train-1143_nsd-09216.png,0.05897710145046297,sink
train-4298_nsd-35306.png,0.05890926561923912,tv
train-0861_nsd-06710_chair.png,0.05890443351989124,chair
train-4556_nsd-37439.png,0.058857957952791855,car
train-3276_nsd-26720_chair.png,0.05885224384406556,chair
train-2997_nsd-22246.png,0.058810307894270525,chair
train-5327_nsd-39541.png,0.05874477358095466,chair
train-7001_nsd-56404.png,0.0586624911273427,car
train-2606_nsd-19485_chair.png,0.05863287863636979,chair
train-6894_nsd-51466.png,0.05835679499920886,fork
train-5611_nsd-41640_tv.png,0.05834929777578526,tv
train-1612_nsd-12101_tv.png,0.0583214329393389,tv
train-7683_nsd-63561.png,0.058313922235928004,keyboard
train-2275_nsd-19003.png,0.05819017096248268,chair
train-4675_nsd-34834_sink.png,0.05818288948870839,sink
train-6244_nsd-46408_keyboard.png,0.05808797520758752,keyboard
train-1248_nsd-10066.png,0.05801057878875361,car
train-5906_nsd-43489_chair.png,0.057993433740092935,chair
train-3974_nsd-32149.png,0.05797607415796946,car
train-2990_nsd-22175_chair.png,0.05792079321398097,chair
train-8874_nsd-71279.png,0.05786851344038916,car
train-0772_nsd-06649.png,0.05786781003837051,cup
train-7569_nsd-60763.png,0.057865420060296754,car
train-2869_nsd-21318.png,0.05784938281624243,chair
train-9279_nsd-68889_oven.png,0.05777462133111607,oven
train-5789_nsd-42991.png,0.05775120045436684,chair
train-9278_nsd-68831_laptop.png,0.05761998924419439,laptop
train-1895_nsd-14620_chair.png,0.05758541647047509,chair
train-8857_nsd-65546_potted plant.png,0.05744529167384317,potted plant
train-0945_nsd-07689_microwave.png,0.05736709928569606,microwave
train-7746_nsd-57794_chair.png,0.057011137557377155,chair
train-8109_nsd-60212_potted plant.png,0.0569626281970628,potted plant
train-8725_nsd-70111.png,0.056940601436275474,car
train-0739_nsd-05823_microwave.png,0.05685530143442513,microwave
train-2808_nsd-22760.png,0.05681546719011544,chair
train-6893_nsd-51320_sink.png,0.05680548489289802,sink
train-1730_nsd-13312_chair.png,0.05679673742948228,chair
train-1457_nsd-11241_chair.png,0.05664736544672142,chair
train-0192_nsd-01616_potted plant.png,0.056610016038174595,potted plant
train-4456_nsd-36749.png,0.05654245174799388,car
train-8028_nsd-64675_potted plant.png,0.05653867771595797,potted plant
train-0959_nsd-06661_toilet.png,0.05642633490779893,toilet
train-2075_nsd-16910_chair.png,0.056359890954854434,chair
train-2350_nsd-17123_chair.png,0.0563337685660529,chair
train-6914_nsd-55275.png,0.056286499568506655,car
test-0003_nsd-02335_laptop.png,0.05627210612170815,laptop
train-3358_nsd-24767.png,0.05623397968091327,fork
train-1772_nsd-13274.png,0.05617593897905612,chair
train-2408_nsd-17886_chair.png,0.0560977389641973,chair
train-2793_nsd-20754_tv.png,0.056072906775234715,tv
train-2407_nsd-17501.png,0.05606859954459806,chair
train-4924_nsd-40663_potted plant.png,0.056063219932134964,potted plant
train-2501_nsd-20753.png,0.05602563245901486,chair
train-7299_nsd-60407_laptop.png,0.05601899320949419,laptop
train-7320_nsd-58560_potted plant.png,0.05598041312487092,potted plant
train-7312_nsd-58643_laptop.png,0.05593522629420206,laptop
train-5205_nsd-42875_potted plant.png,0.055925150572825016,potted plant
train-7577_nsd-56355.png,0.05591566939844953,car
train-1952_nsd-14763_chair.png,0.0558003438780277,chair
train-5189_nsd-42420.png,0.055779063381036886,cup
train-4200_nsd-34260.png,0.05573197155779445,oven
train-2712_nsd-20010_chair.png,0.05568901295628742,chair
train-2327_nsd-18715_chair.png,0.055686813831883,chair
train-4005_nsd-29653_laptop.png,0.05566213194689008,laptop
train-1895_nsd-13609.png,0.05565388946191551,cup
train-3589_nsd-29453_toilet.png,0.05553647602091898,toilet
train-8907_nsd-66205.png,0.055323255591066114,chair
train-1251_nsd-09321.png,0.05519915430935213,tv
train-2660_nsd-22038.png,0.05512659400815907,chair
train-1562_nsd-11256.png,0.05499666532507873,chair
train-3194_nsd-26124.png,0.05492195411888321,bottle
train-1092_nsd-08127_chair.png,0.054908885031006105,chair
train-1514_nsd-11386.png,0.05480330589585822,oven
train-2845_nsd-23638_potted plant.png,0.05465422253375164,potted plant
train-0181_nsd-01795_laptop.png,0.05462856523607935,laptop
train-6445_nsd-53537.png,0.054502792559807604,oven
train-2806_nsd-20741.png,0.054183669357581905,fork
train-5204_nsd-42836.png,0.05415284263360319,chair
train-3839_nsd-31125.png,0.054123668109519754,potted plant
train-1729_nsd-13309_chair.png,0.054105783433273665,chair
train-0289_nsd-02441.png,0.05398414710348327,fork
train-1380_nsd-10433.png,0.05390416157139067,mouse
train-7712_nsd-57240_laptop.png,0.05388659669965181,laptop
train-4752_nsd-39202_sink.png,0.0538475188814973,sink
test-0330_nsd-61486_chair.png,0.053820575068470024,chair
train-1397_nsd-10746_chair.png,0.05363742322785464,chair
train-6951_nsd-51164.png,0.05362724475063006,laptop
train-3530_nsd-28975_laptop.png,0.053586646397592294,laptop
train-5673_nsd-42339.png,0.05357987235390718,potted plant
train-4427_nsd-35980.png,0.05355342198948687,chair
train-2543_nsd-21446.png,0.053526350811184085,car
train-7592_nsd-62827.png,0.053438989658388204,car
train-4005_nsd-32732.png,0.053280922533879095,bottle
train-2497_nsd-20406_potted plant.png,0.053191345977744164,potted plant
train-0814_nsd-07480.png,0.05313466085090261,cup
train-0157_nsd-01285.png,0.05300776719206894,potted plant
train-5699_nsd-46460_chair.png,0.05295785207884115,chair
train-3542_nsd-29103_microwave.png,0.05295514223693982,microwave
train-0718_nsd-05579_chair.png,0.05288823894951753,chair
train-2817_nsd-23239.png,0.05288070829996606,cup
train-9497_nsd-70413.png,0.05286098071140732,car
train-6794_nsd-56140.png,0.052808144946221616,cup
train-8154_nsd-67909_laptop.png,0.052774550779025056,laptop
train-6448_nsd-52137.png,0.0527457203263287,chair
train-1156_nsd-08888.png,0.05270969473665005,chair
train-6830_nsd-50243_oven.png,0.052693414153195006,oven
train-5019_nsd-40584_cup.png,0.05268043425824622,cup
train-6737_nsd-50015.png,0.05266944431523787,potted plant
train-6402_nsd-51185.png,0.05264313080704663,chair
train-7985_nsd-66526_cup.png,0.052569896363521974,cup
train-5066_nsd-37481_laptop.png,0.05256006738268071,laptop
train-2115_nsd-15226_cup.png,0.05254114702908257,cup
train-7656_nsd-63369.png,0.05251028524994648,car
train-1667_nsd-12518.png,0.05243624077357033,chair
train-1785_nsd-13523_car.png,0.05243420036532392,car
train-8751_nsd-64853_car.png,0.05240036968721857,car
train-0865_nsd-06745.png,0.052353560523755976,car
train-4301_nsd-32039.png,0.05226992951185633,car
train-3463_nsd-26297.png,0.05219575060295711,chair
train-3784_nsd-30719_chair.png,0.052110063546977725,chair
train-0819_nsd-06664.png,0.05201546963914539,car
train-3019_nsd-24945_potted plant.png,0.051923186642787986,potted plant
train-6561_nsd-48706.png,0.051787039621167055,cup
train-4105_nsd-33340_bottle.png,0.05174251044220629,bottle
train-0177_nsd-01523_microwave.png,0.051606690768999285,microwave
train-3864_nsd-29036.png,0.05156648341963858,bottle
train-5485_nsd-40838.png,0.05144871844490274,keyboard
train-9236_nsd-68383_laptop.png,0.051399398969170805,laptop
train-6214_nsd-49835_microwave.png,0.05139417309040699,microwave
train-9800_nsd-72653_microwave.png,0.05126651066163367,microwave
test-0010_nsd-01139_mouse.png,0.05116852802403583,mouse
train-1564_nsd-11992.png,0.05113039426521166,chair
train-3809_nsd-31233_chair.png,0.05109179260302011,chair
train-7315_nsd-60583_tv.png,0.05108919004134004,tv
train-7656_nsd-56617.png,0.0508086250783046,car
train-2507_nsd-18725.png,0.05075865864954753,cup
train-3462_nsd-28341.png,0.05034414526328758,chair
train-5865_nsd-43765.png,0.05029685199426211,microwave
train-3338_nsd-27326.png,0.05028707737700162,car
train-1579_nsd-11865.png,0.0502818377379348,cup
train-5221_nsd-42715_microwave.png,0.05026017361503879,microwave
train-9753_nsd-72216.png,0.05022298156206026,cup
train-3378_nsd-24919.png,0.05020928017471301,fork
train-0833_nsd-06782.png,0.05019537373558998,chair
train-5785_nsd-47722.png,0.050157803756564215,car
train-3417_nsd-27780.png,0.050105982931766525,car
train-7974_nsd-66453.png,0.05010277711366464,potted plant
train-8852_nsd-65686.png,0.05010021866001156,oven
train-2672_nsd-21646_laptop.png,0.0500551476231676,laptop
train-4611_nsd-34056.png,0.05005459239774166,fork
train-0410_nsd-03471.png,0.049983383427688474,car
train-2120_nsd-17270_tv.png,0.0499742364307351,tv
train-0841_nsd-06522_tv.png,0.04993308302103145,tv
train-4283_nsd-35158_chair.png,0.04970524669760864,chair
train-4591_nsd-37837_chair.png,0.04969679268845457,chair
train-0736_nsd-06063_chair.png,0.0496501998672816,chair
train-0861_nsd-06064_sink.png,0.04962231668336924,sink
train-4744_nsd-35039_chair.png,0.049599982777536696,chair
train-7578_nsd-63195_sink.png,0.04956385043968342,sink
train-2958_nsd-24097.png,0.04944002049664616,bottle
train-8756_nsd-65085_potted plant.png,0.0493395468956688,potted plant
train-0512_nsd-04156.png,0.04929012105076316,cup
train-0210_nsd-01689_toilet.png,0.0492576800397248,toilet
train-3145_nsd-25765_chair.png,0.049190269623995996,chair
train-8879_nsd-65883.png,0.04888021192377762,cup
train-5719_nsd-46007.png,0.048785815422733345,car
train-1809_nsd-15219.png,0.04877265574412298,car
train-2911_nsd-21540.png,0.04854881339204737,chair
train-3602_nsd-29463_oven.png,0.04853326816723061,oven
test-0011_nsd-01547_chair.png,0.048423415253199834,chair
train-9257_nsd-68401.png,0.04836726075156871,car
train-7738_nsd-57730_microwave.png,0.04833898453582135,microwave
train-9339_nsd-69256.png,0.04821233434625014,fork
train-8584_nsd-69106_car.png,0.04817314185021126,car
train-5165_nsd-42602_car.png,0.047993447663136554,car
test-0387_nsd-71160_chair.png,0.0479071454744973,chair
train-7657_nsd-56618_laptop.png,0.04786579378479778,laptop
train-6652_nsd-53052.png,0.04780320286235816,clock
train-8297_nsd-61540_bottle.png,0.047792451964357024,bottle
train-1286_nsd-09942_laptop.png,0.047754037499638274,laptop
train-6466_nsd-51704_keyboard.png,0.047455195328455484,keyboard
train-3282_nsd-26892.png,0.04739916247400624,cup
train-7394_nsd-54998.png,0.047381672000801206,car
train-0526_nsd-04480.png,0.04714994648226193,car
train-5975_nsd-44325_potted plant.png,0.047068650894572676,potted plant
test-0265_nsd-65563_chair.png,0.047063319264485454,chair
train-0051_nsd-00376_chair.png,0.04704361694007489,chair
train-9107_nsd-67712_keyboard.png,0.047041558409855196,keyboard
train-2996_nsd-24449.png,0.0470003155048734,chair
train-1614_nsd-13032.png,0.04696320743249909,cup
train-9008_nsd-66986.png,0.04695144136566308,car
train-0254_nsd-02130_oven.png,0.046949670038004626,oven
train-6157_nsd-49881_chair.png,0.04683482009269963,chair
train-9532_nsd-70662.png,0.04682628728540492,car
train-8711_nsd-72481.png,0.046798956696933944,chair
train-4477_nsd-33521_tv.png,0.04672918535110036,tv
train-7618_nsd-61138.png,0.04672142123323957,car
train-3612_nsd-27378_laptop.png,0.046708924521479483,laptop
train-4958_nsd-37100_mouse.png,0.046706162345748176,mouse
train-6368_nsd-47269.png,0.046666227261584765,car
train-4949_nsd-36752_tv.png,0.04665054838895368,tv
train-4281_nsd-32202_laptop.png,0.046544501006250176,laptop
train-4326_nsd-32038_chair.png,0.04649200601696988,chair
train-4113_nsd-30670_tv.png,0.04648071187233635,tv
train-3118_nsd-25529_oven.png,0.046465783172628734,oven
train-8000_nsd-59450.png,0.04641767386148725,car
train-2503_nsd-19331_oven.png,0.04634986215332767,oven
train-9713_nsd-72150.png,0.04634752072592156,fork
train-5858_nsd-43461_laptop.png,0.04630770215771773,laptop
train-1822_nsd-13832.png,0.04630400220600449,potted plant
train-5085_nsd-41842_sink.png,0.046297076207322756,sink
train-1092_nsd-08394.png,0.046223058549081965,oven
train-1404_nsd-10600_microwave.png,0.04614169419804492,microwave
train-7153_nsd-53280.png,0.04612240187289912,potted plant
test-0132_nsd-23983_oven.png,0.04591847358678705,oven
train-5914_nsd-44110_chair.png,0.04572684958005825,chair
train-5478_nsd-44972_car.png,0.04562933194837077,car
train-7473_nsd-59903.png,0.04562126569938186,car
train-7656_nsd-56933.png,0.04557548912033207,sink
train-4045_nsd-33130_chair.png,0.04551007920521446,chair
train-9284_nsd-68908.png,0.04546277345741165,car
train-4474_nsd-33508_tv.png,0.04544967408119896,tv
train-4194_nsd-31233_chair.png,0.04538010553038108,chair
train-4734_nsd-38988_tv.png,0.04533370854266569,tv
train-6971_nsd-57904_chair.png,0.04530748535505696,chair
train-9522_nsd-70651.png,0.045226788569131184,sink
train-3777_nsd-28472.png,0.04520301263553975,tv
train-6196_nsd-50194.png,0.04514244892274002,chair
train-4862_nsd-40148_laptop.png,0.045002469873351915,laptop
train-4811_nsd-35724.png,0.04496435440763349,cup
train-8413_nsd-62421.png,0.0445730814923587,laptop
train-6684_nsd-49790.png,0.04448081930967286,cup
train-8961_nsd-72046.png,0.04431964607466906,car
train-0020_nsd-00152.png,0.04430808640665352,laptop
train-3050_nsd-24899_tv.png,0.04429593942509146,tv
train-2103_nsd-16176_tv.png,0.04418820043667573,tv
train-4454_nsd-33097_microwave.png,0.0441172966750305,microwave
train-3187_nsd-26132_cup.png,0.044116159804967456,cup
train-5655_nsd-46460_chair.png,0.04410875619822102,chair
train-1203_nsd-09670_chair.png,0.04406927794614697,chair
train-8618_nsd-63826.png,0.044039062915583294,tv
train-8431_nsd-70075.png,0.044011094248781385,chair
train-8322_nsd-61716.png,0.04386817340814301,chair
train-3390_nsd-27822_tv.png,0.04386816524740629,tv
train-9387_nsd-69507_car.png,0.04385095158248963,car
train-7494_nsd-62416.png,0.04374187654377442,chair
train-5545_nsd-45759.png,0.04367292468353301,car
train-7775_nsd-62396.png,0.04365827729125843,bottle
train-3766_nsd-28410_sink.png,0.043651309650693776,sink
train-3416_nsd-28009_oven.png,0.043644104103406044,oven
train-1459_nsd-11756.png,0.04362045289823762,car
test-0150_nsd-29482.png,0.04356388342415976,car
train-9240_nsd-68663_oven.png,0.04354643177371223,oven
train-3372_nsd-25128_laptop.png,0.043443229403047214,laptop
test-0348_nsd-62633_chair.png,0.04338849848140063,chair
train-0901_nsd-06978_car.png,0.04338662424278857,car
train-8723_nsd-72617.png,0.043371377241688984,car
train-6511_nsd-48356_car.png,0.04298107556381662,car
train-8028_nsd-66575.png,0.04293974264398875,laptop
train-2986_nsd-22158_bottle.png,0.04290758910871175,bottle
train-6418_nsd-51309.png,0.042903886759374975,car
train-2202_nsd-15910.png,0.04282025052117417,tv
train-3216_nsd-23876_potted plant.png,0.04262560946382122,potted plant
train-1413_nsd-11209_tv.png,0.042544678332255524,tv
train-0799_nsd-05989.png,0.04249379261011502,bottle
train-4965_nsd-40935_mouse.png,0.04248253542415294,mouse
train-8240_nsd-68377_car.png,0.04246208732986539,car
train-4243_nsd-31612.png,0.04242842813262938,cup
train-9227_nsd-68172.png,0.0423791310979928,car
train-5584_nsd-41668.png,0.04235665785928971,car
train-3555_nsd-29218.png,0.04215375387551547,car
train-1546_nsd-12484_chair.png,0.0420137965336446,chair
train-6128_nsd-45580_oven.png,0.042005865024924545,oven
test-0101_nsd-51897_oven.png,0.041986219172464666,oven
train-1916_nsd-15465_chair.png,0.041844366546914966,chair
train-5970_nsd-47932_laptop.png,0.04181667535090878,laptop
train-7667_nsd-56919.png,0.0417999923727091,fork
train-4694_nsd-38431.png,0.04167280361139164,car
train-5618_nsd-46156_cup.png,0.04158632050566998,cup
train-8566_nsd-63521.png,0.041435213644951216,car
train-2703_nsd-20843.png,0.04127288754147324,potted plant
train-7841_nsd-58186_sink.png,0.04121851305145841,sink
train-1080_nsd-08043_laptop.png,0.0410563038997734,laptop
train-8779_nsd-72996_potted plant.png,0.041024938660085865,potted plant
train-4140_nsd-33600_chair.png,0.04078052842130744,chair
train-8720_nsd-64721_oven.png,0.04072271433778668,oven
train-7609_nsd-56562.png,0.04070493836922112,car
train-7877_nsd-58379_microwave.png,0.04069402700136409,microwave
train-8466_nsd-68081_chair.png,0.040584363395805345,chair
train-5900_nsd-43999.png,0.04055116062824087,car
train-1665_nsd-13983.png,0.040493403157260556,car
train-6317_nsd-51165.png,0.04047069926280651,cup
train-7437_nsd-55418.png,0.040442562415442286,car
train-1521_nsd-10945.png,0.04043701782267473,car
train-5112_nsd-38190_chair.png,0.04043287007307965,chair
train-2016_nsd-15479_cup.png,0.04037184281309931,cup
train-8399_nsd-62267.png,0.04035725228900155,laptop
test-0155_nsd-69197.png,0.04033933214913367,clock
train-7304_nsd-58404_tv.png,0.040338148114811026,tv
train-1841_nsd-14163_tv.png,0.04030060094156256,tv
train-6016_nsd-48824.png,0.040280138299999275,tv
train-2531_nsd-21314.png,0.04010124014737738,car
train-3372_nsd-25128_chair.png,0.04009887272929499,chair
train-1427_nsd-10197_oven.png,0.0400181900642438,oven
train-8997_nsd-66926.png,0.040008002773812036,laptop
train-7807_nsd-62683.png,0.039925736408588756,car
train-9204_nsd-68191.png,0.03985307495865749,car
train-5811_nsd-47313_laptop.png,0.03984081264432864,laptop
train-0948_nsd-06597.png,0.039799985808949764,car
train-6941_nsd-51904.png,0.03966093404891703,cup
train-8687_nsd-64628.png,0.03964658211104949,car
train-8492_nsd-63360.png,0.03960118088933762,laptop
train-8474_nsd-62741.png,0.03959719077944115,car
train-6406_nsd-47562.png,0.03952211089363504,fork
train-2377_nsd-19333_tv.png,0.03945292961334459,tv
train-5088_nsd-41859_chair.png,0.03941785449043879,chair
train-5163_nsd-38382.png,0.03939936136659751,chair
train-6373_nsd-52820.png,0.03906908072615425,car
train-1165_nsd-08183_tv.png,0.03901242769640894,tv
train-7970_nsd-59585_keyboard.png,0.03899719708670376,keyboard
train-5125_nsd-38039.png,0.03898957317734639,car
train-4955_nsd-40935_chair.png,0.03898740220539593,chair
train-7182_nsd-53447.png,0.038866203275309624,car
train-5790_nsd-47758_car.png,0.03876779685795654,car
train-9147_nsd-67587_chair.png,0.03874109629203201,chair
train-9345_nsd-69426.png,0.038639907518972914,fork
train-5416_nsd-40161.png,0.03859166101927638,chair
train-1469_nsd-12368.png,0.03858889730148233,car
train-5001_nsd-37278.png,0.03853337340158479,toilet
train-0501_nsd-04572_sink.png,0.03852503492760212,sink
train-4817_nsd-38947.png,0.038485072815131645,chair
train-4960_nsd-37007_chair.png,0.0384346011656072,chair
train-4084_nsd-30220_keyboard.png,0.038330076836911156,keyboard
train-7835_nsd-64943.png,0.03826449020482391,potted plant
train-1031_nsd-08400_clock.png,0.03823737724163835,clock
train-8134_nsd-67758.png,0.03822684388957141,oven
train-0657_nsd-05061.png,0.03811927524397271,sink
train-1157_nsd-08890.png,0.038090320323849916,potted plant
train-5412_nsd-43665_potted plant.png,0.03803716541641504,potted plant
train-6223_nsd-50421_tv.png,0.03801868198126294,tv
train-9382_nsd-69531.png,0.03801539442634011,laptop
train-2082_nsd-17492_microwave.png,0.03796004576639929,microwave
train-6101_nsd-50454_oven.png,0.03786366782147396,oven
train-4357_nsd-35760.png,0.037840167386754525,cup
train-7358_nsd-54352.png,0.03783671069414498,potted plant
train-2285_nsd-19085_potted plant.png,0.03783198243001683,potted plant
train-9497_nsd-70254_oven.png,0.03778021033180481,oven
train-6717_nsd-50094.png,0.037767212540635385,car
train-1125_nsd-08327_microwave.png,0.03771129536221325,microwave
train-1989_nsd-14321_sink.png,0.0374528338263152,sink
train-7081_nsd-52603.png,0.03741249826800525,car
train-0754_nsd-05958.png,0.037409836704282246,sink
train-4083_nsd-30433_tv.png,0.03736015064018374,tv
train-6650_nsd-49484_car.png,0.03733345033229641,car
train-2790_nsd-20842_chair.png,0.03732489824215063,chair
train-3898_nsd-28911_laptop.png,0.03727586598795686,laptop
train-4629_nsd-34623_car.png,0.03724963285707751,car
train-6293_nsd-52024_laptop.png,0.037160459751036864,laptop
train-3545_nsd-28722_tv.png,0.037132585736235055,tv
train-6951_nsd-57692.png,0.036853355018831045,car
train-6341_nsd-51326_laptop.png,0.03681088608380988,laptop
train-8008_nsd-59816_chair.png,0.03678102864603199,chair
train-7160_nsd-53344.png,0.03677102594664025,laptop
train-3594_nsd-29543_oven.png,0.036766420444706,oven
train-1253_nsd-09588_microwave.png,0.03675689983726695,microwave
train-4758_nsd-38478_laptop.png,0.03669305534938981,laptop
train-5526_nsd-41192.png,0.03668567805083619,laptop
train-0463_nsd-03759_laptop.png,0.036539752695354394,laptop
train-4633_nsd-34459_laptop.png,0.036539327967681466,laptop
train-5005_nsd-41284_tv.png,0.03642660377820228,tv
train-8571_nsd-68968_tv.png,0.036292805522559375,tv
train-6223_nsd-50421_chair.png,0.03622506146397932,chair
train-7554_nsd-60638_laptop.png,0.03618764442037042,laptop
train-1777_nsd-14478_toilet.png,0.03613668853481906,toilet
train-3240_nsd-23986_oven.png,0.03608477801016333,oven
train-2215_nsd-17989.png,0.03600496702293167,microwave
train-4489_nsd-36892.png,0.035937018791662154,fork
train-3907_nsd-29469.png,0.03589728269250486,oven
train-0087_nsd-00724_keyboard.png,0.0358612543078091,keyboard
train-6836_nsd-50942.png,0.035832511008802075,car
train-8255_nsd-68769_oven.png,0.035711032387787965,oven
train-2304_nsd-17083_tv.png,0.0357038731031301,tv
train-3400_nsd-25101_oven.png,0.035679317152307315,oven
test-0084_nsd-41643.png,0.03559571057994717,sink
train-4552_nsd-33668_cup.png,0.03555619975315077,cup
train-3718_nsd-27535_chair.png,0.035504867313899756,chair
train-6413_nsd-51849.png,0.03533950930491456,car
train-3887_nsd-31866.png,0.035338267848083124,cup
train-2841_nsd-23241_laptop.png,0.03529983418898742,laptop
train-8761_nsd-70407_potted plant.png,0.0352532135448734,potted plant
train-0677_nsd-05368_chair.png,0.03521286892305481,chair
train-7445_nsd-62000.png,0.03515705309932622,tv
train-5364_nsd-43886_chair.png,0.03501068508213829,chair
train-0982_nsd-08648.png,0.03488898116619993,fork
train-2192_nsd-17703_microwave.png,0.03483728961726524,microwave
train-5575_nsd-45972.png,0.03466421948140097,oven
train-5293_nsd-43522_keyboard.png,0.034638850363948266,keyboard
train-1289_nsd-10275_chair.png,0.034533202130629374,chair
train-0041_nsd-00399.png,0.034378177295677145,car
train-0098_nsd-00817.png,0.03431627087663532,car
train-1427_nsd-10197_microwave.png,0.03429383723199131,microwave
train-8651_nsd-71940_toilet.png,0.034117538758030565,toilet
train-6749_nsd-54525_car.png,0.033990798395359983,car
train-7957_nsd-58780.png,0.033973601540957805,car
train-9597_nsd-71226.png,0.033972137946457134,car
train-3201_nsd-23768.png,0.03395745211616079,potted plant
train-0223_nsd-01777_oven.png,0.033818350070264444,oven
train-2889_nsd-21397.png,0.03380863149699537,microwave
train-7394_nsd-55235.png,0.033803966346191844,car
train-0252_nsd-02269.png,0.03378978595442185,chair
train-3759_nsd-27830_oven.png,0.03370157678913996,oven
train-8935_nsd-71882.png,0.03360365526865526,car
train-8713_nsd-70043_bottle.png,0.03358169021463267,bottle
train-3739_nsd-28238_clock.png,0.0335527366164379,clock
train-9122_nsd-67816_chair.png,0.03354978332592637,chair
train-6264_nsd-46498_car.png,0.03353235828540651,car
train-6202_nsd-51271_car.png,0.03352684613013592,car
train-6379_nsd-51627.png,0.03346987350742108,car
train-9457_nsd-69942_tv.png,0.03340379700897326,tv
train-6017_nsd-49660_car.png,0.033368261241111676,car
train-4429_nsd-36362_bottle.png,0.033356747193297516,bottle
train-2612_nsd-21624_bottle.png,0.03329174034968558,bottle
test-0192_nsd-36637_car.png,0.03313401752493579,car
train-2252_nsd-16738_chair.png,0.033023185748875326,chair
train-3659_nsd-27044.png,0.03302263221933674,car
train-3026_nsd-24911.png,0.03301235317688769,car
test-0215_nsd-41560_chair.png,0.032911953485562695,chair
train-1125_nsd-09768.png,0.032850951033932214,fork
train-7697_nsd-61772_laptop.png,0.03280041328198742,laptop
train-8215_nsd-60747.png,0.03277718127731335,car
train-4742_nsd-38832.png,0.032738297621364786,chair
train-3735_nsd-27623.png,0.03258280494748388,car
train-6897_nsd-50788_tv.png,0.032465655502927654,tv
train-0216_nsd-01858.png,0.03239833948876505,chair
train-2306_nsd-18588_laptop.png,0.032375827434323844,laptop
train-3571_nsd-26296_tv.png,0.032373035766573056,tv
train-5787_nsd-47613_potted plant.png,0.03235572068353378,potted plant
train-9335_nsd-69337.png,0.032346810459151935,car
train-0202_nsd-01762.png,0.03233807110597599,car
train-6190_nsd-51185.png,0.032337753390857746,chair
train-4278_nsd-35207.png,0.03232251171700788,cup
train-9446_nsd-69854.png,0.032279389544063654,car
train-2872_nsd-23905.png,0.03223751744014865,potted plant
train-6638_nsd-54924_toilet.png,0.03222045284780069,toilet
train-3559_nsd-26378.png,0.03218294821099875,potted plant
train-4872_nsd-39341.png,0.03216205410601366,toilet
train-6407_nsd-47268.png,0.0321079245710537,car
train-3393_nsd-27830_oven.png,0.03203006803733522,oven
train-4507_nsd-33510.png,0.03200703615327707,potted plant
train-6399_nsd-51759.png,0.03200092379121058,car
train-3688_nsd-29913_bottle.png,0.03186689883936768,bottle
train-0227_nsd-02003.png,0.031843926026880194,chair
train-2116_nsd-15933.png,0.03184098550981072,potted plant
train-0159_nsd-01298_chair.png,0.031754449855709084,chair
train-1413_nsd-10600_microwave.png,0.03171072332268524,microwave
train-9581_nsd-70958_oven.png,0.03160549172415035,oven
train-0110_nsd-00948.png,0.03145882796325672,laptop
train-9524_nsd-70599.png,0.031402662405064966,chair
train-1424_nsd-10754_tv.png,0.031347667149134055,tv
test-0136_nsd-61186_keyboard.png,0.03134147182268558,keyboard
train-2021_nsd-16467_laptop.png,0.031287282523941085,laptop
train-1523_nsd-12300_laptop.png,0.031212547258293862,laptop
train-3066_nsd-25104_oven.png,0.03119747121105091,oven
train-0532_nsd-03798.png,0.031093829706751397,chair
train-2983_nsd-24320.png,0.031021697206359035,tv
train-4139_nsd-33784.png,0.030935721225078216,fork
train-6537_nsd-52229.png,0.030915052072038735,car
train-7591_nsd-63355_cup.png,0.030883617686834383,cup
train-7352_nsd-54694.png,0.030849359833285572,bottle
train-2470_nsd-20893.png,0.03074447180050251,potted plant
train-1254_nsd-09603_microwave.png,0.030696102145222937,microwave
train-8598_nsd-63771_oven.png,0.03067524168204802,oven
train-3057_nsd-25232_potted plant.png,0.03066370593745084,potted plant
train-1619_nsd-11613_oven.png,0.03060411371876383,oven
train-4534_nsd-37242.png,0.03051139193727632,laptop
train-3932_nsd-29610.png,0.030466707859800126,car
train-7241_nsd-53460_chair.png,0.03028939731442467,chair
train-6695_nsd-49243.png,0.030271873504188068,car
train-5720_nsd-46608.png,0.030261248133985705,fork
train-5841_nsd-48145.png,0.03015310433432686,car
train-6082_nsd-50220_chair.png,0.030126057236945298,chair
train-4796_nsd-38794.png,0.03003651001779682,fork
train-3246_nsd-24105_potted plant.png,0.03001131360419611,potted plant
train-7291_nsd-54166_tv.png,0.029934135768606217,tv
train-6726_nsd-55522_chair.png,0.029788801526406474,chair
train-4641_nsd-38345_laptop.png,0.029682915055752022,laptop
train-5200_nsd-38707_chair.png,0.029549019677868365,chair
train-7484_nsd-62010_car.png,0.029541279228129675,car
train-5720_nsd-47028_sink.png,0.0294812936787621,sink
train-3526_nsd-28978_cup.png,0.029261461472728574,cup
train-4911_nsd-36524_sink.png,0.029080177379337813,sink
test-0007_nsd-01067.png,0.0289228438951708,car
train-5179_nsd-42702.png,0.028875945888101884,car
train-0182_nsd-01524.png,0.028867039881683595,keyboard
train-6145_nsd-50823.png,0.028833419810614068,car
train-8184_nsd-60536_car.png,0.02878648425702381,car
train-6404_nsd-47780_sink.png,0.02877109957454625,sink
train-8457_nsd-68032_microwave.png,0.02873195015424236,microwave
train-8718_nsd-70075.png,0.02848529462353057,chair
train-7512_nsd-62544.png,0.02847463331190029,fork
train-2144_nsd-16572_tv.png,0.02841106092760911,tv
train-8154_nsd-60979.png,0.028399913207025555,chair
train-6623_nsd-48748_bottle.png,0.028322502399739966,bottle
train-4047_nsd-30149.png,0.028276310807252687,car
train-7754_nsd-57532_chair.png,0.028183407578793934,chair
train-1178_nsd-10107_chair.png,0.02786682983447876,chair
train-1738_nsd-13016_toilet.png,0.027845888102245572,toilet
train-1314_nsd-11167_microwave.png,0.02783718103763279,microwave
train-4970_nsd-40969.png,0.027831026650959368,sink
train-4231_nsd-34451_car.png,0.027803774194131086,car
train-0560_nsd-04737_toilet.png,0.027769410367429033,toilet
train-3602_nsd-26752.png,0.027656934477939668,microwave
train-5335_nsd-39582_microwave.png,0.027642762608941003,microwave
train-3262_nsd-26720_chair.png,0.027607570466944675,chair
train-7998_nsd-66702.png,0.027563029150522833,car
train-2922_nsd-21618_stop sign.png,0.02754776787734139,stop sign
train-1977_nsd-16684.png,0.027332392754705868,sink
train-4281_nsd-31894.png,0.027307782579650688,cup
train-4894_nsd-40363.png,0.027191754017562526,car
train-9022_nsd-72452_microwave.png,0.027160482899928732,microwave
train-6455_nsd-52203.png,0.02706470840309007,microwave
train-5546_nsd-41046.png,0.027031257488522167,car
train-5645_nsd-41896.png,0.026939593313642554,cup
train-8985_nsd-66785.png,0.0269176121153865,car
train-1988_nsd-14311_laptop.png,0.026854252954396005,laptop
train-1178_nsd-08250.png,0.02662139489944297,bottle
train-2053_nsd-16722_car.png,0.02644052640418673,car
train-4624_nsd-34584.png,0.026406054648567396,car
train-8398_nsd-69854.png,0.026402264021347436,car
train-1889_nsd-16022.png,0.026386034669787825,bottle
train-4351_nsd-32389.png,0.026266099690564076,car
train-4876_nsd-36434.png,0.026211746560604866,car
train-4491_nsd-36901.png,0.026078460513730962,car
train-2670_nsd-22325_microwave.png,0.026068755720167234,microwave
train-9482_nsd-70282.png,0.026021620952047884,potted plant
train-2726_nsd-20295.png,0.02592945356443007,car
train-4916_nsd-36396.png,0.025803685793408745,car
train-4720_nsd-34864.png,0.025765501827902618,car
train-2885_nsd-22268_laptop.png,0.025690916731331778,laptop
train-8647_nsd-64136_keyboard.png,0.025667030813711002,keyboard
train-8169_nsd-61120.png,0.02550290319303269,car
train-2019_nsd-16450.png,0.025419206580843075,laptop
test-0150_nsd-69643.png,0.025403767632947407,car
train-2097_nsd-15617_chair.png,0.025343271557499537,chair
train-5653_nsd-41969_keyboard.png,0.025287038594924687,keyboard
train-3952_nsd-31955.png,0.025266942545476276,car
train-4838_nsd-39082.png,0.025217002644854818,car
train-5067_nsd-41719.png,0.02520781687242212,chair
train-9108_nsd-67715_oven.png,0.025199760510001005,oven
train-4457_nsd-36675.png,0.0250968945697478,laptop
train-4263_nsd-34715.png,0.02508688978818697,cup
train-4314_nsd-35438_chair.png,0.025027364699092322,chair
train-6656_nsd-49695.png,0.02486768011207284,microwave
train-8366_nsd-61922.png,0.024850193827755458,cup
train-1664_nsd-13425.png,0.024788784210368394,oven
train-6875_nsd-51270.png,0.024641426653039068,car
train-3087_nsd-25284.png,0.024577184486107666,car
train-5792_nsd-47655.png,0.024526462906420368,chair
train-8038_nsd-64738.png,0.02451207766756819,bottle
train-8178_nsd-61161_cup.png,0.024506699639900698,cup
train-3760_nsd-27958_microwave.png,0.024501185850243388,microwave
train-5702_nsd-46488_bottle.png,0.024441003599936697,bottle
train-5881_nsd-47789_sink.png,0.024386781962535777,sink
train-0062_nsd-00458_chair.png,0.024277043134687953,chair
train-1689_nsd-12697.png,0.024255017682512103,car
train-7860_nsd-58021_potted plant.png,0.02421492022934912,potted plant
train-1860_nsd-15085.png,0.024045633859016907,laptop
train-0744_nsd-06144_microwave.png,0.023903032146916563,microwave
train-3079_nsd-25284.png,0.02389511394388304,car
train-8193_nsd-60706_keyboard.png,0.023794634696922473,keyboard
train-4143_nsd-30927_laptop.png,0.0237409229056804,laptop
train-7528_nsd-55969_sink.png,0.0237383438482643,sink
train-4238_nsd-34808_oven.png,0.02370079043274269,oven
test-0317_nsd-57658.png,0.02358216144441104,chair
train-9251_nsd-68476_car.png,0.023573860560642423,car
train-1615_nsd-13613_car.png,0.02353719299035841,car
train-6116_nsd-45489_oven.png,0.023517614775153052,oven
train-8962_nsd-66643_tv.png,0.02350874231497134,tv
train-4588_nsd-34299_sink.png,0.02339504622562839,sink
train-5453_nsd-40605_chair.png,0.02322030485502618,chair
train-0319_nsd-03017_microwave.png,0.02317061964393002,microwave
train-5238_nsd-43115.png,0.023162887996537533,car
train-8077_nsd-65045_bottle.png,0.02316252471836417,bottle
train-6137_nsd-45595_bottle.png,0.023132615233621926,bottle
train-4653_nsd-34405.png,0.022996951810725315,car
train-5632_nsd-46477.png,0.022957270728807103,cup
train-4139_nsd-31217.png,0.02251728706982884,tv
train-7439_nsd-59585_laptop.png,0.022314110003597593,laptop
train-2468_nsd-20872_oven.png,0.022285733407597784,oven
train-4948_nsd-37017.png,0.022183378033052446,car
train-6664_nsd-49746_cup.png,0.02213012728994662,cup
train-4932_nsd-36639_fork.png,0.022117697670857837,fork
train-3229_nsd-26428.png,0.022086623069474533,potted plant
train-5118_nsd-42156.png,0.02195745520815046,oven
train-8263_nsd-61101.png,0.021924245574778775,bottle
train-4212_nsd-31133_tv.png,0.021904507258234767,tv
train-3006_nsd-23039_car.png,0.02168776497766803,car
train-5006_nsd-41381.png,0.02165010771220331,car
train-6024_nsd-44688.png,0.021612755690938967,tv
train-4140_nsd-33600_car.png,0.021521681735151895,car
train-9255_nsd-68490_chair.png,0.02152116139482215,chair
train-7011_nsd-58260.png,0.021497061306767273,cup
train-0936_nsd-07179_oven.png,0.021438897279981356,oven
test-0348_nsd-62633_tv.png,0.021426936897161897,tv
train-8259_nsd-68540_tv.png,0.021397350741510467,tv
train-4545_nsd-37410.png,0.021310014703239517,car
train-7659_nsd-56657.png,0.021274201284124362,car
train-4392_nsd-36207.png,0.02120422928205717,cup
train-0126_nsd-01053_chair.png,0.02119900037689987,chair
train-2749_nsd-22719_oven.png,0.02106680725385412,oven
train-1327_nsd-11287_bottle.png,0.020970881989319363,bottle
train-2423_nsd-18010.png,0.020937997317674022,car
train-8868_nsd-65703_tv.png,0.02088431336742568,tv
train-3070_nsd-22757_keyboard.png,0.020815433989491556,keyboard
train-3388_nsd-27558.png,0.020771812413802264,cup
train-4891_nsd-36480.png,0.020641343942381197,bottle
train-4236_nsd-34631.png,0.020611303446861285,car
test-0034_nsd-05956.png,0.020505696760374857,car
train-3974_nsd-32489.png,0.020487251343976703,car
train-2955_nsd-21942.png,0.020391388869691406,chair
train-4759_nsd-39289.png,0.020352840713038115,cup
train-5583_nsd-41662_tv.png,0.02032925443342391,tv
train-1794_nsd-13613_car.png,0.02029912490714775,car
train-3428_nsd-28115.png,0.02029329526381177,car
train-5341_nsd-39469.png,0.020292637663845883,chair
train-5112_nsd-37923_oven.png,0.02025516487928866,oven
train-9457_nsd-70075.png,0.020243112114759133,chair
train-3855_nsd-31534.png,0.020234816256568144,car
train-7652_nsd-56837.png,0.02011703035411461,car
train-7595_nsd-56665_sink.png,0.02011405191677155,sink
train-8541_nsd-70938.png,0.020028912910653972,car
train-3749_nsd-28300.png,0.019957461775080808,bottle
train-3333_nsd-24614.png,0.019874318687587985,car
train-4332_nsd-35577.png,0.01986913516546664,chair
test-0088_nsd-40506.png,0.01985829292633832,car
train-8001_nsd-59756.png,0.01980675767191677,chair
train-2772_nsd-20625_laptop.png,0.01980537307058201,laptop
train-4935_nsd-40392.png,0.019686581336673604,car
train-2478_nsd-18075_oven.png,0.019680567469435074,oven
train-3006_nsd-24721_cup.png,0.019574227243002586,cup
train-8992_nsd-66643_tv.png,0.01956966517378653,tv
train-8033_nsd-59303_chair.png,0.019430826984222355,chair
train-1157_nsd-08885.png,0.01939352681409271,car
train-6734_nsd-50189_sink.png,0.019384258728718733,sink
train-6767_nsd-49775_laptop.png,0.019359238591859135,laptop
train-8786_nsd-65105.png,0.01933227138084695,cup
train-8337_nsd-67074.png,0.019296721259436777,fork
train-6277_nsd-50858.png,0.019261560196466583,fork
train-4207_nsd-34475.png,0.019233300896747987,car
train-4608_nsd-37989_bottle.png,0.019116477827030832,bottle
train-6886_nsd-51291_chair.png,0.01898748103293266,chair
train-2065_nsd-15554.png,0.018904460101409563,car
train-8350_nsd-67189_tv.png,0.018858229250781594,tv
train-7042_nsd-58282_sink.png,0.018832464884125395,sink
train-4577_nsd-37664_tv.png,0.01857473989939915,tv
train-2833_nsd-21046_oven.png,0.018560434826298593,oven
train-4130_nsd-33734.png,0.018481636593623275,car
train-8149_nsd-67544_tv.png,0.018362066508807392,tv
train-2471_nsd-19842_chair.png,0.01835403399030974,chair
train-4428_nsd-36536.png,0.018216485104364563,fork
train-1135_nsd-08737_laptop.png,0.018188095953958257,laptop
train-6986_nsd-58082.png,0.0181671505745922,fork
train-5759_nsd-46929_chair.png,0.018098498136058874,chair
train-3763_nsd-28363_oven.png,0.0180796018374907,oven
train-0208_nsd-01810.png,0.018035477577072967,car
train-4089_nsd-33463.png,0.017984570258690307,cup
train-1460_nsd-12320.png,0.017960017849189137,potted plant
train-8038_nsd-60019_microwave.png,0.017939788669267716,microwave
train-1626_nsd-13655.png,0.0176849816952759,bottle
train-7600_nsd-61063_chair.png,0.017678364262002044,chair
train-6802_nsd-50714.png,0.017654957305513887,car
train-1146_nsd-09933.png,0.017624596555523488,bottle
train-3874_nsd-28716.png,0.017571453866800778,car
train-3376_nsd-24896_microwave.png,0.017434611491183173,microwave
train-6244_nsd-51654.png,0.017426146858031483,fork
train-7177_nsd-53431.png,0.017338226408822866,cup
train-0711_nsd-05871_keyboard.png,0.017313061932118207,keyboard
train-3347_nsd-27368.png,0.01729557406432653,car
train-0026_nsd-00200.png,0.01724318833082126,chair
train-6903_nsd-55175.png,0.017204293812330882,car
train-6114_nsd-45753_chair.png,0.016927416240266457,chair
train-5250_nsd-38818_laptop.png,0.016867686675395337,laptop
train-1782_nsd-13511_bottle.png,0.016816870825846052,bottle
train-4945_nsd-36579.png,0.016777202853475618,car
train-1678_nsd-12921_tv.png,0.016635708945316543,tv
train-3956_nsd-32334_chair.png,0.016581654080694175,chair
train-6436_nsd-53465_laptop.png,0.01652638839273208,laptop
train-4688_nsd-38641_laptop.png,0.016476308545653896,laptop
train-6711_nsd-55417_tv.png,0.0162467626427146,tv
train-7013_nsd-51670.png,0.01623326186553323,car
train-8593_nsd-63620_oven.png,0.016215714511512082,oven
train-8326_nsd-69285_chair.png,0.01615538265613908,chair
train-0917_nsd-07480.png,0.01613585191014471,cup
train-1051_nsd-07857_tv.png,0.016117633247895165,tv
train-4499_nsd-37059.png,0.01610735343571487,car
train-3812_nsd-31157.png,0.016006264685948384,car
train-5789_nsd-47127.png,0.01598059992040927,chair
train-5836_nsd-43599.png,0.015966551117067403,car
train-4257_nsd-31748.png,0.015719418870582966,chair
train-6491_nsd-48556_tv.png,0.01565194763337368,tv
train-8581_nsd-63508_tv.png,0.015651181300705735,tv
train-1258_nsd-10600_microwave.png,0.015589950605085015,microwave
train-8223_nsd-66144.png,0.01556113432547719,car
train-0203_nsd-01708_car.png,0.015510315685756426,car
train-8757_nsd-65039.png,0.015485286001575792,car
train-8447_nsd-62544.png,0.015482720452118928,fork
train-1660_nsd-13445.png,0.015482610041185027,chair
train-2505_nsd-18619_chair.png,0.015359632801133888,chair
test-0137_nsd-34411_potted plant.png,0.015318878402157753,potted plant
train-2080_nsd-15690.png,0.015156057363337049,car
train-9253_nsd-68479.png,0.015039558556571705,cup
train-4743_nsd-35033_car.png,0.014856329022430182,car
train-2201_nsd-18346_tv.png,0.014839062573559575,tv
train-4127_nsd-33521_tv.png,0.014786125779618098,tv
train-1319_nsd-09899.png,0.014714121576065399,cup
train-4256_nsd-32049_laptop.png,0.014585041955371523,laptop
train-6233_nsd-46504.png,0.014505314801540275,car
train-4981_nsd-36794.png,0.014460406877489115,laptop
train-0874_nsd-07120.png,0.014316072270032034,fork
train-8348_nsd-61797.png,0.014311219585147963,car
train-4098_nsd-33269.png,0.01417082470037712,tv
train-5629_nsd-42048_keyboard.png,0.014153481807128039,keyboard
train-1708_nsd-14495.png,0.014149006911136715,fork
train-3015_nsd-24814.png,0.014030880426854844,car
train-2928_nsd-23808.png,0.01399912277531422,potted plant
train-3545_nsd-26127_tv.png,0.013951627888097614,tv
train-6484_nsd-48509.png,0.013913047472850016,car
train-8663_nsd-69675.png,0.013820518136673333,chair
test-0019_nsd-05138.png,0.01380076937198751,tv
train-3141_nsd-23208_laptop.png,0.013798120390118787,laptop
train-1603_nsd-11519_bottle.png,0.013641065539813415,bottle
train-8505_nsd-68443_chair.png,0.01361027285042183,chair
train-8512_nsd-63056_keyboard.png,0.01346654581241296,keyboard
train-7238_nsd-53838.png,0.013465395383234857,cup
train-3991_nsd-32782.png,0.013399832052628931,chair
train-0226_nsd-01902_microwave.png,0.013296631946745236,microwave
train-7684_nsd-61672_sink.png,0.01328242516017284,sink
test-0088_nsd-45590.png,0.013245652110634751,sink
train-4586_nsd-37648.png,0.013210705640302188,cup
train-2839_nsd-21007.png,0.013193292374392165,car
train-0636_nsd-04906.png,0.013174704610787694,chair
train-2159_nsd-16262.png,0.013154328048509262,car
train-9153_nsd-67642_bottle.png,0.013048707515702739,bottle
train-5376_nsd-39720_bottle.png,0.013032461565302892,bottle
train-0574_nsd-04559.png,0.012996047916126484,car
train-0890_nsd-08006.png,0.01295690300346833,fork
train-2951_nsd-24309.png,0.012895483982670243,car
train-0281_nsd-02368_microwave.png,0.012716632138253758,microwave
train-9046_nsd-66906_oven.png,0.012658112920155411,oven
train-3817_nsd-31331.png,0.01259061181137089,laptop
train-0721_nsd-05598.png,0.012549682691971525,oven
train-6196_nsd-51185.png,0.012423733290899063,chair
train-2790_nsd-20842_tv.png,0.012357281716325164,tv
train-4551_nsd-36852_stop sign.png,0.012307494876139661,stop sign
train-4222_nsd-34496.png,0.012137842878547916,car
train-8743_nsd-70286_chair.png,0.01210525702350022,chair
train-3493_nsd-28689_clock.png,0.012037961157133542,clock
train-7880_nsd-58148.png,0.011879609738534306,toilet
train-2683_nsd-22260_laptop.png,0.011828151294721359,laptop
train-1400_nsd-11826_laptop.png,0.01163857788641621,laptop
train-0844_nsd-06552_potted plant.png,0.011623706951574653,potted plant
train-8037_nsd-59662.png,0.011612410696537234,potted plant
train-3640_nsd-26967.png,0.011611792213596359,tv
train-4999_nsd-37059.png,0.011461393229165475,car
train-4748_nsd-38378_microwave.png,0.01136926926950587,microwave
train-8138_nsd-67784_toilet.png,0.011227306754879325,toilet
train-4908_nsd-40451.png,0.011114692853323135,bottle
train-7177_nsd-53721.png,0.011091678028961471,cup
train-3059_nsd-22722.png,0.010869567019720968,car
train-8879_nsd-65746.png,0.010868736528909172,cup
train-2127_nsd-17329_laptop.png,0.010840632523397814,laptop
train-6769_nsd-49795_chair.png,0.010820691758464378,chair
train-3040_nsd-23249_laptop.png,0.01073173388810129,laptop
train-8011_nsd-59173_chair.png,0.010616826228330647,chair
train-3258_nsd-24217_chair.png,0.010604824298068527,chair
test-0291_nsd-72348_keyboard.png,0.010589884414738748,keyboard
train-6795_nsd-56304.png,0.010462647921828836,cup
train-4467_nsd-33178_chair.png,0.01042223941078721,chair
train-2935_nsd-23874_car.png,0.010398863049250579,car
train-7850_nsd-62990_car.png,0.010386070914033629,car
test-0081_nsd-20572.png,0.010362840077825486,chair
train-1581_nsd-12185.png,0.01033293383483812,bottle
train-1400_nsd-09955_laptop.png,0.010263690468011111,laptop
train-3529_nsd-26150.png,0.010173921728534678,cup
train-5544_nsd-41314.png,0.010171963731026952,car
train-1410_nsd-10579_sink.png,0.010051530715812019,sink
train-1963_nsd-14821_sink.png,0.009943530812736419,sink
train-1542_nsd-11640_bottle.png,0.009900591286745645,bottle
train-2962_nsd-21986_potted plant.png,0.009822163466725336,potted plant
train-4190_nsd-30991.png,0.009776653642507092,car
train-9076_nsd-67413_microwave.png,0.00974923113371948,microwave
train-6675_nsd-53916.png,0.00973157069892475,cup
train-0374_nsd-03306_chair.png,0.009704873790416195,chair
train-0804_nsd-06006_microwave.png,0.009668727408356673,microwave
train-3009_nsd-22384.png,0.00965532560676956,car
train-2308_nsd-17142_car.png,0.009603539780525515,car
train-2935_nsd-23874_chair.png,0.00948528415366214,chair
train-1468_nsd-11340.png,0.009371390644469749,car
train-3366_nsd-25536.png,0.009312046385214379,oven
train-5375_nsd-43334_tv.png,0.009303830177403192,tv
test-0003_nsd-02335_tv.png,0.009287029199135705,tv
train-8706_nsd-64546.png,0.009283314927506748,stop sign
train-9318_nsd-69143.png,0.009278153139674438,chair
train-3010_nsd-22368.png,0.00919599854550967,chair
train-4580_nsd-34254.png,0.009163726589656107,toilet
train-1678_nsd-12921_bottle.png,0.009156554266077747,bottle
train-3187_nsd-26132_chair.png,0.009115732450761886,chair
train-5434_nsd-40312_chair.png,0.00909177928487228,chair
train-9508_nsd-70578_laptop.png,0.00899192696308392,laptop
train-6561_nsd-48736.png,0.008943850343081624,toilet
train-4715_nsd-34874.png,0.008927274278901366,car
train-5453_nsd-40605_cup.png,0.008905454744028516,cup
train-4032_nsd-33070_chair.png,0.00875409081900435,chair
train-6560_nsd-48717.png,0.008667218409245277,potted plant
train-2286_nsd-19421.png,0.008647850337905761,cup
train-1072_nsd-07522_tv.png,0.00860586733406363,tv
train-6095_nsd-44960.png,0.008587510199298239,clock
train-3113_nsd-22987_chair.png,0.00852538744728965,chair
train-1875_nsd-14022_oven.png,0.008522847370863297,oven
train-0494_nsd-03966.png,0.008436244611746788,chair
train-4242_nsd-34686.png,0.00829034059786494,car
train-5460_nsd-40662_keyboard.png,0.008242858849340643,keyboard
train-1679_nsd-13634_oven.png,0.008229667403329331,oven
train-4871_nsd-35990_bottle.png,0.008196200485154034,bottle
train-2476_nsd-18065.png,0.008159464332157274,chair
train-4936_nsd-40747_tv.png,0.008134403933808033,tv
train-8941_nsd-66164.png,0.00812455826289474,potted plant
train-2653_nsd-19739_oven.png,0.008122721597428462,oven
train-3943_nsd-32232.png,0.008088821786220803,chair
train-5226_nsd-38815.png,0.008083654684135798,toilet
train-2013_nsd-15058_chair.png,0.008057689889718627,chair
train-3219_nsd-23844.png,0.007950542022353124,car
train-6040_nsd-44792_keyboard.png,0.007947888486526257,keyboard
train-7193_nsd-53127.png,0.007841581392606286,laptop
train-7010_nsd-57924.png,0.0078015027245769124,laptop
train-4534_nsd-33639.png,0.007753718384274417,tv
train-6585_nsd-48911.png,0.007709822021131051,car
train-8892_nsd-65845.png,0.00770294814772472,cup
train-8640_nsd-69498.png,0.007589753629139801,bottle
train-7944_nsd-63909.png,0.007567548562343026,chair
train-5049_nsd-41239_tv.png,0.007539766610774491,tv
train-7955_nsd-59411_laptop.png,0.007507142079683664,laptop
train-3728_nsd-28173_keyboard.png,0.00747811998954235,keyboard
train-2184_nsd-16852.png,0.007438925243188204,cup
train-0617_nsd-04859_laptop.png,0.007391330974674767,laptop
train-9087_nsd-67261_stop sign.png,0.007206314224830084,stop sign
train-0968_nsd-07397.png,0.007082783987689721,chair
train-9551_nsd-70738.png,0.006976907335523428,chair
train-0957_nsd-08461_toilet.png,0.00683652410621225,toilet
train-2359_nsd-19004_car.png,0.00670439361274065,car
train-1186_nsd-08300_potted plant.png,0.006639154700627153,potted plant
train-1087_nsd-08394.png,0.006625019295234022,oven
test-0238_nsd-45378_tv.png,0.00653717515537646,tv
train-1330_nsd-11304_toilet.png,0.0065317653709820005,toilet
train-5293_nsd-39297_sink.png,0.006482365884319244,sink
train-5209_nsd-42868_sink.png,0.006363611905140874,sink
train-0572_nsd-04551_sink.png,0.006356792152098817,sink
train-0144_nsd-01240.png,0.006216015655607994,car
train-9637_nsd-71483.png,0.006080446359407104,tv
train-4237_nsd-34782.png,0.006058442249349055,cup
train-6229_nsd-46460_chair.png,0.005834865617263753,chair
train-8797_nsd-70821.png,0.005742539221651814,fork
train-7291_nsd-54166_laptop.png,0.005646836553757698,laptop
train-1838_nsd-13755_chair.png,0.005517394080374353,chair
train-0744_nsd-06144_oven.png,0.005483868453558838,oven
train-0925_nsd-07119.png,0.005454868919080596,cup
train-3314_nsd-24520_sink.png,0.0053672756562555685,sink
train-6080_nsd-50290_potted plant.png,0.005332028619301611,potted plant
train-0633_nsd-05095_potted plant.png,0.0053226450569685705,potted plant
train-4289_nsd-31774_chair.png,0.005267954181945493,chair
train-4883_nsd-40278.png,0.00524984509442007,tv
train-2123_nsd-15844_tv.png,0.005231174622769804,tv
train-4721_nsd-34874.png,0.004934469978776994,car
train-2174_nsd-18491.png,0.004845018701062436,car
train-9749_nsd-72222_chair.png,0.004843933061369766,chair
test-0109_nsd-28877.png,0.004785733466927468,fork
train-2343_nsd-18802.png,0.004674837215122394,laptop
train-4876_nsd-36332_chair.png,0.004581784758562589,chair
train-0602_nsd-05076_tv.png,0.004569102935578508,tv
train-2873_nsd-23272_cup.png,0.004510206750938933,cup
train-1786_nsd-12747.png,0.004483646825953247,car
train-4776_nsd-39075_bottle.png,0.004462534442566702,bottle
train-6871_nsd-57013_chair.png,0.004447236443032861,chair
train-5273_nsd-42552_chair.png,0.004437367404796323,chair
train-5147_nsd-38306_bottle.png,0.004416126145347674,bottle
train-5098_nsd-42079_oven.png,0.004390624178420929,oven
train-8790_nsd-70776.png,0.00437636742958415,car
train-6087_nsd-50251.png,0.004342814029228568,car
train-1523_nsd-12868.png,0.004302281585630911,car
train-7174_nsd-59806.png,0.004292137588410229,car
train-7313_nsd-54498.png,0.004147887056429658,cup
train-1542_nsd-11640_potted plant.png,0.004093013284030872,potted plant
train-5030_nsd-40690.png,0.0037115952625554906,cup
train-7030_nsd-56656_chair.png,0.0037086423366867495,chair
train-4674_nsd-34941.png,0.003604521984803301,laptop
train-2036_nsd-15380_sink.png,0.0035580180646453525,sink
train-7838_nsd-62876.png,0.0034057955438860973,chair
train-3120_nsd-25540.png,0.0033115969551505667,car
test-0113_nsd-50831_microwave.png,0.003268021304449767,microwave
train-2453_nsd-18241.png,0.003253040754794596,car
train-8600_nsd-64109_chair.png,0.002651950582120013,chair
train-6227_nsd-46449.png,0.0024619012965954507,sink
train-6881_nsd-51259_microwave.png,0.0022649646309118466,microwave
train-1310_nsd-10600_microwave.png,0.002212295442653587,microwave
train-2438_nsd-20294_chair.png,0.0020895024496870446,chair
train-6385_nsd-47097_potted plant.png,0.002047204212298759,potted plant
train-0311_nsd-02619.png,0.0020223842204726613,car
test-0188_nsd-45466.png,0.002010383745599566,cup
train-5460_nsd-40662_mouse.png,0.001984968131238178,mouse
train-1497_nsd-12636_bottle.png,0.0018252631354807,bottle
train-1444_nsd-12175.png,0.0017119171664948965,potted plant
train-1044_nsd-07357.png,0.001639757115514492,sink
train-5884_nsd-43885.png,0.0015283416704542784,cup
train-1548_nsd-13092_laptop.png,0.0015212615297899806,laptop
train-3103_nsd-23688.png,0.001399928122205358,car
train-1972_nsd-16660_chair.png,0.0013722067829951075,chair
train-9586_nsd-71134.png,0.0012558389819927246,clock
train-1861_nsd-14995.png,0.0010895187151233367,fork
train-8295_nsd-61520.png,0.0010893993849743623,car
train-7679_nsd-61655.png,0.0010462103524001808,car
train-3936_nsd-29235_keyboard.png,0.000970981653640764,keyboard
train-0006_nsd-00061_laptop.png,0.0009367026804557889,laptop
train-5211_nsd-42914_oven.png,0.0009360086968227563,oven
train-0816_nsd-06386_potted plant.png,0.0008906588836480226,potted plant
train-6496_nsd-48331_chair.png,0.0008771024018114495,chair
train-2940_nsd-24223.png,0.0007506497437673486,bottle
train-6238_nsd-51557.png,0.0007395443596523023,chair
train-0488_nsd-03950.png,0.0007107031804402398,chair
train-6317_nsd-52310.png,0.0006767867317073419,cup
train-3330_nsd-27283_chair.png,0.0006605171532624193,chair
train-1880_nsd-14464.png,0.0006088750730006155,oven
train-7296_nsd-54523.png,0.0005995356557837988,bottle
train-4618_nsd-34344.png,0.0005352120183159139,bottle
train-7411_nsd-59306_tv.png,0.0005047705228982965,tv
train-8657_nsd-64450.png,0.00043962131688835595,clock
train-6703_nsd-55359.png,0.00043237066347938836,oven
train-5108_nsd-41240_potted plant.png,0.0003919416368882431,potted plant
train-0539_nsd-04584.png,0.00038925935910408933,cup
train-2978_nsd-24553.png,0.00032980155660379567,chair
train-3510_nsd-28847.png,0.00022386114775007918,potted plant
train-5690_nsd-46955_cup.png,0.00018626382609645534,cup
train-7908_nsd-58404_tv.png,0.0001478157251148593,tv
train-0021_nsd-00164.png,0.00011952182890567629,potted plant
train-8266_nsd-61122.png,-3.969705963984639e-05,car
train-5671_nsd-42455_clock.png,-8.553823316595385e-05,clock
train-6551_nsd-52966.png,-0.00016737852308572465,car
train-8506_nsd-68390.png,-0.00020745442680975787,microwave
train-5865_nsd-48473_chair.png,-0.0003077765451937448,chair
train-4057_nsd-30230.png,-0.0003938809564783396,clock
test-0255_nsd-48188_chair.png,-0.00044135705684969,chair
train-0029_nsd-00276_chair.png,-0.000460228862746755,chair
train-1745_nsd-13133.png,-0.00046596163969235945,car
train-3602_nsd-29463_microwave.png,-0.0005575505211228591,microwave
train-3886_nsd-31850.png,-0.0005680401985603853,tv
train-5394_nsd-40265.png,-0.0005736952421921776,chair
train-4314_nsd-35438_potted plant.png,-0.0006704879558972564,potted plant
train-6438_nsd-53498.png,-0.0006749454366470236,car
train-6297_nsd-52099_clock.png,-0.000687395993190167,clock
train-8305_nsd-61975_laptop.png,-0.0006905125556680604,laptop
train-8754_nsd-64878_sink.png,-0.0009168877000421772,sink
train-6801_nsd-54284_microwave.png,-0.000957952017231393,microwave
train-4458_nsd-36682.png,-0.0009692681806136304,car
train-2522_nsd-21266.png,-0.001008141845651953,car
train-2539_nsd-18572_tv.png,-0.0010215883425176396,tv
train-6219_nsd-46195.png,-0.0012040592936388207,car
train-5364_nsd-40021.png,-0.0012699894631721304,car
train-2193_nsd-18609_tv.png,-0.0012945960543424612,tv
train-4250_nsd-34605.png,-0.001298560896198826,sink
train-0362_nsd-03128_tv.png,-0.0013162487514607481,tv
train-0157_nsd-01279.png,-0.001333344777386451,fork
train-2433_nsd-20239_oven.png,-0.001505145010069421,oven
train-2723_nsd-20370_tv.png,-0.0015063937644130864,tv
train-3173_nsd-23582.png,-0.00156771576263582,chair
train-7882_nsd-63307.png,-0.0016079365967702275,cup
train-7614_nsd-56797_laptop.png,-0.0016107040883164864,laptop
train-0006_nsd-00093.png,-0.0016446807558589886,cup
train-1545_nsd-11163_sink.png,-0.0016703472198769571,sink
train-6947_nsd-51942.png,-0.001677163435249445,car
train-2202_nsd-16350.png,-0.0017193247144323396,car
train-7564_nsd-56279_sink.png,-0.0017258350945333913,sink
train-9104_nsd-67250.png,-0.0017939004441824284,laptop
train-8946_nsd-66489_chair.png,-0.001870146061865143,chair
train-6729_nsd-53597_chair.png,-0.0018710281699612248,chair
train-8932_nsd-66038_chair.png,-0.0020739579800394714,chair
train-2302_nsd-18557_bottle.png,-0.002101517099972906,bottle
train-2602_nsd-19443_sink.png,-0.0021650715542575567,sink
train-3078_nsd-23538_microwave.png,-0.0021711744054098816,microwave
train-1689_nsd-14351.png,-0.0022061203808425374,car
train-3733_nsd-30563.png,-0.0023593472375236205,cup
train-6489_nsd-48307.png,-0.00242973557265423,oven
train-8048_nsd-60121_tv.png,-0.0024959105201245377,tv
train-2759_nsd-21341_potted plant.png,-0.002504888761373556,potted plant
train-9840_nsd-72992_oven.png,-0.002517839572646829,oven
train-8391_nsd-62096.png,-0.002544302939709162,car
train-4065_nsd-33276.png,-0.0025482575413157296,chair
train-1211_nsd-09005_keyboard.png,-0.0026607163512623855,keyboard
train-0937_nsd-07582.png,-0.0027345421794259276,laptop
train-5164_nsd-42536.png,-0.0027500919510530307,car
train-7715_nsd-57525.png,-0.0027929213617093125,car
test-0287_nsd-52620.png,-0.0027960021055145213,sink
train-8643_nsd-64108.png,-0.002797412081819126,laptop
train-4801_nsd-35442.png,-0.0028719671711275115,oven
train-9724_nsd-72102.png,-0.0029211630189637755,chair
train-6986_nsd-52269_laptop.png,-0.0029366507491134846,laptop
train-9716_nsd-71959_bottle.png,-0.0029621973691858166,bottle
train-1130_nsd-09127_chair.png,-0.002987448660699349,chair
train-8637_nsd-64082_potted plant.png,-0.002994643117972763,potted plant
train-6328_nsd-51244_keyboard.png,-0.0029963361123972365,keyboard
train-9812_nsd-72794_tv.png,-0.002999035506446187,tv
test-0072_nsd-12721.png,-0.0030099087196310188,car
train-1326_nsd-10761_car.png,-0.003113874988090829,car
train-3393_nsd-25208_sink.png,-0.0031308344526551923,sink
train-2068_nsd-17459_car.png,-0.003138670354045704,car
train-2098_nsd-16133_tv.png,-0.0032147400403625217,tv
train-3498_nsd-28689_clock.png,-0.003332270324238706,clock
train-3487_nsd-26478.png,-0.00335666927971324,sink
train-4706_nsd-35146.png,-0.0033695365229711974,oven
train-6019_nsd-49783.png,-0.003444796671590946,chair
train-0739_nsd-05975.png,-0.0034879528371061334,car
train-0427_nsd-03924.png,-0.0036419482246355596,laptop
train-6535_nsd-52202_clock.png,-0.003657864962640097,clock
train-6200_nsd-50236_oven.png,-0.0037428504492715148,oven
train-9107_nsd-67423_cup.png,-0.003789992243271026,cup
train-3938_nsd-32313.png,-0.003801550724333989,sink
train-4665_nsd-34874.png,-0.003856375950800634,car
test-0171_nsd-32436_tv.png,-0.0038801227309751235,tv
train-1289_nsd-10830.png,-0.003996175616954709,bottle
train-0831_nsd-07152_tv.png,-0.004057615713787884,tv
train-5493_nsd-40935_chair.png,-0.004142074193763228,chair
train-3431_nsd-28213_clock.png,-0.004144084614015325,clock
train-3309_nsd-27148_sink.png,-0.004164139200513611,sink
train-5688_nsd-45847_cup.png,-0.004206487778114383,cup
train-4233_nsd-34820.png,-0.004225538156512675,keyboard
test-0349_nsd-65195_bottle.png,-0.004364218217286643,bottle
train-2982_nsd-24572_car.png,-0.004492275029269178,car
train-8079_nsd-60369_microwave.png,-0.004520729794605326,microwave
train-8667_nsd-72111_toilet.png,-0.004589641544596879,toilet
train-1575_nsd-12831.png,-0.004686475376190823,clock
train-2552_nsd-18965.png,-0.004890357343661923,car
train-0659_nsd-05991.png,-0.004913055079842594,car
train-9053_nsd-72749_laptop.png,-0.004972861799703295,laptop
train-6252_nsd-46189.png,-0.004985786366635805,cup
train-2693_nsd-21841_sink.png,-0.005105666328351406,sink
train-6295_nsd-46683_laptop.png,-0.005113167606107742,laptop
train-1064_nsd-07928.png,-0.0052276604917346195,car
train-4004_nsd-29648.png,-0.005239463868768351,mouse
train-5988_nsd-44570.png,-0.005332922720768811,oven
train-4798_nsd-35797_toilet.png,-0.005361679827986623,toilet
train-6679_nsd-55389.png,-0.0053826037170333725,bottle
train-4761_nsd-35514_bottle.png,-0.005533074317684078,bottle
train-4729_nsd-38961.png,-0.0055745191181226636,car
train-7617_nsd-63629.png,-0.005886017259252203,car
train-0118_nsd-01175.png,-0.005922718030984927,tv
train-6660_nsd-55078.png,-0.0059312482903492725,chair
train-9558_nsd-70792.png,-0.005937174713367408,chair
train-5322_nsd-39725_chair.png,-0.00596120777962949,chair
train-7128_nsd-52884_laptop.png,-0.005993858626263918,laptop
train-4575_nsd-37059.png,-0.006073457393507794,car
train-6251_nsd-46460_chair.png,-0.006180082052556611,chair
train-0883_nsd-07602.png,-0.006182258694526795,car
train-7025_nsd-58404_tv.png,-0.006216368918028916,tv
train-3422_nsd-25284.png,-0.00622126567354607,car
train-3330_nsd-24784_laptop.png,-0.006292820853211148,laptop
train-7989_nsd-66220_chair.png,-0.006364261953184912,chair
test-0092_nsd-45001.png,-0.006403052182840718,potted plant
train-6541_nsd-48840_tv.png,-0.006617450993912817,tv
train-1012_nsd-08898_microwave.png,-0.006650329409413894,microwave
train-5169_nsd-38614.png,-0.006672683959242585,chair
train-9247_nsd-68692_sink.png,-0.006678044792533068,sink
train-3400_nsd-25284.png,-0.006697766356400228,car
train-3172_nsd-23594.png,-0.006721680777559972,chair
train-0669_nsd-05124.png,-0.006747781348475267,chair
train-7919_nsd-63695.png,-0.006844604648004677,chair
train-0662_nsd-05274.png,-0.006917201495508851,potted plant
train-4971_nsd-37059.png,-0.0069783810729905065,car
train-1346_nsd-11427.png,-0.007015191287560766,cup
train-1454_nsd-12274.png,-0.007144547439814322,car
train-7280_nsd-58404_tv.png,-0.007306930107821861,tv
train-4256_nsd-34984_tv.png,-0.007380681714193253,tv
test-0033_nsd-08439.png,-0.007396399030152242,car
train-6238_nsd-50519_laptop.png,-0.007447532281488723,laptop
train-8691_nsd-64416.png,-0.007613463362126755,laptop
train-3283_nsd-24354_tv.png,-0.007653339269644987,tv
train-7054_nsd-58635_microwave.png,-0.00766420164895576,microwave
train-1735_nsd-13007.png,-0.007672347391073565,cup
train-3772_nsd-30896.png,-0.007674257605324708,tv
train-1618_nsd-13099.png,-0.007681758057591683,cup
train-1641_nsd-12298_tv.png,-0.007685644428203935,tv
train-5455_nsd-40628_sink.png,-0.007690616819720362,sink
train-3937_nsd-29244.png,-0.007700236211843797,car
train-9543_nsd-70761_chair.png,-0.00771960878042553,chair
train-3330_nsd-24784_tv.png,-0.007854503138127135,tv
train-8746_nsd-72726_bottle.png,-0.007896586943811823,bottle
train-5798_nsd-43245_chair.png,-0.00795380867873388,chair
train-6284_nsd-46689_tv.png,-0.008060564614141124,tv
train-0660_nsd-05080_laptop.png,-0.008101597061769349,laptop
train-1612_nsd-12101_laptop.png,-0.00815802944752609,laptop
train-0514_nsd-04307.png,-0.008228212100647062,cup
train-9561_nsd-70896_sink.png,-0.008266560163079549,sink
train-2912_nsd-24198.png,-0.00827189559690433,tv
train-9159_nsd-67967_tv.png,-0.008291072830294443,tv
train-4303_nsd-35327_tv.png,-0.008343345730129905,tv
train-0451_nsd-03889.png,-0.008413742850190337,potted plant
train-0489_nsd-04018_laptop.png,-0.008417262720987395,laptop
train-2099_nsd-16135_chair.png,-0.008467924819888114,chair
train-0758_nsd-05675.png,-0.00869720032625913,car
train-4992_nsd-41186.png,-0.00876589338709663,laptop
test-0099_nsd-48298.png,-0.008881729397771826,potted plant
train-5147_nsd-42440.png,-0.008954014804173982,cup
test-0107_nsd-49247_laptop.png,-0.009201364833400824,laptop
train-3677_nsd-27842_oven.png,-0.00923189959367725,oven
train-3491_nsd-28674.png,-0.009235175942697415,potted plant
train-2204_nsd-18379_oven.png,-0.00925547998844701,oven
train-3784_nsd-30719_oven.png,-0.00933295912394634,oven
train-3889_nsd-31753_toilet.png,-0.009419747996898136,toilet
train-1956_nsd-16529.png,-0.009507031069348526,chair
train-8746_nsd-72726_chair.png,-0.009515262842288619,chair
train-5878_nsd-47782_sink.png,-0.009581975803361514,sink
train-0736_nsd-05554.png,-0.0095993754116277,car
train-1839_nsd-13757.png,-0.00969018518158471,car
train-4004_nsd-32860_tv.png,-0.009758342795138455,tv
train-8932_nsd-66038_cup.png,-0.00981067216907062,cup
train-5442_nsd-43909_oven.png,-0.009897150438587469,oven
train-9246_nsd-68634_keyboard.png,-0.009935083505606538,keyboard
train-6956_nsd-57393_oven.png,-0.009989170442659985,oven
train-7729_nsd-57351_tv.png,-0.010016438996905562,tv
train-7588_nsd-60899.png,-0.010114591947053485,car
train-8856_nsd-71106.png,-0.010116982204133498,fork
train-7054_nsd-58404_tv.png,-0.010139334336196308,tv
train-7668_nsd-61525_microwave.png,-0.010249867654281201,microwave
test-0166_nsd-30366_chair.png,-0.01044456036441128,chair
train-3248_nsd-26551_tv.png,-0.010506230896036901,tv
train-8560_nsd-63468_tv.png,-0.0106225993177226,tv
train-3267_nsd-26638.png,-0.010713055304814187,chair
train-3289_nsd-26840.png,-0.010755465642875618,microwave
train-5489_nsd-40885_chair.png,-0.010822622542588754,chair
train-6673_nsd-49685_chair.png,-0.010838690073304895,chair
train-2998_nsd-22291_car.png,-0.010858218767541124,car
train-5340_nsd-39699_laptop.png,-0.010876229159769836,laptop
train-1240_nsd-10574_tv.png,-0.010883756585157034,tv
train-2654_nsd-19741.png,-0.010938789858619758,car
train-1661_nsd-13397.png,-0.011007416574428915,oven
train-1810_nsd-14606.png,-0.011026693627108234,chair
train-0589_nsd-04809.png,-0.011102461591034396,laptop
train-3129_nsd-23877.png,-0.011105783063855911,fork
train-5015_nsd-40950_tv.png,-0.011258126967427952,tv
train-0671_nsd-05130.png,-0.011353144156827992,car
train-1041_nsd-08029.png,-0.011438611715323446,fork
train-2997_nsd-22290.png,-0.01152638887122151,chair
train-4995_nsd-41209.png,-0.011551914683413881,chair
train-3085_nsd-22886.png,-0.011623143472439187,car
train-4861_nsd-40138_sink.png,-0.011728687786303114,sink
train-1600_nsd-13468_oven.png,-0.011780022667114393,oven
train-2400_nsd-20355_sink.png,-0.011846272013566105,sink
train-5819_nsd-47885.png,-0.011948184975030703,car
train-2832_nsd-21146.png,-0.011967437489082787,tv
train-2358_nsd-19163.png,-0.011971074607964956,car
train-8337_nsd-61797.png,-0.012165598339575817,car
train-8528_nsd-63593_bottle.png,-0.012169093030413393,bottle
train-4160_nsd-31056_chair.png,-0.012174648314665817,chair
train-9407_nsd-69854.png,-0.012201628438922817,car
train-3623_nsd-27477.png,-0.012318959202729393,laptop
train-9663_nsd-71560_chair.png,-0.012321941716328683,chair
train-1697_nsd-12147_laptop.png,-0.01237312347380526,laptop
train-5864_nsd-43763_laptop.png,-0.012420583556675878,laptop
train-5598_nsd-46207.png,-0.012452844497227368,tv
train-8118_nsd-65342_chair.png,-0.012465224254021981,chair
train-9552_nsd-70839.png,-0.012530008790325639,car
train-8169_nsd-67737_chair.png,-0.012600875236357095,chair
train-0628_nsd-05735_laptop.png,-0.012661513996691926,laptop
train-0630_nsd-05423.png,-0.012760364422301138,car
train-0435_nsd-03657.png,-0.012810990789460023,car
train-3056_nsd-22696_car.png,-0.012825861618260803,car
train-5577_nsd-41677_keyboard.png,-0.012879635450187865,keyboard
train-0627_nsd-04904_tv.png,-0.013086792288680675,tv
train-3130_nsd-25669_potted plant.png,-0.013112240038757597,potted plant
train-1636_nsd-11735_sink.png,-0.01312802294457609,sink
train-6486_nsd-48299.png,-0.013145811715192706,car
train-9255_nsd-68490_laptop.png,-0.013198166939162889,laptop
train-4001_nsd-29579.png,-0.013284040677227337,microwave
train-1017_nsd-07831.png,-0.01336702437686183,fork
train-0896_nsd-07300.png,-0.013413126039918843,car
test-0069_nsd-29550.png,-0.013638624687805388,chair
train-9632_nsd-71443_tv.png,-0.013704235265776351,tv
train-5190_nsd-38641_laptop.png,-0.013716833667068093,laptop
train-6676_nsd-53917_chair.png,-0.013769941972813672,chair
train-0347_nsd-03103_car.png,-0.013777869964466973,car
train-2764_nsd-22464.png,-0.013829321249499068,chair
train-8604_nsd-63715_keyboard.png,-0.013894307221632202,keyboard
train-7776_nsd-57759.png,-0.013908094715260215,car
train-6907_nsd-50870.png,-0.013964793321526905,chair
train-3936_nsd-29235_cup.png,-0.014097737292608648,cup
train-2532_nsd-18518_car.png,-0.014100394512076175,car
train-2166_nsd-16076.png,-0.014114841757573571,laptop
test-0057_nsd-30194_chair.png,-0.014120978398151945,chair
train-6891_nsd-50722_chair.png,-0.014144640599196685,chair
test-0008_nsd-01026_chair.png,-0.014159534939738552,chair
train-3037_nsd-23241_laptop.png,-0.014190539915148629,laptop
train-7046_nsd-58597_sink.png,-0.014262894343937975,sink
train-8362_nsd-61923.png,-0.014288020319524706,potted plant
train-2180_nsd-16382.png,-0.014308591360829792,tv
train-3337_nsd-27305_laptop.png,-0.014383341281036775,laptop
train-7671_nsd-63493_chair.png,-0.014390023252427877,chair
train-5955_nsd-49134.png,-0.01446578348206828,laptop
train-6110_nsd-48887_tv.png,-0.014479068365114043,tv
train-8966_nsd-72103_tv.png,-0.014498521377211528,tv
train-1610_nsd-12080.png,-0.014587771132727577,car
train-3587_nsd-27236_laptop.png,-0.014679281464542842,laptop
train-6695_nsd-49860.png,-0.014688285397448247,toilet
train-6585_nsd-54460.png,-0.014702619184238923,potted plant
train-6080_nsd-50290_chair.png,-0.014738566548678894,chair
train-8848_nsd-65696.png,-0.014816034811310547,car
train-7765_nsd-64707_sink.png,-0.014895735624871967,sink
train-5114_nsd-38206_tv.png,-0.014957654063768042,tv
train-1996_nsd-16283_bottle.png,-0.015089700043579457,bottle
train-5119_nsd-41879.png,-0.015146710403724789,clock
train-3647_nsd-27618_sink.png,-0.015162012156905205,sink
train-1004_nsd-08185.png,-0.015168639564932494,car
train-4353_nsd-35871.png,-0.015260272597284642,car
train-1125_nsd-09125.png,-0.01536937893732748,laptop
train-4926_nsd-40677_oven.png,-0.015416022935326975,oven
train-9249_nsd-68668.png,-0.015615456389306151,fork
train-1672_nsd-12861_tv.png,-0.015633311420743836,tv
train-5333_nsd-39569.png,-0.015716512502567073,car
train-8896_nsd-66109_tv.png,-0.0157316946572293,tv
train-6636_nsd-49581.png,-0.015741480459440807,car
train-0113_nsd-00947.png,-0.015833978069652945,chair
train-2824_nsd-23439_tv.png,-0.015866890501235607,tv
train-8514_nsd-63488.png,-0.0159023604777761,oven
train-7240_nsd-53450_tv.png,-0.016070450090283583,tv
train-1042_nsd-07955_sink.png,-0.016074043370558892,sink
train-0223_nsd-01970.png,-0.01629082417034669,car
train-7514_nsd-60243.png,-0.016320043581079104,car
train-7110_nsd-52403_tv.png,-0.01640822197746455,tv
train-8670_nsd-72064_toilet.png,-0.016452869506810765,toilet
train-0302_nsd-02854_chair.png,-0.016558219352838636,chair
train-4784_nsd-35636_keyboard.png,-0.016602814114364244,keyboard
train-9390_nsd-69482.png,-0.016727901275346707,cup
train-7006_nsd-55952_microwave.png,-0.01676218855757966,microwave
train-0030_nsd-00279.png,-0.01685765299362092,car
train-1525_nsd-12335.png,-0.016912669066127997,cup
train-6661_nsd-49571_potted plant.png,-0.016935158921574486,potted plant
train-2005_nsd-15123.png,-0.017060078007279187,chair
train-7243_nsd-57880.png,-0.01713159458040541,cup
train-7693_nsd-61797.png,-0.017185491737149387,car
train-2898_nsd-23567.png,-0.017223878714778314,cup
train-3259_nsd-24807.png,-0.01724840553773004,car
train-9560_nsd-70819.png,-0.01726590894543496,toilet
train-5532_nsd-45200.png,-0.017334755826182734,sink
train-5474_nsd-44135.png,-0.017373234938524683,sink
train-6062_nsd-45129_potted plant.png,-0.017384833976879267,potted plant
train-7362_nsd-59043_sink.png,-0.01740916840614651,sink
train-0784_nsd-07258_chair.png,-0.017481577691824658,chair
train-6627_nsd-53611_microwave.png,-0.017569044498117303,microwave
train-7375_nsd-61407_toilet.png,-0.017574683545681657,toilet
train-8948_nsd-66298_microwave.png,-0.017600767938797064,microwave
train-1642_nsd-11808_tv.png,-0.01765090872698328,tv
train-8870_nsd-65666_chair.png,-0.017674688596015845,chair
train-7919_nsd-65659.png,-0.017728330737007,chair
train-4673_nsd-34934.png,-0.01782039480483363,bottle
train-7793_nsd-57900_keyboard.png,-0.017840875290733683,keyboard
train-1440_nsd-10834.png,-0.01798402566255807,chair
train-0320_nsd-02478.png,-0.018197869124685975,tv
train-1072_nsd-08687_car.png,-0.018323042583231447,car
train-2833_nsd-21046_microwave.png,-0.018456435272373235,microwave
train-6655_nsd-49479_laptop.png,-0.018566656250084346,laptop
train-6255_nsd-46479.png,-0.01860952587021873,car
train-4380_nsd-32516.png,-0.01875439495778979,car
train-4520_nsd-37133.png,-0.018786801844570985,potted plant
train-8586_nsd-63654_keyboard.png,-0.018848613333738874,keyboard
train-1952_nsd-16505.png,-0.018864682886149675,car
train-4179_nsd-34214_tv.png,-0.0188814082929799,tv
train-7643_nsd-56516.png,-0.019018966382327265,car
train-6564_nsd-53109.png,-0.019028526171527307,car
train-3327_nsd-27269.png,-0.019095511717792307,bottle
train-6134_nsd-49772_chair.png,-0.019209689695031996,chair
train-4134_nsd-33759_cup.png,-0.01925509818941409,cup
train-5821_nsd-47367_sink.png,-0.019265028705258477,sink
train-3766_nsd-30863.png,-0.019308384443689066,chair
train-7784_nsd-57723_keyboard.png,-0.019326818592162665,keyboard
train-1000_nsd-08808.png,-0.0193298511314244,toilet
train-7007_nsd-52138_chair.png,-0.01934529843064895,chair
train-3150_nsd-23288.png,-0.019480958859206473,car
train-2056_nsd-15738.png,-0.019574411411956132,laptop
train-6754_nsd-50319_tv.png,-0.019578760973894098,tv
train-5159_nsd-41610.png,-0.019584437912992806,car
train-6319_nsd-46539_chair.png,-0.01980094313954097,chair
train-8689_nsd-69880_chair.png,-0.019881289575691182,chair
train-5499_nsd-40784.png,-0.01998061544632334,microwave
train-6812_nsd-50707.png,-0.020003700138638596,chair
train-4669_nsd-34529.png,-0.02006295998572619,laptop
train-5937_nsd-44203_chair.png,-0.020092893444777205,chair
test-0361_nsd-65506.png,-0.020100157584776217,car
train-3887_nsd-31515.png,-0.020120136873277086,mouse
train-3356_nsd-25447.png,-0.020153864751728423,potted plant
train-8533_nsd-63635_microwave.png,-0.020154462593386154,microwave
train-2969_nsd-22076.png,-0.020176006723820666,potted plant
train-5680_nsd-42411.png,-0.020397678691693927,chair
train-6103_nsd-50493_tv.png,-0.020560750096653372,tv
test-0125_nsd-57402_chair.png,-0.020595460890954886,chair
train-7881_nsd-63298_laptop.png,-0.020608507681061584,laptop
test-0003_nsd-02335_keyboard.png,-0.020748336678478183,keyboard
train-5028_nsd-37131.png,-0.020785005681866676,tv
train-0888_nsd-07246_bottle.png,-0.020806584655581554,bottle
train-7424_nsd-59585_keyboard.png,-0.02090480365720854,keyboard
train-8929_nsd-66175_microwave.png,-0.02112686234620069,microwave
test-0092_nsd-16612_tv.png,-0.021127071207159367,tv
train-5722_nsd-42851_chair.png,-0.021208685555015313,chair
train-8531_nsd-70877_tv.png,-0.021209704997184765,tv
test-0095_nsd-26432_potted plant.png,-0.021228462293037296,potted plant
train-2460_nsd-18356.png,-0.021269867283064233,potted plant
train-1498_nsd-11385_oven.png,-0.021273915224751097,oven
train-6302_nsd-46431_keyboard.png,-0.021286090199556046,keyboard
train-2450_nsd-18212.png,-0.021336362069127413,sink
train-7356_nsd-58896_car.png,-0.021438268792835127,car
train-7424_nsd-59585_laptop.png,-0.02157931536351203,laptop
train-9037_nsd-67206.png,-0.021599578492162253,fork
train-6153_nsd-49870.png,-0.021702694148816565,car
train-8255_nsd-61214.png,-0.021771114189194835,car
train-7143_nsd-53462_chair.png,-0.021888381163471145,chair
train-9115_nsd-67521_bottle.png,-0.02199329731613102,bottle
train-9026_nsd-72566.png,-0.0221310094697435,bottle
train-5736_nsd-46169.png,-0.02214739992792335,potted plant
train-2659_nsd-19558.png,-0.022164005943205382,car
train-1097_nsd-08905_chair.png,-0.02216792059158665,chair
train-5218_nsd-42135.png,-0.0221714322304064,chair
train-4123_nsd-30771_cup.png,-0.022206224464437162,cup
train-4754_nsd-39224.png,-0.02229805667847572,chair
train-1970_nsd-15962.png,-0.022317335090385675,oven
train-7520_nsd-56123.png,-0.022410681351753798,potted plant
train-2815_nsd-23207.png,-0.02243493713899177,car
train-4836_nsd-35928_chair.png,-0.022473796787984328,chair
train-3509_nsd-26656.png,-0.022495952026877614,cup
train-7193_nsd-59596.png,-0.02259736518072245,car
test-0179_nsd-34553.png,-0.022628902566932917,tv
train-5190_nsd-38793.png,-0.02276588419191643,potted plant
train-4860_nsd-40122_laptop.png,-0.022907395619811644,laptop
train-1462_nsd-11796.png,-0.02292379603493941,potted plant
train-5314_nsd-42882_car.png,-0.022942636362859786,car
train-1728_nsd-13301_oven.png,-0.022985471790547874,oven
train-8154_nsd-67909_tv.png,-0.023152803304440403,tv
train-8049_nsd-67140_chair.png,-0.023297373413413588,chair
train-1528_nsd-12370_tv.png,-0.023301408127625968,tv
train-5180_nsd-38348.png,-0.02335284558896161,cup
train-6583_nsd-48865_oven.png,-0.023463104222603184,oven
train-4593_nsd-34060.png,-0.023502651752003625,chair
train-4078_nsd-30158.png,-0.023588079321839543,clock
train-6158_nsd-49262_laptop.png,-0.02369898227840926,laptop
train-5677_nsd-46671_chair.png,-0.02373216179418793,chair
train-0245_nsd-02063_chair.png,-0.023867963076656444,chair
train-7961_nsd-58810_sink.png,-0.023892126770278813,sink
train-2489_nsd-18574.png,-0.024004740639918705,car
train-0678_nsd-05841.png,-0.024012416149736954,car
train-0355_nsd-03141_chair.png,-0.024012699741773814,chair
train-6932_nsd-55755.png,-0.024035614109803163,car
train-7276_nsd-58350_oven.png,-0.02413129387164128,oven
train-5143_nsd-38199.png,-0.024200124064136616,chair
train-7672_nsd-63495.png,-0.02427666276431235,microwave
train-8580_nsd-63665_oven.png,-0.024357437501261223,oven
train-0888_nsd-07997.png,-0.024361088187073922,chair
train-8426_nsd-70030.png,-0.02438868357326029,bottle
train-5271_nsd-42531_tv.png,-0.024427052922030113,tv
train-2079_nsd-15918_laptop.png,-0.024507754501268676,laptop
train-4922_nsd-36423_laptop.png,-0.02457210152886121,laptop
train-4291_nsd-34874.png,-0.024588971713303216,car
train-2487_nsd-19969_chair.png,-0.024596975142492303,chair
train-6319_nsd-52224.png,-0.02473083472631194,chair
train-4612_nsd-37356_chair.png,-0.024760279208392855,chair
train-5197_nsd-38472.png,-0.02482220932628781,car
train-7470_nsd-55577_sink.png,-0.024823982887870306,sink
train-7343_nsd-54239.png,-0.02487383648694394,fork
train-4632_nsd-34170_chair.png,-0.024896688918841302,chair
train-8274_nsd-68703_laptop.png,-0.024960339931641352,laptop
train-9438_nsd-69973.png,-0.025307234797716776,cup
train-4389_nsd-32514.png,-0.02535693155042147,cup
train-2473_nsd-18412_keyboard.png,-0.025445251833676803,keyboard
train-9569_nsd-70848.png,-0.025514525587356836,chair
train-5841_nsd-47544.png,-0.025551330234087802,car
train-7275_nsd-54384_laptop.png,-0.025669666813906863,laptop
train-0925_nsd-08263.png,-0.025863105360267997,car
train-0229_nsd-02208.png,-0.02588256106079765,car
train-5160_nsd-41612.png,-0.02593003692219356,chair
train-8747_nsd-70352_chair.png,-0.026117052632571615,chair
train-7285_nsd-54244.png,-0.026183850056220228,car
train-3542_nsd-26264_laptop.png,-0.02629034779075435,laptop
train-8593_nsd-63755.png,-0.02635292903357568,cup
train-8803_nsd-65232_tv.png,-0.02650733818546482,tv
train-4093_nsd-33521_tv.png,-0.02653295862426136,tv
train-1826_nsd-15374_bottle.png,-0.02655082271196891,bottle
train-2822_nsd-20915.png,-0.026742829835800574,laptop
train-5416_nsd-44482.png,-0.026846336950346095,car
train-2155_nsd-16680.png,-0.0269799983802719,car
train-3583_nsd-28988.png,-0.026984925794744177,car
train-8325_nsd-61546_laptop.png,-0.027018724924896237,laptop
train-9708_nsd-72085.png,-0.027040751716230393,fork
train-7265_nsd-53655_oven.png,-0.027070392508253507,oven
train-7724_nsd-57325.png,-0.027107927306415598,tv
train-0598_nsd-04853_laptop.png,-0.02715346086094843,laptop
train-6201_nsd-46285_microwave.png,-0.02716381399847657,microwave
train-9429_nsd-69885_cup.png,-0.027202603845367865,cup
train-6932_nsd-51597_tv.png,-0.027229500504739566,tv
train-9234_nsd-68258_keyboard.png,-0.027336224848557054,keyboard
train-9225_nsd-68572.png,-0.027401713368105103,car
train-7677_nsd-56751_tv.png,-0.027556383851552832,tv
train-2691_nsd-20147.png,-0.027684314917217893,car
train-3415_nsd-25906_microwave.png,-0.02772727507710357,microwave
train-3018_nsd-24868_laptop.png,-0.027746938555666123,laptop
train-8396_nsd-69839.png,-0.02777622502242358,microwave
train-6641_nsd-49611_tv.png,-0.027798487204023822,tv
train-0244_nsd-02026_laptop.png,-0.02786703623256374,laptop
train-8663_nsd-71999_tv.png,-0.027943738756466076,tv
train-0299_nsd-02524_tv.png,-0.02795215013082859,tv
train-2149_nsd-16616_tv.png,-0.028132723258103832,tv
train-8546_nsd-63387_tv.png,-0.028180413846375575,tv
train-3591_nsd-29379_mouse.png,-0.028230102466705032,mouse
train-2667_nsd-19659.png,-0.028232015180496766,chair
train-1627_nsd-12358_potted plant.png,-0.028277219321891072,potted plant
train-8518_nsd-68534.png,-0.02833945176028991,potted plant
train-1717_nsd-14387.png,-0.0284129794862569,cup
train-7834_nsd-58504_bottle.png,-0.028448589301925543,bottle
train-5727_nsd-42720.png,-0.02845044743943271,tv
test-0319_nsd-57778_toilet.png,-0.028458176768957625,toilet
train-0008_nsd-00064.png,-0.028470952268735486,car
train-7221_nsd-57628_bottle.png,-0.02850073067025026,bottle
train-5229_nsd-38690.png,-0.028554321487461103,fork
train-7792_nsd-57898_cup.png,-0.02859289759756915,cup
train-6076_nsd-48703.png,-0.02863121491604072,tv
train-7598_nsd-56480_bottle.png,-0.028699431920114267,bottle
train-5904_nsd-47948_tv.png,-0.028730332253700606,tv
train-3773_nsd-27968_chair.png,-0.028759682531976673,chair
train-5711_nsd-42199_car.png,-0.028836453618418627,car
train-0814_nsd-06612.png,-0.028849707162683026,oven
train-7326_nsd-54489.png,-0.028857769924334798,cup
train-6500_nsd-51935.png,-0.028908560819213468,tv
train-4288_nsd-31964_tv.png,-0.028912294003904736,tv
train-5293_nsd-43522_laptop.png,-0.02895479174256888,laptop
train-1641_nsd-11796.png,-0.028960554990011458,potted plant
train-2026_nsd-15167.png,-0.02900439593254658,car
train-0834_nsd-06799_tv.png,-0.02907107292177184,tv
train-0304_nsd-02557_tv.png,-0.02927059439808055,tv
train-4140_nsd-30563.png,-0.029352408328625408,cup
train-6685_nsd-55440_oven.png,-0.029366874704654322,oven
train-0809_nsd-06081_oven.png,-0.02938399502629441,oven
train-1664_nsd-12783_chair.png,-0.02953409904836009,chair
train-4122_nsd-31065_clock.png,-0.02954192325902619,clock
train-4249_nsd-34874.png,-0.029558367455951848,car
train-9516_nsd-70632_sink.png,-0.029678192159298403,sink
train-2750_nsd-20481.png,-0.029687969207531303,oven
train-3426_nsd-27830_oven.png,-0.029691273255267193,oven
train-7236_nsd-53417.png,-0.02969567100044307,chair
train-0292_nsd-02409_chair.png,-0.02970423276427745,chair
train-9783_nsd-72515.png,-0.029809406806465738,toilet
train-1051_nsd-09119.png,-0.02986228756428544,chair
train-2097_nsd-15617_cup.png,-0.030034789154517343,cup
train-1505_nsd-12715_sink.png,-0.03007502432153148,sink
train-9718_nsd-71965_stop sign.png,-0.030130486808723142,stop sign
train-6082_nsd-48731.png,-0.030277142606588113,tv
train-7780_nsd-62507_tv.png,-0.030291380379968272,tv
train-4448_nsd-36695_bottle.png,-0.030334107052971772,bottle
train-7033_nsd-58200.png,-0.03037716394940263,potted plant
train-3489_nsd-28515_tv.png,-0.030463769007272334,tv
train-6257_nsd-50676_tv.png,-0.03047841305757484,tv
train-3868_nsd-31618_tv.png,-0.030479730302669726,tv
train-6450_nsd-47844_stop sign.png,-0.030563644423065188,stop sign
train-8827_nsd-65384.png,-0.03059395010201686,toilet
train-3046_nsd-22596_tv.png,-0.030622687355399202,tv
test-0148_nsd-36599.png,-0.03063666081921349,toilet
train-4981_nsd-40249_chair.png,-0.030769863854047744,chair
train-7591_nsd-56460_microwave.png,-0.030790111452943,microwave
train-4194_nsd-31025.png,-0.030797363887778068,tv
train-7327_nsd-54136_keyboard.png,-0.030818500243523783,keyboard
train-2789_nsd-23173_tv.png,-0.03089311377769162,tv
train-6067_nsd-45143_toilet.png,-0.030920229587011912,toilet
train-3313_nsd-27112_chair.png,-0.03092754242230298,chair
train-2214_nsd-18495_chair.png,-0.030994381514601023,chair
train-4950_nsd-40497.png,-0.03107407024495073,chair
train-3670_nsd-27139_oven.png,-0.031076958637534725,oven
train-0987_nsd-07385_car.png,-0.03126561741540166,car
train-6325_nsd-46915_tv.png,-0.03130742006800173,tv
train-8214_nsd-60945.png,-0.031351712526717694,car
train-5323_nsd-39731_chair.png,-0.03138376073852143,chair
train-3828_nsd-28340_tv.png,-0.03141773138827685,tv
train-5280_nsd-39049.png,-0.03142709252041352,tv
train-6038_nsd-44776.png,-0.031444194325843514,cup
test-0033_nsd-05575.png,-0.03149447729115964,car
train-5214_nsd-42645_chair.png,-0.03149623352155643,chair
train-9270_nsd-68828.png,-0.03150491960513317,toilet
train-2122_nsd-16363_car.png,-0.0315146522213629,car
train-4486_nsd-36399_tv.png,-0.031683612220811196,tv
train-8609_nsd-64171.png,-0.03170635009799167,tv
train-3723_nsd-27497_car.png,-0.031735763904656406,car
train-6070_nsd-50223_toilet.png,-0.03177612725265257,toilet
train-4872_nsd-40214_fork.png,-0.031808885383560144,fork
train-7601_nsd-56554_toilet.png,-0.031854154169796665,toilet
train-2868_nsd-23654_oven.png,-0.031876055018642914,oven
train-6472_nsd-53757_car.png,-0.03189306031949072,car
train-1994_nsd-16794_tv.png,-0.03196223329715686,tv
train-2823_nsd-21822_tv.png,-0.03196936687135811,tv
train-5828_nsd-47999.png,-0.03202627046364914,bottle
train-5468_nsd-44684_car.png,-0.032072729517975664,car
train-0195_nsd-01706_laptop.png,-0.03207589110699659,laptop
train-8648_nsd-69573.png,-0.03207939844002453,laptop
train-5988_nsd-48078_tv.png,-0.032122697756609364,tv
train-6070_nsd-45111_tv.png,-0.03230240808979609,tv
train-8115_nsd-67647_toilet.png,-0.0323384823698724,toilet
train-2821_nsd-21082.png,-0.03236326816211786,chair
train-2773_nsd-21471_tv.png,-0.032406094582777434,tv
train-0690_nsd-06317_oven.png,-0.03256219441790712,oven
train-6811_nsd-54928.png,-0.032570366865565865,potted plant
train-9787_nsd-72570_laptop.png,-0.03259225865496076,laptop
train-4122_nsd-33933_toilet.png,-0.03260438452286887,toilet
train-7224_nsd-58053_bottle.png,-0.032629549264585625,bottle
train-9086_nsd-67112.png,-0.03264086116767041,mouse
train-1499_nsd-12081_oven.png,-0.032642843979779464,oven
train-5337_nsd-39613_toilet.png,-0.032671415741050105,toilet
train-4005_nsd-29837_tv.png,-0.03273711772576276,tv
test-0042_nsd-07161.png,-0.03285478220669829,tv
train-9703_nsd-72061_chair.png,-0.03291555962240426,chair
train-3573_nsd-28926.png,-0.032942213661748966,car
train-3182_nsd-23519.png,-0.03297285039421045,tv
train-2243_nsd-16287.png,-0.033077557469575906,car
train-4718_nsd-38903_cup.png,-0.03310171865556514,cup
train-5203_nsd-42000.png,-0.033102138860468436,car
train-6427_nsd-47708.png,-0.033139113509858,car
train-6131_nsd-45188.png,-0.03314536310484786,cup
train-2820_nsd-20959.png,-0.03318346034887715,chair
train-2476_nsd-19867_tv.png,-0.033195960814398295,tv
train-3349_nsd-24699_toilet.png,-0.03321605415790007,toilet
train-2976_nsd-22078_chair.png,-0.03325133022510598,chair
train-8319_nsd-67001_tv.png,-0.03335301468163755,tv
train-5686_nsd-46335.png,-0.033457334316363996,clock
test-0171_nsd-32436_chair.png,-0.0334658217263486,chair
train-3296_nsd-24543_tv.png,-0.033475576712244604,tv
train-7808_nsd-62695.png,-0.033488794777783853,toilet
train-5291_nsd-43638.png,-0.03353328418863226,cup
train-0284_nsd-02576_tv.png,-0.03358211049777,tv
train-6760_nsd-53853.png,-0.03362041881106332,clock
train-2610_nsd-20116_chair.png,-0.033681877557759046,chair
train-9296_nsd-68787.png,-0.03369438504210397,toilet
train-4939_nsd-36682.png,-0.03386266627805931,car
train-8007_nsd-59358_chair.png,-0.03387981999401651,chair
train-0087_nsd-00724_tv.png,-0.033889894896327426,tv
train-6912_nsd-51435.png,-0.03390066671406022,laptop
train-8507_nsd-70721_toilet.png,-0.033932519116513606,toilet
train-8661_nsd-71996_chair.png,-0.033944824693577014,chair
train-4119_nsd-31060_tv.png,-0.03399015167143624,tv
train-0197_nsd-01729.png,-0.03401581570596497,car
train-2078_nsd-14838.png,-0.034069685979958075,tv
train-2596_nsd-21499_tv.png,-0.034113729966681945,tv
train-7155_nsd-57621.png,-0.03416931975462114,car
train-3206_nsd-23799.png,-0.034196711163440675,toilet
train-8580_nsd-63665_microwave.png,-0.034216596440201,microwave
train-1939_nsd-15702.png,-0.034417813449371004,chair
train-6148_nsd-50826_toilet.png,-0.03447798809629456,toilet
train-0708_nsd-05629.png,-0.034548076344340574,toilet
train-7025_nsd-52288.png,-0.03484646380959278,bottle
train-7664_nsd-63404_car.png,-0.034872637748229934,car
train-2693_nsd-20161.png,-0.03487546366771753,toilet
train-1981_nsd-15220_clock.png,-0.03494962296774308,clock
train-0744_nsd-05148_sink.png,-0.03498996347276666,sink
train-2585_nsd-18973.png,-0.03499337037725813,toilet
train-3788_nsd-31005_laptop.png,-0.03501275173801516,laptop
train-3025_nsd-24915.png,-0.03503731202231351,laptop
train-8275_nsd-61774.png,-0.03507596105829514,potted plant
train-8901_nsd-71587_potted plant.png,-0.0350778622858928,potted plant
train-3482_nsd-26457_chair.png,-0.03536066612986439,chair
train-3817_nsd-31001.png,-0.035387110418343685,cup
train-2374_nsd-20088.png,-0.03544535055417148,toilet
train-0187_nsd-01518.png,-0.035445371628375764,stop sign
train-4488_nsd-33247_oven.png,-0.035492661523765796,oven
train-2502_nsd-20103_chair.png,-0.03551314336275488,chair
train-6691_nsd-54050_toilet.png,-0.035528995575481406,toilet
train-9015_nsd-66845.png,-0.03553520744928023,bottle
train-6164_nsd-45793_toilet.png,-0.03559104926441012,toilet
train-3762_nsd-27970.png,-0.0356114643437997,laptop
train-4903_nsd-36575_car.png,-0.035612156051092636,car
train-2192_nsd-16471_toilet.png,-0.035637824268206816,toilet
train-0388_nsd-03317_toilet.png,-0.03571857291915687,toilet
test-0001_nsd-00082_keyboard.png,-0.03574020315486664,keyboard
train-3585_nsd-29468_tv.png,-0.0357725060727931,tv
train-3399_nsd-25099_bottle.png,-0.03579790214793702,bottle
train-5405_nsd-43618_oven.png,-0.03589932365058135,oven
train-3751_nsd-27896_chair.png,-0.036025072753179614,chair
train-8670_nsd-72145.png,-0.03609055451945685,stop sign
train-8591_nsd-63691_chair.png,-0.03613784495349782,chair
train-6851_nsd-56800.png,-0.036193573095311064,fork
train-4892_nsd-40356.png,-0.03626300125405876,car
train-0426_nsd-03566.png,-0.036297160622109255,toilet
train-4901_nsd-40127.png,-0.03631757230150417,car
train-6620_nsd-49234_laptop.png,-0.03634302829590857,laptop
train-4758_nsd-39233_toilet.png,-0.03641114824156567,toilet
train-2193_nsd-16298_chair.png,-0.036455351928644526,chair
train-1311_nsd-11160.png,-0.036517679285711056,toilet
train-3063_nsd-23445_toilet.png,-0.03652758370832848,toilet
train-2632_nsd-19642.png,-0.03661238346236324,bottle
train-0841_nsd-06522_chair.png,-0.03665280702529628,chair
train-7083_nsd-58733.png,-0.03669897832722831,car
train-0797_nsd-06279.png,-0.03671623546931364,toilet
train-5273_nsd-43419_stop sign.png,-0.03671841221408628,stop sign
train-7723_nsd-57587_sink.png,-0.03671874627364842,sink
train-4422_nsd-36355.png,-0.03681558722354482,keyboard
train-7806_nsd-62677.png,-0.03682045030587731,toilet
train-2139_nsd-15407.png,-0.036913365216799554,chair
train-2429_nsd-17652.png,-0.036947937632898116,toilet
train-8805_nsd-65282_sink.png,-0.036958739091655084,sink
train-7182_nsd-53340_keyboard.png,-0.03699048184149771,keyboard
train-1650_nsd-13312_chair.png,-0.037032268499185936,chair
train-7070_nsd-58621.png,-0.037057690668093564,bottle
train-0325_nsd-02746_laptop.png,-0.03711859266529653,laptop
train-8115_nsd-67647_sink.png,-0.037134093839278404,sink
train-5496_nsd-40773_microwave.png,-0.03715176939735501,microwave
train-4746_nsd-35372.png,-0.037165976475007814,car
train-3622_nsd-29732.png,-0.03731921629420551,car
train-6702_nsd-53384.png,-0.037319263960228825,toilet
train-6182_nsd-50093_stop sign.png,-0.03737362212579461,stop sign
train-8389_nsd-69734.png,-0.03737718484820678,keyboard
train-5825_nsd-43446_toilet.png,-0.03741875650095726,toilet
train-7998_nsd-66313.png,-0.037419309896359096,tv
train-5331_nsd-39645.png,-0.0374198293487651,clock
train-0084_nsd-00714.png,-0.037504363687639514,car
train-4316_nsd-35061.png,-0.03752137473603578,clock
train-8439_nsd-62634_bottle.png,-0.03752685657281184,bottle
train-9210_nsd-68318.png,-0.037690655139994166,car
train-8594_nsd-63642_potted plant.png,-0.03770666895426485,potted plant
train-1658_nsd-13383.png,-0.03771274068335508,fork
train-1888_nsd-14553.png,-0.03789021427119038,toilet
train-2733_nsd-22192_stop sign.png,-0.03791032030928236,stop sign
train-3517_nsd-28805_oven.png,-0.03796075638379808,oven
train-6875_nsd-57024_bottle.png,-0.0379681404366979,bottle
train-1451_nsd-12247.png,-0.03801939085417914,car
train-3861_nsd-31667_chair.png,-0.03805464129400363,chair
train-1178_nsd-09476_toilet.png,-0.03809953576152385,toilet
train-1059_nsd-08540_microwave.png,-0.038139193461131926,microwave
train-3526_nsd-28978_car.png,-0.03826507732459444,car
train-6935_nsd-55798.png,-0.03828217983436328,stop sign
train-5585_nsd-41462_stop sign.png,-0.03840900723934034,stop sign
train-0744_nsd-06464.png,-0.038449251480745635,fork
train-5484_nsd-44815_car.png,-0.038463103188810806,car
train-0696_nsd-05768.png,-0.03856130850047247,toilet
train-2015_nsd-15474_stop sign.png,-0.03859602201673502,stop sign
train-2434_nsd-18785_potted plant.png,-0.03869120796206445,potted plant
train-2832_nsd-22974_bottle.png,-0.038737538556075715,bottle
train-8811_nsd-65277.png,-0.03875687134475099,oven
train-3864_nsd-31708.png,-0.03888444497684718,cup
train-7088_nsd-58981.png,-0.03890958119330952,stop sign
train-0159_nsd-01298_tv.png,-0.03905203919340934,tv
train-1424_nsd-10754_chair.png,-0.039068701913024605,chair
train-7779_nsd-57515_chair.png,-0.039091446418459096,chair
train-9381_nsd-69663.png,-0.03912590705214669,sink
train-7394_nsd-59315_sink.png,-0.039258861621984574,sink
train-5921_nsd-43898_stop sign.png,-0.039395707744314015,stop sign
train-2001_nsd-16343_cup.png,-0.039428651684440964,cup
train-5564_nsd-44871.png,-0.03945086678671239,cup
train-0549_nsd-04405_bottle.png,-0.039469565066392966,bottle
train-9001_nsd-66509_sink.png,-0.03948851042116615,sink
train-8932_nsd-66038_laptop.png,-0.03952317902839201,laptop
train-1392_nsd-11775.png,-0.039523214227906195,car
train-2650_nsd-20389_sink.png,-0.03963998428865313,sink
train-2241_nsd-18223.png,-0.03967867215510093,car
train-4524_nsd-33653.png,-0.03973622154538733,potted plant
train-7166_nsd-53168_stop sign.png,-0.03974694203914872,stop sign
train-2986_nsd-24652.png,-0.03998699992802637,chair
train-2153_nsd-15509.png,-0.039997632128662634,car
train-3590_nsd-26641.png,-0.04001593706162049,cup
train-8315_nsd-61696_chair.png,-0.040074060841361385,chair
train-3384_nsd-25140_laptop.png,-0.04014909787937462,laptop
train-3768_nsd-27921.png,-0.040181953746992065,stop sign
train-3178_nsd-25994.png,-0.04024883351825083,keyboard
train-1279_nsd-09579_stop sign.png,-0.04030167760923397,stop sign
train-8980_nsd-66489_chair.png,-0.04041847358469,chair
train-4542_nsd-37315.png,-0.040463513900855556,car
train-5263_nsd-38910.png,-0.04047500488319619,stop sign
train-9092_nsd-67588.png,-0.040499658537782056,oven
train-6498_nsd-48342_chair.png,-0.040524577588509976,chair
train-3264_nsd-26622.png,-0.04064289012375773,cup
train-6966_nsd-52085_oven.png,-0.04066944103051718,oven
train-4853_nsd-40042.png,-0.04071953459145109,tv
train-7459_nsd-55150_chair.png,-0.04073074064311202,chair
train-1011_nsd-07774.png,-0.040730993866976345,stop sign
train-2691_nsd-22519.png,-0.04075712780102191,stop sign
train-0192_nsd-01609.png,-0.04081448739560389,sink
train-3551_nsd-29181_sink.png,-0.0408424616773909,sink
train-0006_nsd-00046.png,-0.040861346645692485,chair
train-0083_nsd-00674_chair.png,-0.04088420813482238,chair
train-8316_nsd-61700_chair.png,-0.040916610687764636,chair
train-7937_nsd-66149_oven.png,-0.04091923801800075,oven
train-3547_nsd-26338.png,-0.04092661298078859,chair
train-9073_nsd-67142_laptop.png,-0.040967081072151246,laptop
train-7096_nsd-52331.png,-0.04099901494276367,tv
train-7239_nsd-53840_stop sign.png,-0.04108202332158558,stop sign
train-6824_nsd-50853_sink.png,-0.04118815729095951,sink
train-4897_nsd-36405.png,-0.041414462276752696,sink
train-8038_nsd-64728_tv.png,-0.04144254491719988,tv
train-0081_nsd-00669.png,-0.041454549030920045,laptop
train-6696_nsd-49866.png,-0.04151373668877471,tv
train-4470_nsd-36264.png,-0.04168967520341885,stop sign
train-4592_nsd-34145_sink.png,-0.041854573021020615,sink
train-9397_nsd-69581_laptop.png,-0.04186199066854468,laptop
train-2847_nsd-22014.png,-0.04186463526865852,sink
train-2195_nsd-15859.png,-0.04190610608012681,mouse
train-8560_nsd-71146.png,-0.04192005234897653,cup
train-4810_nsd-35720.png,-0.041925687612913036,potted plant
train-1354_nsd-11460.png,-0.04211281089929674,sink
train-6062_nsd-45129_car.png,-0.04218468584675235,car
train-6835_nsd-54607_laptop.png,-0.042191485357819816,laptop
train-3724_nsd-28157_tv.png,-0.04224766791754528,tv
train-0559_nsd-04466_laptop.png,-0.042270659907551245,laptop
train-2789_nsd-21573.png,-0.042298639064549934,laptop
train-2420_nsd-19418_potted plant.png,-0.04231293332540148,potted plant
train-6882_nsd-51222_oven.png,-0.042331901589239045,oven
train-1978_nsd-16616_potted plant.png,-0.04240582483579139,potted plant
train-1627_nsd-13715_microwave.png,-0.04240779022876726,microwave
train-5697_nsd-45904.png,-0.042460361989844604,cup
train-5873_nsd-43837_chair.png,-0.042463529786269355,chair
train-0141_nsd-01192.png,-0.04264386529138224,cup
train-7245_nsd-60423_bottle.png,-0.04275626572725278,bottle
train-2949_nsd-21910_potted plant.png,-0.043046595563863754,potted plant
train-1538_nsd-11796.png,-0.04319175839152724,potted plant
train-8944_nsd-71957.png,-0.04328904794181022,stop sign
train-7696_nsd-63738.png,-0.04330115141847628,potted plant
train-6554_nsd-52363_tv.png,-0.043335373723537844,tv
train-7185_nsd-59567_keyboard.png,-0.04340950032582203,keyboard
train-5417_nsd-40242.png,-0.04342999016508219,bottle
train-9649_nsd-71506.png,-0.043451938184740704,car
train-0719_nsd-05703.png,-0.043471455337017885,car
train-5982_nsd-44365_tv.png,-0.04360820496408558,tv
train-0096_nsd-00813.png,-0.043609012579689105,cup
train-9824_nsd-72856_keyboard.png,-0.043695981539302674,keyboard
train-3081_nsd-22884.png,-0.04371637859178645,sink
train-2363_nsd-19071_chair.png,-0.04372375309759194,chair
train-1945_nsd-15783.png,-0.043729991425351396,sink
train-7151_nsd-59585_laptop.png,-0.04373730986545387,laptop
train-7277_nsd-54390.png,-0.04376252609275069,chair
test-0166_nsd-32028.png,-0.04377905381240306,cup
train-9356_nsd-69501.png,-0.043871557939525865,tv
train-6029_nsd-48929.png,-0.043871826357204706,microwave
train-5286_nsd-39363.png,-0.044025547789916714,car
train-1484_nsd-10600_microwave.png,-0.04405011311934289,microwave
train-0166_nsd-01364_tv.png,-0.044104532826924954,tv
train-8845_nsd-65686.png,-0.044118364847357955,oven
train-0884_nsd-07240.png,-0.044119946135035296,car
train-4492_nsd-33656.png,-0.04413196364174812,tv
train-4511_nsd-37036.png,-0.04423952485314486,chair
train-8790_nsd-65315.png,-0.04431677547048729,car
train-3729_nsd-27598_chair.png,-0.04437169988282832,chair
train-0071_nsd-00627.png,-0.04437440146440929,chair
train-6271_nsd-46757_chair.png,-0.044480465955352586,chair
train-6236_nsd-51543.png,-0.04468594869727821,car
train-0594_nsd-04182_chair.png,-0.044734415221775375,chair
train-3081_nsd-22866.png,-0.0448022051097896,potted plant
train-7433_nsd-54932_chair.png,-0.04489271606617257,chair
train-8751_nsd-70365_tv.png,-0.04490294735210063,tv
train-0223_nsd-01774_chair.png,-0.044904601995516005,chair
train-3334_nsd-25287.png,-0.04493738452099445,microwave
train-3808_nsd-28689_clock.png,-0.0449439181157546,clock
train-8230_nsd-68281_oven.png,-0.04495931238708833,oven
train-1738_nsd-13016_sink.png,-0.04497908311282422,sink
train-6759_nsd-53828_potted plant.png,-0.045088416445227535,potted plant
train-2542_nsd-19642.png,-0.04512784064988706,bottle
train-4965_nsd-36682.png,-0.04514409391153135,car
train-7498_nsd-55786.png,-0.04519819232250122,tv
train-0742_nsd-06859_toilet.png,-0.04534217899457474,toilet
train-4984_nsd-41101.png,-0.045386452091545765,car
train-0990_nsd-08009.png,-0.045472985049864564,microwave
train-4652_nsd-38442_oven.png,-0.04549455798455071,oven
train-5742_nsd-42410.png,-0.0455033837825899,potted plant
train-3036_nsd-22598_tv.png,-0.045621700876782204,tv
train-4564_nsd-37482.png,-0.045624787070087984,tv
train-8882_nsd-65767_oven.png,-0.04564419517577031,oven
train-2149_nsd-16616_potted plant.png,-0.04582516451451354,potted plant
train-3680_nsd-29837_keyboard.png,-0.04583634099108228,keyboard
train-5399_nsd-44155_keyboard.png,-0.045860512319968,keyboard
train-7148_nsd-53499.png,-0.0459379735886837,chair
train-4976_nsd-37079.png,-0.045975074512794124,car
train-7608_nsd-61122.png,-0.04597630505549648,car
train-7601_nsd-56233_bottle.png,-0.046000100724787406,bottle
train-1937_nsd-14636_bottle.png,-0.046000265354008606,bottle
train-3786_nsd-28540_laptop.png,-0.04608330047908207,laptop
train-5020_nsd-41527.png,-0.046106355785650456,potted plant
train-7058_nsd-58683_oven.png,-0.04611808086824253,oven
train-2855_nsd-23121.png,-0.04612141773459055,chair
train-4429_nsd-36541.png,-0.04616077022220496,car
train-0440_nsd-03181.png,-0.04616097828796955,car
train-4106_nsd-33567.png,-0.04616460837765017,microwave
train-9110_nsd-67728_chair.png,-0.04620151649240296,chair
train-7459_nsd-55150_laptop.png,-0.04637561169879576,laptop
train-9652_nsd-71604_chair.png,-0.046625802901570805,chair
train-0127_nsd-01079.png,-0.04662882883983625,chair
train-4061_nsd-33251_sink.png,-0.04666576615589914,sink
train-6091_nsd-45610_tv.png,-0.046714677028042224,tv
train-5949_nsd-48296.png,-0.04672094916561482,chair
train-2463_nsd-20835_tv.png,-0.04677116520062178,tv
train-0676_nsd-04686_chair.png,-0.04681197803405874,chair
train-3171_nsd-23455_car.png,-0.04687399476116197,car
train-0361_nsd-02997_potted plant.png,-0.046945662076424456,potted plant
train-7431_nsd-55226.png,-0.04697491841193183,stop sign
train-9517_nsd-70491_oven.png,-0.04712921772691735,oven
train-3918_nsd-29072_bottle.png,-0.04713096489726681,bottle
train-1621_nsd-13115_chair.png,-0.047147089381709986,chair
train-3598_nsd-26720_chair.png,-0.04716953625244374,chair
train-5366_nsd-44185.png,-0.047243059668042715,laptop
train-6404_nsd-47471_oven.png,-0.047316184959661285,oven
train-0065_nsd-00550_keyboard.png,-0.047368697781004825,keyboard
train-7415_nsd-55119_oven.png,-0.04738597288213351,oven
train-0491_nsd-04499_potted plant.png,-0.04740653911976003,potted plant
train-9784_nsd-72561_bottle.png,-0.04747316510000687,bottle
train-0363_nsd-03090.png,-0.04774053961067553,laptop
train-2511_nsd-18775_oven.png,-0.047746631006174926,oven
train-8649_nsd-64095.png,-0.04781448643688683,car
train-7774_nsd-64442_oven.png,-0.047853983197920655,oven
train-7632_nsd-63182_tv.png,-0.04791223110293584,tv
train-6025_nsd-44457_laptop.png,-0.047936060256851286,laptop
train-1653_nsd-12502_chair.png,-0.048055321512254855,chair
train-0676_nsd-06206.png,-0.04812016618284346,tv
train-9832_nsd-72889_laptop.png,-0.04816020169979632,laptop
train-4876_nsd-36332_laptop.png,-0.048235611876270984,laptop
train-8971_nsd-66489_chair.png,-0.048358806251740945,chair
train-7816_nsd-65094_oven.png,-0.04837606526740388,oven
train-1901_nsd-13641.png,-0.048380639843242174,potted plant
train-4574_nsd-33821_tv.png,-0.048455421875858065,tv
train-8864_nsd-65686.png,-0.04852199012491904,oven
train-8983_nsd-66768.png,-0.04854139717860968,chair
train-1475_nsd-10532.png,-0.048571992331608554,car
train-8424_nsd-62341_toilet.png,-0.048605367896898836,toilet
train-1346_nsd-10773.png,-0.048640797301297854,chair
train-5018_nsd-40972_tv.png,-0.04866749604564929,tv
train-6445_nsd-51539.png,-0.04869465053274091,tv
train-3587_nsd-29488.png,-0.04874743799259376,tv
train-4841_nsd-35788.png,-0.04878091971376889,laptop
train-8309_nsd-66927.png,-0.0488052969319759,toilet
train-8192_nsd-60582_mouse.png,-0.04900242657088936,mouse
train-1474_nsd-11107.png,-0.0490052397431798,cup
train-4892_nsd-40053.png,-0.04902624183887749,car
train-5472_nsd-40793_mouse.png,-0.04912330421438656,mouse
train-7886_nsd-65415.png,-0.04915268839498808,toilet
train-4080_nsd-33105_tv.png,-0.049243221755519366,tv
train-6934_nsd-55793_car.png,-0.04926215830112881,car
train-2361_nsd-17546_stop sign.png,-0.04929312086948641,stop sign
train-5113_nsd-41271_bottle.png,-0.04929643458924844,bottle
train-8301_nsd-69076_car.png,-0.04931090581360635,car
train-6436_nsd-47714_chair.png,-0.04937807734081372,chair
train-0025_nsd-00198.png,-0.049476996274142475,tv
train-4162_nsd-34301.png,-0.049491331395010406,toilet
train-6673_nsd-55326_tv.png,-0.049530534019370694,tv
train-8464_nsd-70350_oven.png,-0.049545396913032544,oven
train-0722_nsd-04978_oven.png,-0.049601827731499175,oven
train-9396_nsd-69674_tv.png,-0.04964584585630658,tv
train-8115_nsd-60142_oven.png,-0.049670959791584576,oven
train-4452_nsd-32979_oven.png,-0.04968212979073258,oven
train-5978_nsd-44476.png,-0.04972662220961382,car
train-3828_nsd-28340_chair.png,-0.0497459415143832,chair
train-2155_nsd-16247_bottle.png,-0.049773121850770694,bottle
train-5715_nsd-42224_bottle.png,-0.04977635265209529,bottle
train-4161_nsd-34112.png,-0.04983581838556026,chair
train-0617_nsd-05357_oven.png,-0.04983641365898501,oven
train-1505_nsd-12126.png,-0.04984050216387697,tv
train-6254_nsd-46192_tv.png,-0.04989096533255509,tv
train-3735_nsd-30337_clock.png,-0.0498964421386965,clock
train-4756_nsd-35469_bottle.png,-0.04996636346729125,bottle
train-0893_nsd-07289_keyboard.png,-0.04998272214221355,keyboard
train-2836_nsd-20990.png,-0.04999321748555713,chair
train-7469_nsd-59899.png,-0.05000074625479558,car
train-5496_nsd-40773_oven.png,-0.05001351049049136,oven
train-9619_nsd-71199_microwave.png,-0.0500608754523394,microwave
train-5581_nsd-41711_toilet.png,-0.050097113052634826,toilet
train-4127_nsd-34004.png,-0.05027704148801522,chair
train-1993_nsd-16792_chair.png,-0.050391016647238746,chair
train-4465_nsd-33115_tv.png,-0.05043805593272945,tv
train-5502_nsd-40935_chair.png,-0.05046841406541465,chair
train-7425_nsd-55180.png,-0.050556534790118464,car
train-5502_nsd-40935_mouse.png,-0.05058409078391862,mouse
train-7980_nsd-59651.png,-0.05063443096648718,tv
train-4042_nsd-29837_tv.png,-0.05065691912585751,tv
train-2653_nsd-19739_microwave.png,-0.050701648279669,microwave
train-7517_nsd-55974_laptop.png,-0.050764134316049314,laptop
train-5958_nsd-49160_bottle.png,-0.050829482645562106,bottle
train-7006_nsd-52134.png,-0.05085312894087464,chair
train-1984_nsd-16682_clock.png,-0.05089121113240685,clock
train-3511_nsd-28689_clock.png,-0.05090448327969356,clock
test-0222_nsd-41962_oven.png,-0.05090720912502665,oven
train-3764_nsd-30854_microwave.png,-0.051001845895915894,microwave
train-6529_nsd-52779_cup.png,-0.05110417618047177,cup
test-0127_nsd-32271_tv.png,-0.05115409719214476,tv
train-8011_nsd-59389_tv.png,-0.05118397205853389,tv
train-9484_nsd-70296.png,-0.051229564251068394,cup
train-6812_nsd-50779_mouse.png,-0.05130300506280854,mouse
train-5210_nsd-42072_chair.png,-0.051365457065199106,chair
train-2721_nsd-20068_microwave.png,-0.051369597515498355,microwave
train-2257_nsd-17441.png,-0.05138389527474934,car
train-1887_nsd-13567.png,-0.05140055445511483,car
train-7368_nsd-54901_toilet.png,-0.05149224813480414,toilet
train-7126_nsd-59338_mouse.png,-0.05154679593665451,mouse
train-6615_nsd-52837.png,-0.051593130504248776,microwave
train-1269_nsd-09771_toilet.png,-0.05162733169019399,toilet
train-1675_nsd-12012_chair.png,-0.05164024770808204,chair
train-8170_nsd-60437_microwave.png,-0.05164647171711561,microwave
train-5574_nsd-44953.png,-0.051659388564432515,car
train-5976_nsd-47993_microwave.png,-0.05169908435257846,microwave
train-7500_nsd-60179.png,-0.05172792026702898,chair
train-4366_nsd-32330.png,-0.05177361699048829,cup
train-7389_nsd-61257_tv.png,-0.0518173337252481,tv
train-1220_nsd-09328_sink.png,-0.05182886324615931,sink
train-1592_nsd-11988.png,-0.0518934078053128,car
train-0374_nsd-03181.png,-0.05190452108450114,car
train-1428_nsd-10812_microwave.png,-0.052033599460398844,microwave
train-8540_nsd-63316_laptop.png,-0.052050043021187105,laptop
train-6858_nsd-55249_microwave.png,-0.05205138352076032,microwave
train-1786_nsd-13565.png,-0.05214606236387691,tv
train-0241_nsd-01905.png,-0.052202622120645435,oven
train-5323_nsd-39731_laptop.png,-0.052268923501124526,laptop
train-1726_nsd-12937_tv.png,-0.05235712056327806,tv
train-4519_nsd-33570.png,-0.0523737606124346,tv
train-3272_nsd-24317.png,-0.052413396438407346,tv
train-6973_nsd-55699.png,-0.05253495019720028,fork
train-7402_nsd-61388_laptop.png,-0.05256548965749876,laptop
train-3642_nsd-29504_chair.png,-0.052566044375654,chair
train-8087_nsd-60474_tv.png,-0.05257190746586415,tv
train-6698_nsd-49270.png,-0.05257782111789165,tv
train-1993_nsd-14884.png,-0.052579344631982536,laptop
train-3317_nsd-27119.png,-0.05260494498421669,fork
train-7943_nsd-59060.png,-0.05262552394785659,car
train-4672_nsd-34538.png,-0.05265301712079377,fork
train-4409_nsd-32687.png,-0.052690952149000846,car
train-1721_nsd-14474.png,-0.0526933774970353,car
train-0595_nsd-05403.png,-0.05270522410782943,bottle
test-0117_nsd-53256_tv.png,-0.052753691250326175,tv
train-8963_nsd-66654_mouse.png,-0.05278919385701804,mouse
train-6936_nsd-57191.png,-0.052861408667618966,fork
train-5536_nsd-45669.png,-0.0528636104153033,mouse
train-7564_nsd-56225.png,-0.052880608691376424,cup
train-5498_nsd-40935_mouse.png,-0.05290659314919481,mouse
train-0705_nsd-06519_tv.png,-0.05292666022663111,tv
train-6709_nsd-53438_microwave.png,-0.05299356075340031,microwave
train-2213_nsd-18494_toilet.png,-0.053041004487620926,toilet
train-4332_nsd-35556.png,-0.05323441821161951,tv
train-3742_nsd-27830_oven.png,-0.05332026365224304,oven
train-1997_nsd-15050_cup.png,-0.05333195780060867,cup
train-0262_nsd-02182_keyboard.png,-0.053336835073406946,keyboard
train-2241_nsd-18146_microwave.png,-0.05342578720714174,microwave
train-6732_nsd-54397.png,-0.05347544717306089,bottle
train-0718_nsd-05579_bottle.png,-0.053504195108770206,bottle
train-8864_nsd-65616.png,-0.053612177199524165,car
train-5312_nsd-39435_laptop.png,-0.05361618037604221,laptop
train-2170_nsd-18449_tv.png,-0.05368392089956775,tv
train-8552_nsd-63384_laptop.png,-0.053749558746133665,laptop
train-4843_nsd-35794_tv.png,-0.05378061695574558,tv
train-0618_nsd-05684.png,-0.05379586718573234,toilet
train-8823_nsd-65366_laptop.png,-0.053814636710181496,laptop
train-1255_nsd-09352.png,-0.054106817187728085,laptop
train-9072_nsd-66972_laptop.png,-0.05411375398706074,laptop
train-2081_nsd-15691.png,-0.05419975054809837,sink
train-6618_nsd-49234_mouse.png,-0.054241261801981196,mouse
train-3587_nsd-27236_chair.png,-0.05427201000914412,chair
train-6616_nsd-48681_laptop.png,-0.05439589473591053,laptop
train-2607_nsd-21024.png,-0.05442203709313933,bottle
train-9249_nsd-68698.png,-0.054530520713037156,car
train-1421_nsd-11289.png,-0.054570511250176326,tv
train-4703_nsd-34823.png,-0.05457065516720631,stop sign
train-2489_nsd-19228.png,-0.05458804365594582,chair
train-0938_nsd-07584_bottle.png,-0.05459464883698692,bottle
train-0513_nsd-04124.png,-0.054594854239002955,tv
train-7298_nsd-60761.png,-0.05459614487683342,tv
train-3619_nsd-27460_tv.png,-0.054607398754138906,tv
test-0011_nsd-05959.png,-0.054642821755623586,potted plant
train-6248_nsd-51683.png,-0.0546687489778367,toilet
train-0926_nsd-07153_microwave.png,-0.05478160011770468,microwave
train-2949_nsd-22712.png,-0.05480767998609958,car
train-5784_nsd-47076_laptop.png,-0.054963933631740014,laptop
train-2978_nsd-22118.png,-0.055005566538391705,car
train-3879_nsd-28709_chair.png,-0.05503867633869452,chair
train-7253_nsd-54217_chair.png,-0.05513503410759299,chair
train-3615_nsd-29675_chair.png,-0.05517217769838438,chair
train-7118_nsd-59283_clock.png,-0.055211992675016745,clock
train-6822_nsd-50845.png,-0.05523450019035531,potted plant
train-0395_nsd-02897.png,-0.05537292348699029,stop sign
train-0269_nsd-02286_laptop.png,-0.05541620059415994,laptop
train-7086_nsd-52728_stop sign.png,-0.05550927839335438,stop sign
train-4986_nsd-41116.png,-0.055594275382393595,laptop
train-1002_nsd-08170_bottle.png,-0.05559614106963977,bottle
train-6136_nsd-45203_cup.png,-0.05561746252825945,cup
train-6955_nsd-57383_sink.png,-0.05572720234630157,sink
train-5418_nsd-43706.png,-0.055790148010650235,bottle
train-7736_nsd-64074.png,-0.055841393029461665,clock
train-7408_nsd-55224.png,-0.05589268793738832,car
train-0040_nsd-00401_tv.png,-0.055920900302408226,tv
train-1863_nsd-15812_chair.png,-0.05594456834365358,chair
train-5142_nsd-38397.png,-0.055968808834053994,chair
train-6272_nsd-50819_laptop.png,-0.056025368975163435,laptop
train-1339_nsd-10860_cup.png,-0.05608129875683965,cup
train-1621_nsd-13115_laptop.png,-0.056142530829945254,laptop
train-4097_nsd-33558.png,-0.05623653264948117,chair
train-1732_nsd-13315.png,-0.056312351358025585,car
train-3187_nsd-26127_tv.png,-0.056333955252223664,tv
train-4831_nsd-39864.png,-0.056416524593013176,potted plant
train-6803_nsd-56419.png,-0.056434519250705986,toilet
train-8111_nsd-60128_sink.png,-0.05649417626864614,sink
train-7910_nsd-58652_chair.png,-0.05656297215972197,chair
train-2213_nsd-18827.png,-0.0567345138346672,microwave
train-2898_nsd-23831.png,-0.056819690033096594,potted plant
train-1941_nsd-15723.png,-0.05684049678602372,car
train-9428_nsd-69870.png,-0.056929898790359784,potted plant
train-0790_nsd-06148.png,-0.056982821213683935,car
train-6128_nsd-45580_microwave.png,-0.056998122790384555,microwave
train-2770_nsd-22506_laptop.png,-0.05704957038069693,laptop
train-2279_nsd-16556.png,-0.05716385175235506,car
train-0999_nsd-07654_sink.png,-0.057353541485518,sink
train-5309_nsd-39247_tv.png,-0.05745992184727723,tv
train-7841_nsd-65359_sink.png,-0.05753065445067017,sink
train-3934_nsd-32185_toilet.png,-0.05756312484856284,toilet
train-6863_nsd-51054_toilet.png,-0.05757590194237928,toilet
train-3875_nsd-31684_laptop.png,-0.057607794496861014,laptop
train-6441_nsd-47769_bottle.png,-0.057676908858998496,bottle
test-0310_nsd-56390_chair.png,-0.05772856096282492,chair
train-8534_nsd-68688.png,-0.05778915811513155,tv
train-4580_nsd-34071.png,-0.05784275417868565,potted plant
test-0299_nsd-53869_tv.png,-0.05785546084372187,tv
train-5531_nsd-41116.png,-0.05800003061821006,laptop
train-0129_nsd-01085_laptop.png,-0.05801547404640345,laptop
train-3900_nsd-31959.png,-0.05818029285457916,car
train-3255_nsd-26632.png,-0.05825712203551479,car
train-0273_nsd-02252_laptop.png,-0.05830689198575278,laptop
train-8402_nsd-67600.png,-0.058328699137155764,stop sign
train-3260_nsd-24142_laptop.png,-0.05834478763849812,laptop
train-7291_nsd-54297_laptop.png,-0.058379328869013265,laptop
train-6155_nsd-49234_laptop.png,-0.05839913064560201,laptop
train-4057_nsd-33220_chair.png,-0.05846920462107766,chair
train-0454_nsd-03717_chair.png,-0.05849471870876293,chair
train-0274_nsd-02258.png,-0.05849847895000099,laptop
train-8538_nsd-63334_sink.png,-0.05850838836253351,sink
train-5299_nsd-39601.png,-0.058562934621477776,microwave
train-3263_nsd-26621.png,-0.05860233047689893,fork
train-2152_nsd-17948_tv.png,-0.05861293227842793,tv
train-0618_nsd-04861_laptop.png,-0.058647391232423435,laptop
train-5727_nsd-46110.png,-0.05866855483726542,keyboard
train-7806_nsd-57651.png,-0.058677199810325875,car
train-4231_nsd-34451_microwave.png,-0.05870801774467148,microwave
train-7454_nsd-55059.png,-0.05878524764201342,cup
train-0762_nsd-06135_laptop.png,-0.05883621937470894,laptop
train-1965_nsd-14846.png,-0.05888631992424281,potted plant
train-4255_nsd-34982_bottle.png,-0.058936047022994036,bottle
train-2398_nsd-20337_laptop.png,-0.05897175689534732,laptop
train-2624_nsd-22044.png,-0.0590034030825978,laptop
train-4810_nsd-35529_toilet.png,-0.059013206360816015,toilet
train-4156_nsd-30688_laptop.png,-0.059038432268882765,laptop
train-4595_nsd-34075.png,-0.05915766097904817,fork
train-0022_nsd-00216.png,-0.05917698862423922,laptop
test-0053_nsd-13579.png,-0.05919120884070393,cup
train-8335_nsd-61646.png,-0.05921090911643068,oven
train-7592_nsd-63357_laptop.png,-0.05930018435910352,laptop
train-5402_nsd-39992.png,-0.059320755166089235,car
train-4455_nsd-36735.png,-0.059329420627285315,microwave
train-1766_nsd-12609_laptop.png,-0.059376485172522975,laptop
train-7756_nsd-57538.png,-0.0594779808861678,tv
train-0841_nsd-07654_sink.png,-0.059596536130707346,sink
train-2626_nsd-19305_laptop.png,-0.0597166112717087,laptop
train-5517_nsd-41116.png,-0.059731020610787555,laptop
train-4554_nsd-33703.png,-0.05985273319690141,bottle
train-3963_nsd-32588_tv.png,-0.05989246019095539,tv
train-8075_nsd-60327_chair.png,-0.05999484327719191,chair
train-2540_nsd-18828_laptop.png,-0.06012639424693587,laptop
train-7484_nsd-60033.png,-0.06016713258407421,cup
test-0038_nsd-18736_laptop.png,-0.060198087210355765,laptop
train-7357_nsd-54760_sink.png,-0.06025844869364042,sink
train-3558_nsd-29096_sink.png,-0.06026447530485898,sink
train-3900_nsd-29380_sink.png,-0.06027302576879504,sink
train-2438_nsd-20294_laptop.png,-0.060321259739902384,laptop
train-7577_nsd-63182_tv.png,-0.060869978948075124,tv
train-5551_nsd-45595_bottle.png,-0.060956486433654734,bottle
train-1857_nsd-13900.png,-0.06107401586473235,cup
train-6133_nsd-49764_sink.png,-0.06108022339120834,sink
train-9829_nsd-72908_chair.png,-0.06113059170329607,chair
train-2083_nsd-15703_laptop.png,-0.061131290398454205,laptop
train-6466_nsd-51704_laptop.png,-0.06115633354193293,laptop
train-1277_nsd-09564_laptop.png,-0.06116652089745066,laptop
train-8093_nsd-60535.png,-0.06123584491292908,stop sign
train-7958_nsd-59174.png,-0.061374100986417594,fork
test-0163_nsd-29887_laptop.png,-0.06138168883893161,laptop
train-4686_nsd-35002.png,-0.06143941015148973,car
train-4055_nsd-33225_bottle.png,-0.061481470793578644,bottle
train-3920_nsd-29111.png,-0.06150944488435575,toilet
train-1386_nsd-11796.png,-0.06153538869922699,potted plant
train-1286_nsd-09942_mouse.png,-0.06172191903635871,mouse
train-2390_nsd-17770_laptop.png,-0.06174803561714327,laptop
train-2090_nsd-15562.png,-0.06176373153361318,toilet
train-4845_nsd-39644.png,-0.06181360004831409,fork
train-8111_nsd-60661.png,-0.06199151981705193,car
train-7753_nsd-57642.png,-0.06199156434380331,car
train-8844_nsd-71221_oven.png,-0.06205206811998345,oven
train-6351_nsd-52542_cup.png,-0.062110384600924634,cup
train-9651_nsd-71596_chair.png,-0.06211286414437651,chair
train-6794_nsd-50593.png,-0.062179353905693305,car
train-4309_nsd-32370_chair.png,-0.06223261387060784,chair
train-0325_nsd-02758_bottle.png,-0.06227920770390427,bottle
train-6056_nsd-44720.png,-0.06231606918324255,car
train-4117_nsd-31044_bottle.png,-0.062345679816990074,bottle
train-7114_nsd-57319_microwave.png,-0.06238009204218171,microwave
train-4244_nsd-31938_chair.png,-0.062398422999596186,chair
train-6123_nsd-45129_car.png,-0.06240515011184644,car
train-9721_nsd-72056.png,-0.06242266805667311,stop sign
train-4310_nsd-35416_sink.png,-0.06260714715855299,sink
train-6324_nsd-46998_chair.png,-0.06267762607769764,chair
train-3679_nsd-30099.png,-0.06272670517125042,car
train-1961_nsd-14113_chair.png,-0.0627878578574386,chair
train-0120_nsd-01009.png,-0.06279334024092281,car
train-6101_nsd-50405_bottle.png,-0.0628355885994609,bottle
train-6580_nsd-48439.png,-0.06285644287995758,chair
train-4532_nsd-37317.png,-0.0628766332798576,car
train-4233_nsd-31562_chair.png,-0.06331045674185634,chair
train-4684_nsd-38641_laptop.png,-0.06333100671687163,laptop
train-0252_nsd-01989_bottle.png,-0.0633342162424517,bottle
train-2782_nsd-20792_cup.png,-0.06341517465046034,cup
train-5774_nsd-43171.png,-0.0635345362647268,car
train-6507_nsd-53737.png,-0.06365136479184537,car
train-3226_nsd-26410_keyboard.png,-0.06367706711515804,keyboard
train-2938_nsd-21757_microwave.png,-0.0636866829171551,microwave
train-7474_nsd-59972_chair.png,-0.06373301112673202,chair
train-3209_nsd-24447.png,-0.0637776229938419,car
train-2235_nsd-16585_oven.png,-0.06379485650715158,oven
train-3874_nsd-28694_stop sign.png,-0.0638813606877559,stop sign
train-4455_nsd-33030_sink.png,-0.06391000368030247,sink
train-2541_nsd-21020_cup.png,-0.06393306912040742,cup
train-1513_nsd-12190.png,-0.06396265946996953,stop sign
train-6110_nsd-48887_keyboard.png,-0.06396361818558324,keyboard
train-9453_nsd-70188.png,-0.06401445808982723,car
train-1965_nsd-14707.png,-0.06413665254280405,chair
train-0477_nsd-03892_stop sign.png,-0.06414613883370669,stop sign
train-0099_nsd-00850.png,-0.06419688299331883,car
train-4734_nsd-35323.png,-0.06422662927656647,chair
train-9167_nsd-68235_bottle.png,-0.06423918171717352,bottle
train-8382_nsd-62506_tv.png,-0.0643143755519777,tv
train-2788_nsd-20614_toilet.png,-0.06432539907901966,toilet
train-3728_nsd-28173_mouse.png,-0.06434311870894868,mouse
train-5769_nsd-46997_cup.png,-0.0644199146342261,cup
train-8442_nsd-62469_tv.png,-0.06448112490653984,tv
train-8370_nsd-62462_tv.png,-0.06450510225314818,tv
train-0972_nsd-08568.png,-0.06452379621217302,car
train-2293_nsd-19494.png,-0.06465021506151937,car
train-0769_nsd-06093_chair.png,-0.06471045891579796,chair
train-3341_nsd-24837_toilet.png,-0.06471696501881341,toilet
train-5647_nsd-42213_toilet.png,-0.06479285812416885,toilet
train-8211_nsd-68083.png,-0.06480953870546084,chair
train-4351_nsd-32238.png,-0.0649497969318793,chair
train-6260_nsd-51729.png,-0.06495654965169877,car
train-6186_nsd-51124_keyboard.png,-0.06506123674851762,keyboard
train-9087_nsd-67366.png,-0.06506248979779235,car
train-8721_nsd-72607_sink.png,-0.06508167687778169,sink
train-5432_nsd-40495_keyboard.png,-0.06509348872737131,keyboard
train-8789_nsd-65232_tv.png,-0.06513189074348931,tv
train-2553_nsd-20994.png,-0.06516007803772239,bottle
train-0169_nsd-01387.png,-0.06517339909412888,toilet
train-3979_nsd-29412.png,-0.06520561088007197,car
train-0416_nsd-03509.png,-0.06522336349743726,car
train-8152_nsd-60512_stop sign.png,-0.0652425778747611,stop sign
train-7100_nsd-52721_bottle.png,-0.06547115275781791,bottle
train-9042_nsd-66751_keyboard.png,-0.06548707598394649,keyboard
train-6965_nsd-51846_sink.png,-0.06549674529391063,sink
train-4829_nsd-36010_tv.png,-0.06550562578229646,tv
train-4455_nsd-33408_oven.png,-0.06551038770876715,oven
train-3149_nsd-23435.png,-0.06551832195410276,car
train-2335_nsd-18749.png,-0.06559867376049142,toilet
train-4343_nsd-35717_clock.png,-0.06570452728746778,clock
train-4728_nsd-34933.png,-0.06570794706356216,toilet
train-4905_nsd-39660_keyboard.png,-0.0657102527457094,keyboard
train-8287_nsd-68990.png,-0.06573764167770625,oven
train-5441_nsd-40537.png,-0.06586770180127298,oven
train-1438_nsd-11582.png,-0.065897661964772,car
train-6864_nsd-50500_keyboard.png,-0.06596521021895493,keyboard
train-5778_nsd-43113_car.png,-0.06597448892667686,car
train-4684_nsd-38641_keyboard.png,-0.06600758677012193,keyboard
train-1400_nsd-09955_keyboard.png,-0.06618113219006261,keyboard
train-4926_nsd-36462_chair.png,-0.06626785005584386,chair
train-3330_nsd-24784_keyboard.png,-0.06627360713847558,keyboard
train-8923_nsd-65978.png,-0.06628470325444678,tv
train-5879_nsd-48594_laptop.png,-0.06634317300369202,laptop
train-3185_nsd-26118_tv.png,-0.06645786086264054,tv
train-1373_nsd-10600_microwave.png,-0.06658478228572465,microwave
train-7691_nsd-61779.png,-0.06665518192989735,car
train-7305_nsd-60794.png,-0.06666196983008277,tv
train-6534_nsd-52823_chair.png,-0.0666663488382295,chair
train-9159_nsd-67819_keyboard.png,-0.0666688845283449,keyboard
train-9326_nsd-68972_sink.png,-0.06671423034268524,sink
train-2300_nsd-17065_keyboard.png,-0.06677507482944359,keyboard
train-4951_nsd-40498_chair.png,-0.06678907986822828,chair
train-5566_nsd-41187_toilet.png,-0.06683958726891863,toilet
train-0420_nsd-03524_oven.png,-0.06686056528709845,oven
train-4721_nsd-38148.png,-0.06689683776244199,fork
train-4944_nsd-40827.png,-0.06691650291842689,oven
train-0827_nsd-07101.png,-0.06692126676206168,car
train-5008_nsd-36995_oven.png,-0.06695503704163017,oven
train-3541_nsd-28966.png,-0.06695650585737664,tv
train-6673_nsd-49685_keyboard.png,-0.06696108554069499,keyboard
train-7154_nsd-59613_oven.png,-0.067009959652529,oven
train-6837_nsd-54618_tv.png,-0.0670360480812309,tv
train-1023_nsd-08959.png,-0.06708093931507107,car
train-2151_nsd-16005_laptop.png,-0.06709474836978528,laptop
train-9574_nsd-71010_oven.png,-0.06720318897129553,oven
train-1708_nsd-14340_keyboard.png,-0.06725488228365376,keyboard
train-2699_nsd-22394_keyboard.png,-0.06732966274693347,keyboard
train-4360_nsd-35897.png,-0.06742667528291713,chair
train-3394_nsd-25299_tv.png,-0.06743927150939479,tv
test-0024_nsd-05898_oven.png,-0.06758472747783219,oven
train-4512_nsd-37054.png,-0.06759514476615426,tv
train-0203_nsd-01604_bottle.png,-0.0676250521759388,bottle
train-8457_nsd-62759_sink.png,-0.06765063994309718,sink
train-3127_nsd-25644_keyboard.png,-0.06766227029646522,keyboard
train-5290_nsd-42672_sink.png,-0.06766836287012985,sink
train-2442_nsd-17794.png,-0.06791025640180608,fork
train-3372_nsd-24851_keyboard.png,-0.06793407939635075,keyboard
train-5500_nsd-44280_car.png,-0.06794741253155066,car
train-4013_nsd-29734.png,-0.06803776977485289,tv
train-5940_nsd-44063_tv.png,-0.06814088511207395,tv
train-3571_nsd-26296_keyboard.png,-0.06814183296450607,keyboard
train-4860_nsd-35935_tv.png,-0.06820097631635093,tv
train-6915_nsd-51553_sink.png,-0.06821496687274627,sink
train-3883_nsd-31836_chair.png,-0.06825059383661009,chair
train-8157_nsd-65718.png,-0.0683067122328476,car
train-0976_nsd-07978_car.png,-0.06835795514663123,car
train-6844_nsd-56751_tv.png,-0.06836957170779717,tv
train-3140_nsd-23384_chair.png,-0.06838003497039497,chair
train-0270_nsd-02290.png,-0.06839151009921432,laptop
train-8985_nsd-72208.png,-0.06841207953779939,stop sign
train-4584_nsd-37812.png,-0.06842483468587635,tv
train-1968_nsd-16627_chair.png,-0.0684341961949576,chair
train-5216_nsd-38771_keyboard.png,-0.06845053055695001,keyboard
train-7234_nsd-53408.png,-0.06848681060192345,toilet
train-6692_nsd-49220.png,-0.06852752381867563,car
train-0552_nsd-04436.png,-0.06859098349083535,cup
train-0968_nsd-07426_keyboard.png,-0.0686249204423581,keyboard
train-0582_nsd-04524_keyboard.png,-0.0686474749349404,keyboard
train-2189_nsd-16893.png,-0.06869428311560413,fork
train-4210_nsd-34637.png,-0.06873820966551303,fork
train-4718_nsd-38903_bottle.png,-0.06875271796726717,bottle
train-2461_nsd-19766.png,-0.06879020303550762,oven
train-4483_nsd-33575_laptop.png,-0.06879681076350891,laptop
train-1169_nsd-09903.png,-0.06879987845495152,fork
train-8016_nsd-66489_chair.png,-0.06882900380990113,chair
train-5423_nsd-40364_chair.png,-0.06889789135497745,chair
train-0268_nsd-02257.png,-0.06893494667591263,oven
train-4055_nsd-33225_cup.png,-0.06896522625676234,cup
train-3841_nsd-28421_toilet.png,-0.06903317080323892,toilet
train-2225_nsd-18914.png,-0.06904133660099143,chair
train-2080_nsd-15501_tv.png,-0.06907659048243904,tv
train-8335_nsd-67064.png,-0.06914625934026343,potted plant
train-2783_nsd-22948.png,-0.06918175588799429,fork
train-4363_nsd-32468_laptop.png,-0.06924969043810049,laptop
train-4944_nsd-36720.png,-0.06925425639158748,chair
test-0321_nsd-57943_cup.png,-0.06926178216117639,cup
train-2243_nsd-16737.png,-0.0693007549462967,car
train-5498_nsd-40935_chair.png,-0.06933615682449697,chair
train-3763_nsd-27830_bottle.png,-0.06935069223387695,bottle
train-9003_nsd-66673.png,-0.06935456822209687,car
train-0947_nsd-07081.png,-0.06936492772463979,car
train-4365_nsd-32492_laptop.png,-0.06941549242511363,laptop
train-3906_nsd-31999.png,-0.06943857146105543,tv
train-2856_nsd-23585_sink.png,-0.06946354313958696,sink
train-7805_nsd-57994_keyboard.png,-0.06948359374820957,keyboard
train-0631_nsd-05425.png,-0.06948462073878064,fork
train-4289_nsd-31965_tv.png,-0.06956656598164174,tv
train-5737_nsd-42946_chair.png,-0.06962285562395101,chair
train-3016_nsd-22362.png,-0.06962523832549407,fork
train-1707_nsd-14308_fork.png,-0.06965809014511455,fork
train-9311_nsd-68879.png,-0.06968189392696018,cup
train-1655_nsd-12439.png,-0.06969259354978151,cup
train-8371_nsd-67297.png,-0.06983359113824618,car
train-3756_nsd-27777.png,-0.06988839804612715,toilet
train-1189_nsd-08336.png,-0.06996353202955437,mouse
train-2735_nsd-20445.png,-0.0700010662784368,fork
train-2065_nsd-14761.png,-0.07001003899251734,car
train-7773_nsd-57465_chair.png,-0.07007841698582352,chair
train-5532_nsd-44567.png,-0.07010626844707403,fork
train-1671_nsd-11999_oven.png,-0.07010709472250239,oven
train-6269_nsd-46752_laptop.png,-0.07017404574918328,laptop
train-1275_nsd-10259.png,-0.07018797121816243,car
train-0028_nsd-00248_stop sign.png,-0.07022579879852349,stop sign
train-2397_nsd-17794.png,-0.07022812389428527,fork
train-1142_nsd-09733.png,-0.07025236951624708,keyboard
test-0256_nsd-63610.png,-0.0702558560961915,chair
train-8006_nsd-64460_chair.png,-0.07025722411872315,chair
train-6137_nsd-49100.png,-0.07030499901954075,car
train-8205_nsd-61316_chair.png,-0.07030969909119282,chair
train-1619_nsd-11613_microwave.png,-0.07034153061035466,microwave
train-3512_nsd-25897.png,-0.0704314943296822,laptop
train-1249_nsd-09472_car.png,-0.07044024652733792,car
train-1282_nsd-10202_microwave.png,-0.07045749856462741,microwave
train-1677_nsd-14047_tv.png,-0.07056756883049399,tv
train-0989_nsd-08006.png,-0.07070920269058545,fork
train-4563_nsd-37582.png,-0.0707358582982684,fork
train-4026_nsd-29837_tv.png,-0.07078192852730446,tv
train-2546_nsd-21480.png,-0.07079413164931875,car
train-9487_nsd-70193.png,-0.07085762813317756,cup
train-1511_nsd-11449.png,-0.07092356805725729,fork
train-0957_nsd-08461_sink.png,-0.07092418710835936,sink
train-1707_nsd-14308_car.png,-0.07093400638105672,car
train-7610_nsd-56782.png,-0.07093616365370686,potted plant
train-7238_nsd-58118_car.png,-0.07094295815931961,car
train-9835_nsd-72975_laptop.png,-0.07095784194500626,laptop
test-0129_nsd-58818.png,-0.07097226582773508,car
train-5407_nsd-40336.png,-0.07098561125636445,fork
train-2310_nsd-17261_tv.png,-0.07116261165270768,tv
train-0977_nsd-07985_oven.png,-0.07116493881869201,oven
train-2975_nsd-24602_laptop.png,-0.07139401419415274,laptop
train-1605_nsd-13083_sink.png,-0.07168328774463735,sink
train-4613_nsd-34476_chair.png,-0.07172949854975061,chair
train-0108_nsd-00917_oven.png,-0.07190421007580106,oven
train-2400_nsd-20018.png,-0.07198239434722806,chair
train-4954_nsd-37059.png,-0.07209225633679334,car
train-0297_nsd-02609.png,-0.07210633876930175,tv
train-5602_nsd-41494.png,-0.07224481380837393,car
train-6119_nsd-49644.png,-0.07228847389945554,car
train-8033_nsd-67050.png,-0.07229099274945182,bottle
train-1478_nsd-11856_laptop.png,-0.07233090810429266,laptop
train-5967_nsd-49234_laptop.png,-0.07239216472251103,laptop
train-6377_nsd-47265.png,-0.07271433819374458,fork
train-2250_nsd-18217.png,-0.0727436841327755,laptop
train-2430_nsd-19500.png,-0.07280277598349381,car
train-5773_nsd-42889.png,-0.07283656019337671,fork
train-1583_nsd-12195.png,-0.07292735176781516,fork
train-2711_nsd-20276.png,-0.07293579830156688,car
train-6687_nsd-55461.png,-0.07295150050749842,tv
train-6706_nsd-49326.png,-0.07296958353351132,fork
test-0238_nsd-45378_keyboard.png,-0.07303549390853792,keyboard
train-0834_nsd-07172.png,-0.07308651448701908,car
train-1958_nsd-15889.png,-0.07309239656451136,car
train-8660_nsd-64486_oven.png,-0.07316771604757483,oven
train-9278_nsd-68635.png,-0.07320797973349942,laptop
train-7681_nsd-63553.png,-0.0732982418304314,oven
train-3127_nsd-23067.png,-0.0733073761277722,stop sign
train-7073_nsd-58676.png,-0.07331067315327926,chair
train-2569_nsd-19244.png,-0.07340821445507402,potted plant
train-9576_nsd-70939.png,-0.07361362078961925,car
train-6722_nsd-50068.png,-0.0736494868898481,bottle
train-4330_nsd-32232.png,-0.07372390029254361,chair
train-7358_nsd-61224.png,-0.07373317784988304,cup
train-7638_nsd-61387.png,-0.07373481455019344,fork
train-5254_nsd-42418.png,-0.07385415091850461,keyboard
train-8107_nsd-60191_microwave.png,-0.07387101393149208,microwave
train-0952_nsd-07120.png,-0.07390955638476619,fork
train-9305_nsd-69097.png,-0.07424938732392718,car
train-0121_nsd-01006.png,-0.07425886441412725,fork
train-7008_nsd-56433.png,-0.07438292645318272,bottle
train-8489_nsd-68275.png,-0.07439571287004806,laptop
train-0214_nsd-01890_tv.png,-0.0744065466146721,tv
train-4122_nsd-33476_potted plant.png,-0.07446455263898835,potted plant
train-1670_nsd-13478.png,-0.07447902672303652,laptop
test-0050_nsd-12812.png,-0.07452341962220996,fork
train-3005_nsd-22343_bottle.png,-0.07454787124172099,bottle
train-2629_nsd-19628.png,-0.07467085495505346,car
train-2867_nsd-23232_oven.png,-0.07470632229029259,oven
train-5456_nsd-44824.png,-0.07474813160913218,car
train-0469_nsd-03801.png,-0.07479050714908801,laptop
train-1239_nsd-09426.png,-0.0748315046820147,car
train-3085_nsd-22944.png,-0.07485219336736733,potted plant
train-2373_nsd-19280.png,-0.07489470062225881,oven
train-1021_nsd-08953.png,-0.07494741331190762,car
train-5993_nsd-44607.png,-0.07500423221772325,tv
train-6259_nsd-50127.png,-0.07506933646279998,cup
test-0047_nsd-20095.png,-0.07511618793401281,fork
train-7851_nsd-58223_laptop.png,-0.0751190647524663,laptop
train-3852_nsd-31512.png,-0.07513528072922114,potted plant
train-1811_nsd-15336.png,-0.07520555118617933,car
train-7581_nsd-62712.png,-0.07523562672086466,clock
train-0696_nsd-05468_oven.png,-0.07530965077294728,oven
train-5335_nsd-39831.png,-0.07531794322964692,toilet
train-8522_nsd-63552_oven.png,-0.07533888460810627,oven
train-2336_nsd-19441.png,-0.07534401791592307,cup
train-0181_nsd-01490.png,-0.07548127997178694,fork
train-2131_nsd-17794.png,-0.07553951530278748,fork
train-8399_nsd-69839.png,-0.07554838723698636,microwave
train-3598_nsd-27288.png,-0.07559925151533224,fork
train-7944_nsd-65860_laptop.png,-0.07569293247987771,laptop
train-1038_nsd-07803_microwave.png,-0.07574408755683884,microwave
train-3564_nsd-29320_oven.png,-0.07574600997000584,oven
train-6775_nsd-54637.png,-0.07595198971673006,car
train-0178_nsd-01561.png,-0.07595625875755915,laptop
train-4785_nsd-38641_laptop.png,-0.07614811308693295,laptop
train-3210_nsd-23833.png,-0.07622575314813089,chair
train-3336_nsd-27304.png,-0.07649552644632406,car
train-5763_nsd-42995_cup.png,-0.07652327864049628,cup
train-4195_nsd-34129_laptop.png,-0.07655081640808103,laptop
train-4878_nsd-39402.png,-0.07655310800801349,cup
train-3168_nsd-25906_microwave.png,-0.07687110504726641,microwave
train-3494_nsd-25794.png,-0.07689566579049699,cup
train-0319_nsd-02702.png,-0.07696872485462641,potted plant
train-7363_nsd-54859.png,-0.0770495350355799,car
train-9284_nsd-68672_oven.png,-0.07707829911590787,oven
train-4723_nsd-38160.png,-0.07715189532836862,car
train-2179_nsd-16191_microwave.png,-0.07721623818706799,microwave
train-3979_nsd-29429_chair.png,-0.07728205698094391,chair
train-3582_nsd-29437.png,-0.07730888025602368,tv
train-8928_nsd-66138_car.png,-0.07738006061875895,car
train-5911_nsd-43823.png,-0.07755920425651129,chair
train-0781_nsd-06293.png,-0.07757380274696281,cup
train-7889_nsd-58471_oven.png,-0.07759377480921203,oven
train-3067_nsd-22801_chair.png,-0.07790925383732943,chair
train-7692_nsd-57060_clock.png,-0.07792586947220044,clock
train-2687_nsd-21972_cup.png,-0.07795695782678778,cup
train-0911_nsd-07428.png,-0.07797935400897277,bottle
train-8155_nsd-65710.png,-0.07823606388276803,stop sign
train-7342_nsd-58874.png,-0.07827479215905347,clock
train-3925_nsd-29070_chair.png,-0.07827675986831899,chair
train-5237_nsd-39151.png,-0.07831701265296301,microwave
train-8990_nsd-72224_clock.png,-0.07833557839069177,clock
train-4306_nsd-34960_bottle.png,-0.0783602062948878,bottle
train-0113_nsd-00943.png,-0.0785837809125446,microwave
train-9128_nsd-67450.png,-0.07860643654829694,clock
train-3068_nsd-25284.png,-0.0786494200319816,car
train-8825_nsd-65374_laptop.png,-0.07867179102529258,laptop
train-9416_nsd-69682.png,-0.0787130502421219,cup
train-6322_nsd-51185.png,-0.07873366011184393,chair
train-4232_nsd-31301_chair.png,-0.07879395191490543,chair
train-6587_nsd-53241_laptop.png,-0.07884350642421771,laptop
train-7048_nsd-51890_laptop.png,-0.07886594216746398,laptop
train-3498_nsd-25882.png,-0.07889583055707003,cup
train-2178_nsd-16369_microwave.png,-0.07892314317845592,microwave
train-7352_nsd-58986.png,-0.07892467085551426,bottle
train-2243_nsd-17320_car.png,-0.07898437527577698,car
train-4429_nsd-36362_chair.png,-0.07898870677067839,chair
test-0128_nsd-30662_microwave.png,-0.0789938325056319,microwave
train-0512_nsd-04114.png,-0.0790935056641242,laptop
train-2001_nsd-14397_oven.png,-0.07914229373232254,oven
train-2783_nsd-20561_sink.png,-0.07919927139450865,sink
train-1708_nsd-14340_tv.png,-0.0792070445287481,tv
train-1642_nsd-13327.png,-0.07930886982693441,bottle
train-1360_nsd-11522.png,-0.07938183491732731,clock
train-8065_nsd-67237_cup.png,-0.07941327963958297,cup
train-8500_nsd-68407_chair.png,-0.07954665558747924,chair
train-9452_nsd-70185.png,-0.07956027717191272,cup
train-3794_nsd-31115.png,-0.07964175970228153,car
train-3922_nsd-29556.png,-0.0797571632786823,car
train-2035_nsd-16564_chair.png,-0.0797790430611084,chair
train-8241_nsd-68399_laptop.png,-0.079780842417926,laptop
train-7370_nsd-54914.png,-0.07979747352424171,car
train-8008_nsd-66763.png,-0.07982744264346987,clock
train-2402_nsd-18490_bottle.png,-0.07993648436011007,bottle
train-0848_nsd-06603.png,-0.0799389328720777,bottle
train-4077_nsd-33039.png,-0.07994753118622207,chair
train-3873_nsd-28689_clock.png,-0.07996163166156588,clock
train-1729_nsd-12971.png,-0.07997854570595388,car
train-4778_nsd-35605.png,-0.07999553677896794,cup
train-9329_nsd-69209.png,-0.08012408267661603,bottle
train-0890_nsd-07259.png,-0.08017314719495362,potted plant
train-8094_nsd-60545.png,-0.08020537519937138,car
train-3986_nsd-30014.png,-0.08020603378497222,bottle
train-3875_nsd-28689_clock.png,-0.08032584738136431,clock
train-8757_nsd-70442_laptop.png,-0.08041566073942658,laptop
train-0472_nsd-03814.png,-0.0804231833072616,potted plant
train-9754_nsd-72265.png,-0.08046141911482567,cup
train-7970_nsd-59585_laptop.png,-0.0805661839940889,laptop
train-9802_nsd-72655.png,-0.08057992421655057,bottle
train-8176_nsd-61144_car.png,-0.08067463819699106,car
train-7411_nsd-61468_clock.png,-0.08068684114710496,clock
train-2241_nsd-18723.png,-0.08071759969862619,car
train-1269_nsd-10107_chair.png,-0.0808235238602401,chair
train-9771_nsd-72439_laptop.png,-0.08092385558997547,laptop
train-0982_nsd-06813.png,-0.08093706585223198,car
train-4655_nsd-34670_laptop.png,-0.08099034186221431,laptop
train-0399_nsd-03330.png,-0.08109141191486807,clock
train-8093_nsd-59824_laptop.png,-0.0812362793749778,laptop
train-0955_nsd-07137.png,-0.08126019335063861,chair
train-5841_nsd-43531_clock.png,-0.08131877828788746,clock
train-6793_nsd-50642.png,-0.08142822766799744,car
train-5400_nsd-43571.png,-0.08168016785441462,clock
train-4408_nsd-32690_chair.png,-0.08168731802906307,chair
train-9507_nsd-70322_tv.png,-0.08183023322221616,tv
train-0272_nsd-02646_tv.png,-0.0818405054791,tv
train-0903_nsd-06982.png,-0.08186036372115088,car
train-1415_nsd-10107_chair.png,-0.08199876645426535,chair
train-5160_nsd-42569_clock.png,-0.08209282634787074,clock
train-1830_nsd-13124.png,-0.0822234151782635,clock
train-4242_nsd-34550.png,-0.0824155416019943,laptop
train-6510_nsd-52031.png,-0.08243536905203545,clock
train-7483_nsd-55353_clock.png,-0.08244606076135312,clock
train-6558_nsd-48340_clock.png,-0.08247651871068244,clock
train-6282_nsd-52002.png,-0.08248121506390507,clock
train-9213_nsd-68496.png,-0.08248850371580693,clock
train-7405_nsd-59257_tv.png,-0.08249317766434935,tv
train-1622_nsd-13247.png,-0.08250617956910257,car
train-8134_nsd-60389.png,-0.08251076563652275,bottle
train-7962_nsd-58825.png,-0.08254790405478478,clock
train-2092_nsd-15570.png,-0.0825528153093781,car
train-7982_nsd-59314.png,-0.08260718811614044,clock
train-5250_nsd-42946_chair.png,-0.08278598144227375,chair
train-6994_nsd-52347.png,-0.08285171161929313,tv
train-7149_nsd-53052.png,-0.08290462109954307,clock
train-8431_nsd-62962.png,-0.0829190407046115,cup
train-4137_nsd-33777.png,-0.08300337393522313,sink
train-4209_nsd-34504.png,-0.0830060608627665,car
train-4681_nsd-34874.png,-0.08303504182966602,car
train-1062_nsd-07459.png,-0.08305215169248675,car
train-7114_nsd-56723_tv.png,-0.08306674029514989,tv
train-0343_nsd-02864_keyboard.png,-0.08307677918980629,keyboard
train-2036_nsd-17143.png,-0.08309236494718132,clock
train-6741_nsd-55646_tv.png,-0.0831829110721243,tv
train-1875_nsd-14022_sink.png,-0.08331350879247977,sink
train-4062_nsd-33257.png,-0.08333307139994481,clock
train-7118_nsd-53052.png,-0.08336909976281477,clock
train-4595_nsd-37192_chair.png,-0.08339526915718262,chair
train-6880_nsd-50649_clock.png,-0.08343906314333474,clock
train-2864_nsd-21293.png,-0.0834425264619642,car
train-6224_nsd-51484.png,-0.08347822391805712,clock
train-6854_nsd-51062_laptop.png,-0.08358135816769874,laptop
train-3136_nsd-23968.png,-0.08359800734189364,stop sign
train-0692_nsd-05516_oven.png,-0.08361774466056575,oven
train-6295_nsd-46683_tv.png,-0.08362801686911288,tv
train-3128_nsd-23079.png,-0.08362965763695564,laptop
train-8453_nsd-62575.png,-0.08365042475634533,clock
train-5592_nsd-45088_oven.png,-0.08370176854326034,oven
train-2042_nsd-17252_clock.png,-0.08370672463141668,clock
train-1924_nsd-15613.png,-0.0837342624468806,car
train-3899_nsd-31957_clock.png,-0.08381392107014939,clock
train-4463_nsd-36708.png,-0.08382030355865694,clock
train-4690_nsd-34702.png,-0.08394577290451614,clock
train-6375_nsd-52841.png,-0.08396353488028854,tv
train-8233_nsd-60867.png,-0.0840113297711213,car
train-7813_nsd-62746_tv.png,-0.08408217079846582,tv
train-5602_nsd-41566_tv.png,-0.08414120068277958,tv
train-7607_nsd-56614.png,-0.08418476833096834,clock
train-8981_nsd-72225_tv.png,-0.08419011274650215,tv
train-2503_nsd-20447_bottle.png,-0.08423289696302724,bottle
train-9434_nsd-70075.png,-0.08426741773186668,chair
train-3916_nsd-31763_chair.png,-0.08426800637518729,chair
train-2227_nsd-16676_oven.png,-0.08427384019107798,oven
train-0709_nsd-05374.png,-0.08427785168970958,car
train-8995_nsd-66489_chair.png,-0.08428585106284638,chair
train-4176_nsd-34409.png,-0.08431102937084602,car
train-1867_nsd-15116_stop sign.png,-0.08441956191864998,stop sign
train-4213_nsd-31140_car.png,-0.08447895908220335,car
train-4473_nsd-36291.png,-0.08452460247498648,car
train-9008_nsd-66697.png,-0.08472502215509177,tv
train-6759_nsd-50429.png,-0.08472934491172358,bottle
train-7607_nsd-56552_tv.png,-0.0847430269350012,tv
train-2306_nsd-18588_bottle.png,-0.08483276776198706,bottle
train-5023_nsd-41566_tv.png,-0.08483449438037204,tv
train-0080_nsd-00649_chair.png,-0.08488236364608522,chair
train-7863_nsd-63108.png,-0.08492009379984028,bottle
train-6929_nsd-51653_oven.png,-0.08498884191322335,oven
train-2081_nsd-16946_laptop.png,-0.08515551848874175,laptop
train-0640_nsd-05135.png,-0.08516483426217547,stop sign
train-4475_nsd-33209.png,-0.0851768566143797,fork
train-2948_nsd-24487_sink.png,-0.08520370643983655,sink
train-3258_nsd-26583_car.png,-0.08521583175652667,car
test-0011_nsd-02160.png,-0.08527864738210891,clock
train-5150_nsd-38470.png,-0.08532704175947119,laptop
train-2156_nsd-17543_bottle.png,-0.0853660585382015,bottle
train-8388_nsd-67426_laptop.png,-0.08545933122299063,laptop
train-3074_nsd-22782.png,-0.0855856740946778,clock
train-8694_nsd-64666.png,-0.0855892664126159,sink
train-7382_nsd-54969.png,-0.0855898525547137,tv
train-7607_nsd-56751_tv.png,-0.08559126323216111,tv
train-5247_nsd-39021.png,-0.0856038435597933,car
train-5403_nsd-44172_cup.png,-0.08561569490417428,cup
train-7094_nsd-53032.png,-0.08581990303410114,tv
train-1209_nsd-10207.png,-0.08588716478746565,laptop
train-0179_nsd-01529.png,-0.08588964651957365,clock
train-1837_nsd-14943.png,-0.08592733227457927,clock
train-5033_nsd-37689.png,-0.08599528816097717,microwave
train-3700_nsd-30028_oven.png,-0.08613478368032124,oven
train-3837_nsd-28391.png,-0.0861571411918353,oven
train-2775_nsd-20634.png,-0.08620412178516698,fork
train-1696_nsd-13075.png,-0.08622942876023926,fork
train-1794_nsd-13841.png,-0.08635356264607225,car
train-4481_nsd-33555_tv.png,-0.08642618347182261,tv
train-1422_nsd-10727_chair.png,-0.08645560561389436,chair
train-5753_nsd-46314_cup.png,-0.08649230245962278,cup
train-6840_nsd-50972.png,-0.08650108665421528,car
train-5975_nsd-48512.png,-0.08652231533352478,sink
train-5540_nsd-45280_chair.png,-0.08655638052600846,chair
train-7806_nsd-57871_keyboard.png,-0.08658451387097055,keyboard
train-0523_nsd-04436.png,-0.08660689906337558,cup
train-1114_nsd-09488.png,-0.08670357832844998,clock
train-3373_nsd-25138.png,-0.08676782267579215,clock
train-7267_nsd-60186.png,-0.08679426357130225,chair
train-7437_nsd-61640_tv.png,-0.08680346848369998,tv
train-7507_nsd-60186.png,-0.08682921230909553,chair
train-2322_nsd-18688.png,-0.08683573346233237,car
train-3698_nsd-27310.png,-0.08683836029081986,tv
train-6413_nsd-47540.png,-0.08693991380102367,sink
train-2252_nsd-19115.png,-0.0869722100693232,chair
train-9475_nsd-70066.png,-0.0871366200736061,chair
train-3632_nsd-29876.png,-0.08715794533840807,laptop
train-3333_nsd-27326.png,-0.08744542890563693,car
train-2361_nsd-17207.png,-0.08746846956168808,clock
test-0096_nsd-23922_sink.png,-0.08750445973025855,sink
train-3705_nsd-30387.png,-0.08761334792558241,car
train-3559_nsd-29098.png,-0.08762592867537373,tv
train-1795_nsd-13842.png,-0.08763258155420574,oven
train-8793_nsd-70614_chair.png,-0.08764067253248263,chair
train-8122_nsd-60190.png,-0.08768723411554372,car
train-5174_nsd-41738.png,-0.08777463272968591,cup
train-0217_nsd-01878_laptop.png,-0.08779347298365645,laptop
train-9301_nsd-68815.png,-0.08784969610914159,microwave
train-2708_nsd-20205_bottle.png,-0.08802033992979766,bottle
train-1363_nsd-11028_oven.png,-0.08803779729621461,oven
train-0328_nsd-02778_sink.png,-0.08823248693241699,sink
train-1187_nsd-08312.png,-0.08823974832155339,chair
train-2894_nsd-22310_microwave.png,-0.08826246541433393,microwave
train-2133_nsd-17816_bottle.png,-0.08826812276807079,bottle
train-2714_nsd-20023_oven.png,-0.08828147914861724,oven
train-0415_nsd-03502.png,-0.0883130006771059,chair
train-6731_nsd-55554_tv.png,-0.08834694729346912,tv
train-6022_nsd-49682.png,-0.08840777634361528,chair
train-0967_nsd-07871_oven.png,-0.08842507938865221,oven
train-1132_nsd-08394.png,-0.08844860992738043,oven
train-0930_nsd-08284.png,-0.08848494052720642,chair
train-3555_nsd-28780_tv.png,-0.08852323307709425,tv
train-2887_nsd-21430.png,-0.08854485678065081,laptop
train-7888_nsd-63367_chair.png,-0.08857489626401563,chair
train-8477_nsd-63285.png,-0.08858259175078628,chair
train-2664_nsd-21791_keyboard.png,-0.08869800360814512,keyboard
train-8680_nsd-69839.png,-0.08872220707978362,microwave
test-0054_nsd-27653.png,-0.08885016072166613,laptop
train-4285_nsd-32232.png,-0.08894619335301385,chair
train-1737_nsd-14615_chair.png,-0.0889945104633747,chair
train-8855_nsd-65737_chair.png,-0.08910038205892207,chair
train-1713_nsd-12879_cup.png,-0.08919612270758885,cup
train-7769_nsd-64399_microwave.png,-0.08920145012632158,microwave
train-9122_nsd-67427_chair.png,-0.08935799984054991,chair
train-1306_nsd-10557_bottle.png,-0.08938080351231027,bottle
train-1483_nsd-12540_laptop.png,-0.08944035305737708,laptop
train-5736_nsd-42373.png,-0.08945652040687703,car
train-2626_nsd-22053.png,-0.08950452987310287,car
train-4372_nsd-32432.png,-0.08953042002450794,chair
train-2505_nsd-19350.png,-0.0895517554146641,cup
train-2258_nsd-16405_oven.png,-0.08958387791033741,oven
train-9028_nsd-66787_chair.png,-0.0895910116936029,chair
train-3686_nsd-27280.png,-0.08967630480711579,car
train-5649_nsd-42218.png,-0.08970868529331909,fork
train-4569_nsd-37625.png,-0.08981506279606047,chair
train-6182_nsd-50093_car.png,-0.09003670517170925,car
train-2453_nsd-20043_bottle.png,-0.09008194564163197,bottle
train-2215_nsd-17066.png,-0.09015647697608772,tv
train-5487_nsd-40879.png,-0.0901997135262339,car
train-6490_nsd-47882_laptop.png,-0.09021540828007503,laptop
train-4921_nsd-40642.png,-0.09023117990996854,stop sign
train-7901_nsd-58710_laptop.png,-0.09033398333133748,laptop
train-1154_nsd-09808_laptop.png,-0.09043232121861544,laptop
train-3879_nsd-31806.png,-0.09051232736296914,mouse
train-4411_nsd-36236_chair.png,-0.09065159172286572,chair
train-0244_nsd-02026_chair.png,-0.09073990811582748,chair
train-8241_nsd-61122.png,-0.0907809260267994,car
train-8129_nsd-60237_laptop.png,-0.09095759220605833,laptop
train-6965_nsd-57874.png,-0.0910476624216059,cup
test-0148_nsd-65163_tv.png,-0.0910569693617175,tv
train-3183_nsd-24245.png,-0.09110668693989672,chair
train-3793_nsd-28585.png,-0.09135694011243278,chair
train-2260_nsd-16422.png,-0.09141834377461465,car
train-0857_nsd-06994_keyboard.png,-0.09146036276604856,keyboard
train-1528_nsd-12903.png,-0.09148297949771803,sink
train-0843_nsd-06555.png,-0.09149054561446406,laptop
train-7458_nsd-62084_chair.png,-0.09155186463010181,chair
train-8684_nsd-64324_chair.png,-0.09160586293394375,chair
train-0128_nsd-01081_tv.png,-0.09168751458699631,tv
train-1956_nsd-14794_keyboard.png,-0.09169923587652935,keyboard
train-9160_nsd-67821.png,-0.09171622972687768,oven
test-0082_nsd-43737_car.png,-0.09178628967535157,car
train-5189_nsd-42717_potted plant.png,-0.09179411434767518,potted plant
train-2950_nsd-21874_chair.png,-0.09195219643879549,chair
train-0837_nsd-06236_tv.png,-0.09199498374480518,tv
train-2551_nsd-20530.png,-0.09212901533373088,tv
train-8035_nsd-60008_chair.png,-0.09215019372382147,chair
train-2447_nsd-18894_car.png,-0.09221929227138674,car
train-6408_nsd-47581.png,-0.09232454178795686,cup
train-2904_nsd-24084_oven.png,-0.09236483290106003,oven
train-8056_nsd-60186.png,-0.09244684646465691,chair
train-2241_nsd-18146_oven.png,-0.09252612766302246,oven
train-4290_nsd-35242.png,-0.09253247161051302,laptop
train-4044_nsd-33157.png,-0.09255226997223752,chair
train-5740_nsd-42956_car.png,-0.09257805377338216,car
train-7531_nsd-60441.png,-0.09260779533609224,chair
train-3556_nsd-29223.png,-0.09264778235866818,tv
train-7485_nsd-55364_microwave.png,-0.0926560816762296,microwave
train-6845_nsd-51006_chair.png,-0.09268517944176594,chair
train-3167_nsd-25958.png,-0.09274083255640983,tv
train-6388_nsd-51062_chair.png,-0.09274424655451419,chair
train-1613_nsd-13585.png,-0.092806063625797,car
train-5799_nsd-47754_chair.png,-0.09287928568531038,chair
train-7439_nsd-59585_keyboard.png,-0.09295312032342737,keyboard
train-4816_nsd-35899.png,-0.09295505321766953,tv
train-7222_nsd-54025.png,-0.09307210603472972,car
test-0238_nsd-45378_mouse.png,-0.09319246237544024,mouse
train-5710_nsd-46532.png,-0.09324194185833824,potted plant
train-0712_nsd-06594_microwave.png,-0.09330605977594036,microwave
train-1161_nsd-10022.png,-0.0933595039927359,tv
train-2245_nsd-18243.png,-0.09337321927432686,potted plant
train-5213_nsd-42935.png,-0.09340621570499821,car
train-6910_nsd-57026.png,-0.09341628375713898,chair
train-7766_nsd-57702.png,-0.0934375319540924,tv
train-4204_nsd-34598.png,-0.09353916077141931,car
train-6527_nsd-48117_chair.png,-0.09356700465802265,chair
train-8830_nsd-65421_chair.png,-0.09359553650141672,chair
train-7858_nsd-58267.png,-0.09364737787596981,car
train-1529_nsd-11726_cup.png,-0.0939397671822496,cup
train-3454_nsd-28018.png,-0.0939939739445418,fork
train-5620_nsd-41993.png,-0.09419108740825254,car
train-0471_nsd-03363_cup.png,-0.09421570373296859,cup
train-2434_nsd-18168_tv.png,-0.0942523285181778,tv
train-6466_nsd-48114_chair.png,-0.09431817358192798,chair
train-3080_nsd-25287.png,-0.09432835928349273,microwave
train-5724_nsd-47290_chair.png,-0.09433587984612907,chair
train-3603_nsd-29617.png,-0.09437857899216265,car
train-8450_nsd-70226.png,-0.09448724185497116,chair
train-6617_nsd-54741.png,-0.09455928738735771,chair
train-4135_nsd-30599_oven.png,-0.09470638760051914,oven
train-6088_nsd-45595_bottle.png,-0.09475942133071731,bottle
train-0728_nsd-06295_oven.png,-0.09478726373878821,oven
train-3590_nsd-29456_potted plant.png,-0.09483451719248234,potted plant
train-0476_nsd-03866_chair.png,-0.09486765085351005,chair
train-8435_nsd-62605_oven.png,-0.09495583642671591,oven
train-1254_nsd-10107_chair.png,-0.09503582677973402,chair
train-5913_nsd-43848.png,-0.09509807601091885,toilet
train-1369_nsd-10382_tv.png,-0.09521089329942277,tv
train-4570_nsd-37627.png,-0.09521241807177296,potted plant
test-0200_nsd-47737.png,-0.09524647210703692,chair
train-3344_nsd-27376.png,-0.09524908423867601,car
train-0742_nsd-05868_microwave.png,-0.09531928037176166,microwave
train-8436_nsd-62428.png,-0.09536358300534876,toilet
train-3526_nsd-26127_tv.png,-0.09543871253915955,tv
train-0317_nsd-02677.png,-0.09552147622042688,fork
test-0354_nsd-63867.png,-0.09553151564222101,chair
train-1550_nsd-13101.png,-0.09556436396091976,chair
train-0614_nsd-04846_tv.png,-0.0955814591925886,tv
train-4619_nsd-38105_chair.png,-0.09565724028913355,chair
train-6111_nsd-50523_chair.png,-0.09567722409262544,chair
train-4921_nsd-39798.png,-0.09570796503651892,car
train-5654_nsd-42224_bottle.png,-0.09591937977866972,bottle
train-5283_nsd-39322.png,-0.09592870972399388,car
train-3244_nsd-26533.png,-0.09601907518560941,car
train-3690_nsd-27931.png,-0.0961356737692502,chair
train-0483_nsd-04045.png,-0.09615821725638088,cup
train-6238_nsd-46535_chair.png,-0.09618918373573708,chair
test-0234_nsd-44914.png,-0.0961965586649936,tv
train-4975_nsd-41089.png,-0.0962312322213405,car
train-6075_nsd-50160.png,-0.09628429061713482,laptop
train-4507_nsd-36553_sink.png,-0.09632824047270605,sink
train-0206_nsd-01973.png,-0.09671954164564717,car
train-5977_nsd-49366.png,-0.09685109276747834,fork
train-3937_nsd-32207_chair.png,-0.09688072095841084,chair
train-8345_nsd-61837_laptop.png,-0.09690143710895249,laptop
train-5001_nsd-37337_chair.png,-0.0969099324900823,chair
train-5795_nsd-43046.png,-0.09702692179743325,keyboard
train-8026_nsd-66546_chair.png,-0.09705439376437985,chair
train-8765_nsd-70435.png,-0.09706067126607917,tv
train-5567_nsd-41568_laptop.png,-0.09707332131989313,laptop
train-6766_nsd-53897.png,-0.09709271590506934,chair
train-7280_nsd-58404_keyboard.png,-0.09709960418080141,keyboard
train-8652_nsd-71937.png,-0.09711968186872848,fork
train-7836_nsd-58518.png,-0.09712013315553762,chair
train-6585_nsd-53230.png,-0.0971485612404362,car
train-1361_nsd-10900.png,-0.09717684717842363,car
train-5649_nsd-42186.png,-0.09718172724913562,chair
train-8405_nsd-62319.png,-0.09724184830447656,car
train-7589_nsd-60930_oven.png,-0.09744608214750641,oven
train-3692_nsd-30200.png,-0.09745901157469329,potted plant
train-5782_nsd-43228_chair.png,-0.09763707830997298,chair
train-5559_nsd-45838_chair.png,-0.0977291630635062,chair
train-3467_nsd-28524_car.png,-0.09784204265454731,car
train-4409_nsd-36371_microwave.png,-0.09787427817484932,microwave
train-5225_nsd-38814.png,-0.09790448963995999,car
train-3885_nsd-31736.png,-0.09796670934716943,toilet
train-2306_nsd-17799.png,-0.0979791614646816,microwave
train-4705_nsd-35063_laptop.png,-0.09806143938111438,laptop
train-5138_nsd-38063_chair.png,-0.09811698404997589,chair
train-6249_nsd-46457.png,-0.09814615465635579,chair
train-2846_nsd-23075.png,-0.0982246423402278,car
train-0761_nsd-05270_car.png,-0.09829810007842313,car
train-5190_nsd-38390.png,-0.09831083802826891,clock
train-0924_nsd-08262.png,-0.09843974745670983,fork
train-8207_nsd-60867.png,-0.09846812057158567,car
train-2581_nsd-19313.png,-0.09847474308621967,car
train-0453_nsd-03715.png,-0.09848681357226183,potted plant
train-0603_nsd-04227_chair.png,-0.09850937290533186,chair
train-0245_nsd-02019.png,-0.09855264162890212,toilet
train-1996_nsd-14914_bottle.png,-0.09874505165899225,bottle
train-4167_nsd-34159_laptop.png,-0.09876412279468857,laptop
train-4894_nsd-36368.png,-0.09880454139912463,chair
train-4589_nsd-33886.png,-0.09884365491127337,tv
train-4779_nsd-35462.png,-0.09887921606339031,chair
train-3248_nsd-26551_chair.png,-0.09889027462475945,chair
train-6806_nsd-50658.png,-0.09904341720408945,car
train-0857_nsd-06994_tv.png,-0.09916768619091026,tv
train-0201_nsd-01594.png,-0.09922456277021256,potted plant
train-4474_nsd-33508_chair.png,-0.09922716700829949,chair
train-1349_nsd-10449.png,-0.09933695655046164,laptop
train-9613_nsd-71344.png,-0.09941436540198337,car
train-0971_nsd-07848.png,-0.09941753468294574,car
train-9464_nsd-70166_chair.png,-0.09942406742817861,chair
train-6506_nsd-48374.png,-0.099507455415648,clock
train-7521_nsd-60313_keyboard.png,-0.09951340923500862,keyboard
train-5091_nsd-37684.png,-0.09958427176396528,cup
train-1007_nsd-07730.png,-0.09965746855299135,car
train-2415_nsd-20124.png,-0.09998318884404402,keyboard
train-3914_nsd-29040_chair.png,-0.10009188278481215,chair
train-2780_nsd-23107.png,-0.10023069294643185,oven
train-4384_nsd-32579_chair.png,-0.10025907329577588,chair
train-4967_nsd-40155_laptop.png,-0.10029164845773372,laptop
train-9189_nsd-68058_chair.png,-0.10042927161234126,chair
train-8715_nsd-70056.png,-0.10043014446108314,car
train-7595_nsd-63397_stop sign.png,-0.10048070763420283,stop sign
train-4799_nsd-35415.png,-0.1005204432262632,stop sign
train-3881_nsd-31702.png,-0.10052751159649849,fork
train-2647_nsd-19686_car.png,-0.10071815706845037,car
train-8907_nsd-65895.png,-0.10076498465715465,car
train-0528_nsd-04265.png,-0.10076990107449091,car
train-4667_nsd-38481.png,-0.10081268559042857,stop sign
train-4225_nsd-31514.png,-0.10081926655813565,fork
train-6319_nsd-50554_chair.png,-0.10082036825459553,chair
train-3056_nsd-22746.png,-0.10086410124259299,car
train-5959_nsd-47863.png,-0.10096439739593864,chair
train-6214_nsd-46107_laptop.png,-0.1010810637326326,laptop
train-4165_nsd-33989_chair.png,-0.10109306963986926,chair
train-5223_nsd-38641_laptop.png,-0.10123404650759261,laptop
train-4932_nsd-36494_chair.png,-0.10132670105318953,chair
train-8096_nsd-60046.png,-0.10138914317538847,chair
test-0077_nsd-42317_laptop.png,-0.10149813523787364,laptop
train-1395_nsd-11091_bottle.png,-0.10151996911550229,bottle
train-7612_nsd-62983.png,-0.1015459519613515,stop sign
train-5986_nsd-44378.png,-0.10156191083413736,chair
train-0926_nsd-06482_chair.png,-0.10161381644552875,chair
train-8890_nsd-65821.png,-0.1017139723486449,fork
train-0956_nsd-07751.png,-0.10183328320314493,stop sign
train-3496_nsd-28653_oven.png,-0.10193285131262639,oven
train-8465_nsd-68074_sink.png,-0.10195824581747154,sink
train-8975_nsd-72171.png,-0.10211009799134271,car
train-2699_nsd-22394_laptop.png,-0.102132826138008,laptop
train-5765_nsd-47388_chair.png,-0.10230854870257489,chair
train-1462_nsd-11719.png,-0.10232138516795099,car
train-3236_nsd-23952_chair.png,-0.10248324338831091,chair
train-6760_nsd-50257_laptop.png,-0.10252631792332763,laptop
train-1563_nsd-11766_chair.png,-0.10265300109553312,chair
train-3374_nsd-27659_chair.png,-0.10274774224942494,chair
train-4932_nsd-40369_laptop.png,-0.10278654167058926,laptop
train-2928_nsd-24166.png,-0.10285375348907615,chair
train-7093_nsd-57106_sink.png,-0.10290158834097243,sink
train-8234_nsd-68584_cup.png,-0.10292738612461703,cup
train-4147_nsd-33685_chair.png,-0.10304590472671248,chair
train-2660_nsd-21519.png,-0.1030877315939876,car
train-6596_nsd-49234_laptop.png,-0.10315952436446504,laptop
train-9205_nsd-68293.png,-0.10320106753466178,chair
train-3526_nsd-26175_chair.png,-0.103260508435776,chair
train-8102_nsd-67135.png,-0.10328624999995198,tv
train-1157_nsd-09817.png,-0.103442683261709,laptop
train-2110_nsd-17684_bottle.png,-0.1034546633985759,bottle
train-5412_nsd-44430_bottle.png,-0.10353698861771467,bottle
train-8626_nsd-64271_chair.png,-0.1035376135447877,chair
train-1126_nsd-08667.png,-0.10367608389897284,stop sign
train-1457_nsd-10989.png,-0.1037247580420094,oven
train-1841_nsd-14968.png,-0.10372661667736531,bottle
train-7045_nsd-56751_tv.png,-0.10380592843455358,tv
train-5364_nsd-44039_oven.png,-0.1038212242801789,oven
train-5884_nsd-43371.png,-0.10384069216985187,fork
train-4504_nsd-36977.png,-0.10392790798975808,car
train-5559_nsd-45668.png,-0.10392795332008511,car
train-3485_nsd-28489_chair.png,-0.10410336765733574,chair
train-8582_nsd-63509_tv.png,-0.10425242348846382,tv
train-7453_nsd-61797.png,-0.10425789895030768,car
train-6144_nsd-49834_tv.png,-0.10451690959345022,tv
train-7594_nsd-62844_sink.png,-0.10459484838569387,sink
train-4896_nsd-36543_sink.png,-0.10460523360512904,sink
train-3661_nsd-29995_laptop.png,-0.1046604293479205,laptop
train-3763_nsd-27830_oven.png,-0.1046631195794486,oven
train-3290_nsd-24406_chair.png,-0.10468188111122899,chair
train-3208_nsd-23823_laptop.png,-0.10468913795585132,laptop
train-7627_nsd-56751_tv.png,-0.10469009053771569,tv
train-5060_nsd-41313_chair.png,-0.10485924857049851,chair
train-1745_nsd-14203_chair.png,-0.10485927056172108,chair
train-3660_nsd-27077_chair.png,-0.10488675272728416,chair
train-3218_nsd-23878.png,-0.10496348268047503,car
train-7355_nsd-54339.png,-0.10499983174192491,chair
train-4438_nsd-36420_tv.png,-0.10504898610465732,tv
train-9429_nsd-69885_bottle.png,-0.10508751239102473,bottle
train-0517_nsd-04731.png,-0.10511064824940478,car
train-5529_nsd-40935_chair.png,-0.10513537040978027,chair
train-7491_nsd-55949.png,-0.1051546570431739,cup
train-5933_nsd-43684.png,-0.1052647180717051,car
train-2353_nsd-18120_sink.png,-0.1053552964259484,sink
train-9416_nsd-69941_laptop.png,-0.10537264490618255,laptop
train-7872_nsd-63182_tv.png,-0.10545025768733904,tv
train-4812_nsd-35880.png,-0.10550691652563525,sink
train-6348_nsd-52630.png,-0.1057322478657828,cup
train-4984_nsd-40758_laptop.png,-0.1058388029984939,laptop
train-3338_nsd-24821.png,-0.10595287176032324,stop sign
train-4912_nsd-39708.png,-0.10612855285031164,laptop
train-6843_nsd-56744_tv.png,-0.10614268908672568,tv
train-8091_nsd-65140_bottle.png,-0.10626579890456847,bottle
train-5655_nsd-42260.png,-0.1063872201057907,stop sign
train-0303_nsd-02856_car.png,-0.10639139726868467,car
train-7363_nsd-55047_tv.png,-0.10646385976189594,tv
train-5953_nsd-48334_cup.png,-0.10647791361125997,cup
train-8594_nsd-63758_tv.png,-0.10660543995870143,tv
train-8075_nsd-59826.png,-0.10674917791121208,car
train-0421_nsd-03637.png,-0.10678422245964349,car
train-6205_nsd-49730_tv.png,-0.10693630287663752,tv
train-0535_nsd-04337.png,-0.10694138257520208,fork
train-2044_nsd-15430.png,-0.10694224818372944,bottle
train-1480_nsd-11869.png,-0.10698324389972358,chair
train-7105_nsd-59092_tv.png,-0.10705894095739812,tv
train-7763_nsd-64328.png,-0.10718836030555999,chair
train-1693_nsd-14384.png,-0.10720828444467798,car
train-2776_nsd-22886.png,-0.10733248635099282,car
train-8964_nsd-72108.png,-0.10741186651174028,car
train-0368_nsd-03078.png,-0.1074797476520572,car
train-7053_nsd-52824_chair.png,-0.10754526646123135,chair
train-0705_nsd-05817.png,-0.10762213501535692,car
train-2191_nsd-18600_chair.png,-0.10763236864000057,chair
train-3326_nsd-27201_laptop.png,-0.1077921513359048,laptop
train-6304_nsd-46949_bottle.png,-0.10782002781634939,bottle
train-6136_nsd-45907_tv.png,-0.10784615027225437,tv
train-5633_nsd-42085_cup.png,-0.10786936329420241,cup
train-2110_nsd-15742.png,-0.10795186750643772,car
train-0465_nsd-03993.png,-0.10798963712399548,car
train-7976_nsd-66114_chair.png,-0.10799590881524238,chair
train-3139_nsd-25750.png,-0.1080176456298051,chair
train-2488_nsd-18501.png,-0.10807317319749321,sink
train-2864_nsd-23484_car.png,-0.10814613088643932,car
train-2765_nsd-20414_oven.png,-0.10815603429143346,oven
train-1820_nsd-14849_chair.png,-0.10826033584660898,chair
train-5257_nsd-42983_tv.png,-0.10830087901777297,tv
train-2098_nsd-17691_tv.png,-0.10835165136041536,tv
train-1477_nsd-10541.png,-0.1083890356783585,car
train-2197_nsd-18641_chair.png,-0.10844653772463893,chair
train-8032_nsd-59297.png,-0.10848579495590634,fork
train-3347_nsd-27272_oven.png,-0.10848887151669587,oven
train-5273_nsd-42552_cup.png,-0.10850041321012742,cup
train-8702_nsd-64692.png,-0.10852664830427985,chair
train-0269_nsd-02109_laptop.png,-0.10857649785731092,laptop
train-4705_nsd-35131.png,-0.1086477329065603,chair
test-0134_nsd-24374_chair.png,-0.10870478394776509,chair
train-4212_nsd-34520_laptop.png,-0.10883560460397775,laptop
train-8549_nsd-63773.png,-0.10885377176799958,oven
train-6966_nsd-55664.png,-0.1088619936609872,tv
train-9426_nsd-69747_toilet.png,-0.10894786154708644,toilet
train-2526_nsd-20906.png,-0.10906389885863735,laptop
train-1160_nsd-10015_laptop.png,-0.10907764101043685,laptop
train-7077_nsd-52939.png,-0.1091373261956369,car
train-1294_nsd-09789.png,-0.10916443441069272,cup
train-1611_nsd-12355.png,-0.10918268642211063,bottle
train-4285_nsd-35173_tv.png,-0.10918867385150076,tv
train-4968_nsd-36691.png,-0.109310321591317,cup
train-9805_nsd-72667.png,-0.10932145766876727,car
train-0898_nsd-07314_cup.png,-0.10934185248413557,cup
train-5803_nsd-47264_tv.png,-0.10937407640479134,tv
train-8265_nsd-61121.png,-0.1094391745418231,potted plant
train-0870_nsd-07885_chair.png,-0.10950833512100823,chair
train-1192_nsd-09139_tv.png,-0.10954126863864629,tv
train-8318_nsd-61684_microwave.png,-0.10955578828630992,microwave
train-1553_nsd-11886_oven.png,-0.10959091192795373,oven
train-4099_nsd-33517.png,-0.10961725515638324,car
train-8149_nsd-67544_keyboard.png,-0.10964076245275532,keyboard
train-1887_nsd-14538_chair.png,-0.10967890846580992,chair
train-1856_nsd-15076_chair.png,-0.10968231853168386,chair
train-0405_nsd-03392_tv.png,-0.10995019519527979,tv
train-2447_nsd-18178.png,-0.11005204443244863,cup
train-0100_nsd-00834.png,-0.11006965780307462,car
train-1024_nsd-07156_chair.png,-0.11019270056704958,chair
train-2432_nsd-18144_tv.png,-0.11025783396400869,tv
train-5407_nsd-43623.png,-0.11032785327547863,clock
train-4509_nsd-33521_tv.png,-0.11036209793866858,tv
train-4151_nsd-33733.png,-0.11038768686133626,car
train-8253_nsd-60988_sink.png,-0.11050227455051057,sink
train-4135_nsd-30599_chair.png,-0.11054884192789967,chair
train-2083_nsd-17494.png,-0.11060156525555352,fork
train-9151_nsd-67891.png,-0.11068595882519296,car
train-0226_nsd-01902_oven.png,-0.11071252690600632,oven
train-7983_nsd-59667.png,-0.11097174106472261,tv
train-4719_nsd-38121_bottle.png,-0.1110811530570956,bottle
train-1331_nsd-11214_clock.png,-0.11124265613448867,clock
train-7384_nsd-55006_chair.png,-0.11130430817268089,chair
train-7813_nsd-65083.png,-0.11138600244787117,car
train-1088_nsd-08098.png,-0.11141169910212018,car
train-3146_nsd-23418_sink.png,-0.11144163796435472,sink
train-1558_nsd-11245_bottle.png,-0.11152460879086257,bottle
train-6463_nsd-53366.png,-0.11165550853417217,car
train-5561_nsd-41510_laptop.png,-0.11169993855588264,laptop
train-7053_nsd-56794_oven.png,-0.11170380796861325,oven
train-7510_nsd-55847.png,-0.11173321974766576,stop sign
train-2710_nsd-20272_chair.png,-0.11183671527854426,chair
train-5606_nsd-41849.png,-0.11184168631636518,car
train-4749_nsd-35060_keyboard.png,-0.11191602607050671,keyboard
test-0002_nsd-00946_car.png,-0.11193726498642931,car
train-1422_nsd-10727_tv.png,-0.11223388698928184,tv
train-1933_nsd-15669_car.png,-0.11226849075276384,car
train-0463_nsd-03759_car.png,-0.11230756227039371,car
train-1580_nsd-12753.png,-0.11232275382655804,chair
train-8508_nsd-63448.png,-0.11235653351930978,microwave
train-1013_nsd-08622.png,-0.11249503186401105,laptop
train-0205_nsd-01962_chair.png,-0.11251986409350631,chair
train-2839_nsd-23550.png,-0.11254877855672939,cup
test-0081_nsd-15060_microwave.png,-0.112584996490032,microwave
train-0233_nsd-02260_sink.png,-0.11262328538971493,sink
train-3607_nsd-26720_chair.png,-0.11262587349327467,chair
test-0096_nsd-16916_chair.png,-0.11263511935933836,chair
train-8321_nsd-61736_chair.png,-0.11263829100536281,chair
train-5813_nsd-48019.png,-0.11276221676991191,car
train-4692_nsd-35023_cup.png,-0.11276900583283987,cup
train-2481_nsd-19161_chair.png,-0.11283612969307946,chair
train-2158_nsd-17549_tv.png,-0.11284698654723845,tv
train-9230_nsd-68240.png,-0.11294118895030257,toilet
train-3483_nsd-25805.png,-0.11307372645447702,potted plant
train-7826_nsd-58444.png,-0.11332925574766263,chair
train-9112_nsd-67463_chair.png,-0.11337355426676414,chair
train-8167_nsd-65714.png,-0.11348184821215138,car
train-7863_nsd-58045.png,-0.11367823148433737,car
train-5385_nsd-44354_microwave.png,-0.11383829050999879,microwave
train-6092_nsd-49421.png,-0.11384963610433876,toilet
train-5860_nsd-43248_chair.png,-0.11385336430192215,chair
train-8636_nsd-63951_sink.png,-0.1139041359256208,sink
train-0915_nsd-07041_tv.png,-0.11405183936524252,tv
train-9029_nsd-66794.png,-0.11415558879280974,cup
train-7446_nsd-55642.png,-0.114221183778346,clock
train-2516_nsd-20557.png,-0.1142503477628643,oven
train-4838_nsd-39566.png,-0.11429008645401224,bottle
train-1550_nsd-12562.png,-0.11432320558069942,car
train-2499_nsd-20737.png,-0.1144176536014308,cup
train-3365_nsd-24797_bottle.png,-0.1144589217673251,bottle
train-3725_nsd-30225.png,-0.11460159412085646,chair
train-2523_nsd-20665.png,-0.11466970058888362,car
train-3968_nsd-29277_tv.png,-0.11475872248943471,tv
train-9374_nsd-69490.png,-0.11485415573397488,clock
train-5750_nsd-42679.png,-0.11506425006453605,car
train-8801_nsd-70879_chair.png,-0.11511302475078788,chair
train-1316_nsd-10185.png,-0.11511925997889427,cup
train-4248_nsd-31379_toilet.png,-0.11518956789729971,toilet
train-7500_nsd-60106.png,-0.11522014742856625,potted plant
train-0461_nsd-04208_chair.png,-0.1152302229687371,chair
train-8340_nsd-61833_chair.png,-0.11526298505435009,chair
train-0912_nsd-08156.png,-0.11527132514780641,oven
train-0225_nsd-01996.png,-0.11528222339867301,stop sign
train-5599_nsd-46212.png,-0.11534741243418913,potted plant
test-0142_nsd-66308.png,-0.11546216820766231,bottle
train-2919_nsd-22497.png,-0.11550794911051676,microwave
train-3449_nsd-26154_car.png,-0.11554438472945751,car
train-0746_nsd-06042_tv.png,-0.11558948939703499,tv
train-7337_nsd-54206.png,-0.11573774277908648,bottle
train-0592_nsd-04981_microwave.png,-0.11578273619803486,microwave
train-8089_nsd-65156_laptop.png,-0.11584624340666348,laptop
train-2878_nsd-23934_tv.png,-0.11590759488029502,tv
train-5788_nsd-42985.png,-0.11598239634991375,car
train-6812_nsd-50779_keyboard.png,-0.11608353043783101,keyboard
test-0027_nsd-07421_oven.png,-0.11639273751337392,oven
train-9031_nsd-66964_car.png,-0.11640207396677835,car
train-3549_nsd-29016.png,-0.11655578748209704,car
test-0386_nsd-71133.png,-0.11657546579659173,fork
train-4138_nsd-33936_clock.png,-0.11664031202548732,clock
train-9632_nsd-71270.png,-0.11668070819900893,car
train-4621_nsd-34237_bottle.png,-0.11675829593126032,bottle
train-7268_nsd-58278.png,-0.11682182087729968,car
train-0595_nsd-05018.png,-0.11689600733339905,car
train-2364_nsd-19187.png,-0.11690971199876207,car
train-6727_nsd-55790_chair.png,-0.11701040909687122,chair
train-6914_nsd-50911_toilet.png,-0.11711887733519129,toilet
train-2038_nsd-15652.png,-0.11718147629832634,fork
train-8480_nsd-63297_chair.png,-0.11730601880704919,chair
train-7071_nsd-58809_laptop.png,-0.11730643876415879,laptop
train-8762_nsd-72897_car.png,-0.11746729830840608,car
train-0303_nsd-02501_toilet.png,-0.11747955558757694,toilet
train-2781_nsd-22925_chair.png,-0.11749972122765809,chair
train-0748_nsd-05904_potted plant.png,-0.11752312497317413,potted plant
train-8776_nsd-70525.png,-0.11753788270314287,car
train-7310_nsd-54008.png,-0.1175589733136813,potted plant
train-7143_nsd-59267_laptop.png,-0.11758239276695395,laptop
train-1349_nsd-09567.png,-0.11762317053663729,potted plant
train-5617_nsd-45285_chair.png,-0.1177155311545305,chair
train-6665_nsd-49074.png,-0.11782506233705911,cup
train-5427_nsd-44335.png,-0.11784886727776815,clock
train-4408_nsd-36329_tv.png,-0.117938746875794,tv
train-7148_nsd-53260_laptop.png,-0.11802936307410794,laptop
train-3752_nsd-30463.png,-0.11803002769617223,car
train-5697_nsd-47056.png,-0.11828757650698571,clock
train-4306_nsd-34960_sink.png,-0.11832396087786992,sink
train-0935_nsd-06979.png,-0.11833991575078918,car
train-7153_nsd-53083.png,-0.11834342695792154,car
train-6038_nsd-49815_chair.png,-0.11842738619365488,chair
train-8642_nsd-64020.png,-0.11843694037715521,clock
train-1864_nsd-13332_chair.png,-0.11846797267312942,chair
train-6834_nsd-56467_stop sign.png,-0.11849840807504723,stop sign
train-1177_nsd-08733_toilet.png,-0.11851403934724042,toilet
train-8055_nsd-60174_laptop.png,-0.11863081671258796,laptop
train-1823_nsd-15330.png,-0.11872236152854158,potted plant
train-0039_nsd-00316.png,-0.118837693292962,car
train-0073_nsd-00575_laptop.png,-0.11884336806113395,laptop
train-3637_nsd-29893.png,-0.11891468864027596,potted plant
train-6315_nsd-50534.png,-0.11896935656928893,chair
train-8321_nsd-69244_stop sign.png,-0.11899858172246353,stop sign
train-3926_nsd-32219.png,-0.11904124426349277,car
train-8106_nsd-65232_tv.png,-0.1192306998589648,tv
train-8209_nsd-60917_chair.png,-0.11933700296627238,chair
train-1732_nsd-14649_sink.png,-0.11937138243895014,sink
train-5665_nsd-41883.png,-0.11941639124246768,clock
train-6929_nsd-51581.png,-0.1194496341514133,tv
train-2930_nsd-24323.png,-0.11957826098341703,bottle
train-7739_nsd-64085_laptop.png,-0.11965913615665207,laptop
train-8348_nsd-61844_oven.png,-0.11966764457102516,oven
train-5309_nsd-39404.png,-0.1197217932918958,stop sign
train-3768_nsd-30875.png,-0.11975798416395038,chair
train-4880_nsd-36460.png,-0.11979995661612385,clock
train-1240_nsd-08670_bottle.png,-0.11992202334517144,bottle
train-1595_nsd-13409.png,-0.11995204503398108,car
train-7375_nsd-59178.png,-0.11997669489532281,bottle
train-1140_nsd-08776_car.png,-0.1200546032265727,car
train-3384_nsd-25140_chair.png,-0.12017176331936376,chair
train-9047_nsd-67043.png,-0.12022862466578851,clock
train-1467_nsd-11796.png,-0.12026135884214008,potted plant
train-3023_nsd-22449.png,-0.12026156440849163,car
train-2164_nsd-18025.png,-0.12027466978511432,chair
train-0854_nsd-06933.png,-0.12030221987571219,potted plant
train-7911_nsd-63524.png,-0.12033107542050041,cup
train-6937_nsd-51090.png,-0.12065915172465003,car
train-1582_nsd-11893.png,-0.12068641355753057,clock
train-6014_nsd-48821.png,-0.12093487363009885,clock
train-0582_nsd-04524_tv.png,-0.12094613905340983,tv
train-8773_nsd-64986.png,-0.12098483655344128,car
train-5006_nsd-37425.png,-0.12100374913779435,car
train-5516_nsd-45469.png,-0.12141814197867126,car
train-1527_nsd-12351.png,-0.12143717178469232,chair
train-6144_nsd-45950_oven.png,-0.1214582722354517,oven
train-5833_nsd-46904.png,-0.12151392746460411,fork
train-8390_nsd-62153.png,-0.12156310454640722,car
train-3494_nsd-28642.png,-0.12170801522652525,clock
train-3754_nsd-27768_laptop.png,-0.1217561975883395,laptop
train-6817_nsd-56534.png,-0.12185381054468453,chair
train-5868_nsd-48507_sink.png,-0.12195003192629839,sink
train-4855_nsd-39721.png,-0.12199270216527579,clock
train-4974_nsd-36904_stop sign.png,-0.12206854071671817,stop sign
train-6177_nsd-45880_cup.png,-0.12209583666514752,cup
train-5423_nsd-44608_laptop.png,-0.12225579339542911,laptop
test-0089_nsd-45650.png,-0.12242830536995794,clock
train-1422_nsd-11985_tv.png,-0.1224587864902167,tv
train-1662_nsd-12774.png,-0.12246390457948561,car
train-3391_nsd-25287.png,-0.12252689051600728,microwave
train-3870_nsd-28689_clock.png,-0.1225534098376515,clock
train-6085_nsd-45217_oven.png,-0.12256503396228145,oven
train-1390_nsd-11079.png,-0.12260108705445495,car
train-3123_nsd-23042.png,-0.12262560420062309,chair
train-9566_nsd-70956_sink.png,-0.1226982938709691,sink
train-5564_nsd-41543_oven.png,-0.12272152084324887,oven
train-7405_nsd-59409.png,-0.12276263767239758,car
train-5762_nsd-46377_chair.png,-0.12280383851856064,chair
train-2380_nsd-19139.png,-0.12297438609651103,car
train-5072_nsd-41936_oven.png,-0.12299698966374585,oven
train-2264_nsd-16437_clock.png,-0.12304999102027991,clock
train-5516_nsd-45072.png,-0.123091152947426,fork
train-0193_nsd-01659_laptop.png,-0.12328717983797313,laptop
test-0120_nsd-31218.png,-0.12340735218655093,bottle
train-4273_nsd-34751.png,-0.12350381220110862,bottle
train-1654_nsd-13981.png,-0.12377900146651948,sink
train-0190_nsd-01583.png,-0.12384002762541542,laptop
train-8785_nsd-65207_bottle.png,-0.12391331167087727,bottle
train-6178_nsd-45886.png,-0.12394397030080632,laptop
train-3610_nsd-29647_laptop.png,-0.12404166551252196,laptop
train-4422_nsd-33188_chair.png,-0.12416680718622389,chair
train-7904_nsd-65574.png,-0.12425142697406026,car
train-5672_nsd-42108.png,-0.124269949984086,oven
train-5691_nsd-42576_laptop.png,-0.1244538522465563,laptop
train-4786_nsd-38646.png,-0.12461258779801396,cup
train-5238_nsd-42316.png,-0.12464502865163603,cup
train-2766_nsd-21405.png,-0.12464906093814025,chair
train-5797_nsd-42806.png,-0.12473613481116808,potted plant
train-1196_nsd-09151_bottle.png,-0.12477506313975426,bottle
train-7601_nsd-56233_sink.png,-0.12478852366601101,sink
train-5732_nsd-42301.png,-0.12479042699375255,car
train-8400_nsd-67595_chair.png,-0.12484768490817878,chair
train-1486_nsd-11298_clock.png,-0.12487091261321175,clock
train-0959_nsd-07335_keyboard.png,-0.12495570498897694,keyboard
train-9650_nsd-71595_tv.png,-0.12500682746072805,tv
train-2893_nsd-22303_oven.png,-0.1250883381684422,oven
train-7918_nsd-63694_sink.png,-0.12513341947164963,sink
train-3104_nsd-22922_sink.png,-0.12519197426097334,sink
train-1486_nsd-12564_keyboard.png,-0.12527622537266822,keyboard
train-1173_nsd-08973.png,-0.12528990571574078,car
train-6619_nsd-49426_sink.png,-0.12530797548246275,sink
train-0020_nsd-00151.png,-0.12531437896391495,keyboard
train-2991_nsd-24655.png,-0.1253419001525067,car
train-2805_nsd-21670_laptop.png,-0.12534277296290142,laptop
train-3178_nsd-23628_laptop.png,-0.12537272724584467,laptop
train-6114_nsd-48914.png,-0.12545240334866528,sink
train-9841_nsd-72998_tv.png,-0.12546819884555832,tv
train-4248_nsd-31379_sink.png,-0.12565242846953525,sink
train-9233_nsd-68618_chair.png,-0.1259228907969254,chair
train-8205_nsd-60785.png,-0.12592560306094128,bottle
train-1830_nsd-15406_car.png,-0.12617667491489462,car
train-5758_nsd-42764.png,-0.1262904138383156,chair
train-0874_nsd-06172.png,-0.12630446212372892,car
test-0057_nsd-30194_cup.png,-0.12631050976599606,cup
train-7972_nsd-59604_tv.png,-0.1263283525856855,tv
train-2502_nsd-20444.png,-0.12633907081311135,tv
train-7602_nsd-56723_tv.png,-0.12638409078481178,tv
train-1973_nsd-16019.png,-0.12644912012168583,bottle
train-1395_nsd-10739_cup.png,-0.12646029456842292,cup
train-4555_nsd-37438.png,-0.12649656587683145,car
train-5209_nsd-42587.png,-0.12654998295492492,oven
train-2506_nsd-18305_chair.png,-0.1266995939144114,chair
train-6814_nsd-56306.png,-0.12676884919693523,car
train-2527_nsd-20907.png,-0.12688237730610757,tv
train-0569_nsd-04784.png,-0.1270018376883837,car
train-9236_nsd-68383_bottle.png,-0.12702034346373395,bottle
train-6970_nsd-51937_cup.png,-0.12723958946738712,cup
train-4447_nsd-36682.png,-0.12724386544387567,car
train-8910_nsd-65912_oven.png,-0.12730030359559252,oven
train-6854_nsd-56850.png,-0.12736156014480396,car
train-7899_nsd-58342_potted plant.png,-0.12739911673221307,potted plant
train-6656_nsd-49537.png,-0.12745874438212676,car
test-0082_nsd-21061.png,-0.12746809302113862,fork
train-5271_nsd-43099_tv.png,-0.12748068899430584,tv
train-6169_nsd-45868_tv.png,-0.12752045646951526,tv
train-9004_nsd-66685_chair.png,-0.12764219665029156,chair
train-2415_nsd-18590_bottle.png,-0.12770050104554248,bottle
train-8773_nsd-70667_bottle.png,-0.12777706629062477,bottle
train-2729_nsd-21107.png,-0.12783628058308544,laptop
train-5153_nsd-41566_tv.png,-0.1279385070982521,tv
train-2349_nsd-17490_oven.png,-0.12799822609096803,oven
train-3851_nsd-31233_chair.png,-0.12800650788208562,chair
train-1150_nsd-09949.png,-0.12811364634081587,chair
train-2080_nsd-15501_laptop.png,-0.12813107576245886,laptop
train-7593_nsd-62836_chair.png,-0.12836876997798213,chair
train-1253_nsd-08772.png,-0.12838053888317866,fork
train-8792_nsd-65151.png,-0.1283964394196283,fork
train-4351_nsd-32696.png,-0.12842999908545225,car
train-5043_nsd-37573.png,-0.12847094272709755,sink
train-0170_nsd-01359_tv.png,-0.1285358106004603,tv
train-5375_nsd-43334_keyboard.png,-0.12863139920893715,keyboard
train-8492_nsd-62899.png,-0.12865165747568172,car
train-3649_nsd-29999_toilet.png,-0.128758053714446,toilet
train-2633_nsd-21521.png,-0.1287812575404485,chair
train-0785_nsd-07268.png,-0.1288628207839137,cup
train-6733_nsd-55563.png,-0.12891513814064307,toilet
train-6281_nsd-50884.png,-0.12897647454719358,car
train-8610_nsd-71603_microwave.png,-0.12909550593538682,microwave
train-7488_nsd-55763.png,-0.1291901303899168,car
train-8798_nsd-65232_tv.png,-0.12925547827142875,tv
train-1031_nsd-08400_car.png,-0.1293922732146653,car
train-0914_nsd-06825.png,-0.1294608819903103,stop sign
train-8682_nsd-64380.png,-0.12950155274392014,chair
train-4523_nsd-33521_tv.png,-0.1295651213900253,tv
train-3646_nsd-29837_tv.png,-0.12960869672151587,tv
train-3453_nsd-28297_keyboard.png,-0.12965707949793465,keyboard
train-5268_nsd-39201_car.png,-0.12974269767846253,car
train-9094_nsd-67172_bottle.png,-0.12975957234773314,bottle
train-5063_nsd-41328_bottle.png,-0.12982471265128007,bottle
train-6252_nsd-46390.png,-0.12982629638129903,chair
train-2804_nsd-23110.png,-0.12989187666369442,fork
train-4224_nsd-31243_chair.png,-0.12995110161190088,chair
train-2809_nsd-22764.png,-0.12995118775313036,sink
train-8698_nsd-72343.png,-0.12997132757858962,fork
train-4105_nsd-33611_car.png,-0.12999645705668533,car
train-3927_nsd-29163.png,-0.13000649789027324,fork
train-7610_nsd-63567.png,-0.13006356174504566,chair
train-3589_nsd-26612_tv.png,-0.1300755961628578,tv
train-8305_nsd-61975_tv.png,-0.13024527171898076,tv
train-3153_nsd-23302.png,-0.13028408798105914,car
train-0327_nsd-02890.png,-0.13034793519209453,car
train-1778_nsd-14967.png,-0.13035649965964924,cup
train-9122_nsd-67427_potted plant.png,-0.13045169400476958,potted plant
train-0645_nsd-05165.png,-0.13047731211192237,car
train-0167_nsd-01379.png,-0.13051543744239058,car
train-3720_nsd-28138.png,-0.13053944900620104,tv
train-2883_nsd-23785.png,-0.13059690797510062,car
train-2420_nsd-20577.png,-0.1306462117721167,chair
train-2689_nsd-20073_tv.png,-0.13071676326384343,tv
train-3315_nsd-27160_tv.png,-0.1307494495062919,tv
train-3488_nsd-25890_laptop.png,-0.13090216750803488,laptop
train-6314_nsd-46922.png,-0.13101374276660896,car
train-4511_nsd-33435.png,-0.13114214357305487,car
train-5242_nsd-38965.png,-0.13126209531720534,car
train-7012_nsd-51647.png,-0.1313194046430641,oven
train-9422_nsd-69839.png,-0.13137545026262415,microwave
train-8789_nsd-65308.png,-0.1314206828360457,bottle
train-2935_nsd-23874_tv.png,-0.13143128581544086,tv
test-0360_nsd-66814_car.png,-0.13157057831880206,car
train-2599_nsd-21514.png,-0.13178437745074306,tv
train-7249_nsd-57929.png,-0.13185278987747895,car
train-8450_nsd-70260_microwave.png,-0.13192078193694445,microwave
train-3143_nsd-25848.png,-0.13204679107542033,chair
train-9612_nsd-71175.png,-0.13206718263552214,microwave
train-5483_nsd-44169_car.png,-0.13226065858719172,car
train-0978_nsd-07931.png,-0.13233175053596144,bottle
train-2052_nsd-14639_tv.png,-0.1323663699350577,tv
train-3061_nsd-22734.png,-0.13239943886019867,microwave
train-0078_nsd-00643_bottle.png,-0.13247014182431743,bottle
train-1921_nsd-16115_sink.png,-0.1324804693230538,sink
train-6552_nsd-48640.png,-0.1325691376394223,keyboard
train-0662_nsd-05693_chair.png,-0.13268284934720653,chair
train-5727_nsd-47090.png,-0.13270332751812206,car
train-4315_nsd-31974.png,-0.13273569288382228,fork
train-0566_nsd-04507.png,-0.13276236191558258,fork
train-3989_nsd-29673.png,-0.13276436680273723,chair
train-0189_nsd-01661_toilet.png,-0.1328130207613515,toilet
train-0799_nsd-05518_cup.png,-0.13289252927150094,cup
train-2382_nsd-20169.png,-0.1329238565068177,tv
train-2779_nsd-22913.png,-0.13293649210963876,car
train-7169_nsd-59747_microwave.png,-0.1329393697227983,microwave
train-0071_nsd-00611_chair.png,-0.13303245740310166,chair
train-3939_nsd-29100.png,-0.13320953450005313,bottle
train-1336_nsd-09433.png,-0.1334959329025298,fork
train-5658_nsd-41810_microwave.png,-0.1335481240407281,microwave
train-7145_nsd-59536.png,-0.13362245195614444,car
train-0827_nsd-06714_chair.png,-0.13362298072587636,chair
train-5222_nsd-39037.png,-0.1336340057158978,car
train-6601_nsd-49131.png,-0.13372714309783668,chair
train-0359_nsd-03069.png,-0.1337708821789489,chair
train-4872_nsd-36370.png,-0.13384001625038117,microwave
train-5706_nsd-45945.png,-0.1338827072282087,car
train-5164_nsd-38231_potted plant.png,-0.13408768348153963,potted plant
train-1859_nsd-14125.png,-0.13412872375278448,oven
train-1940_nsd-14654_laptop.png,-0.13416764274902307,laptop
train-8807_nsd-65356_chair.png,-0.13434337632323315,chair
train-6567_nsd-49042.png,-0.13434689988312215,potted plant
train-3224_nsd-26382.png,-0.1344584660025743,fork
train-3811_nsd-31204_tv.png,-0.13453858995247114,tv
train-8110_nsd-65293.png,-0.13465144660860534,chair
train-7990_nsd-66227.png,-0.13475261112142886,car
train-0386_nsd-03181.png,-0.13493128139123511,car
train-6841_nsd-56530.png,-0.1349822934292168,cup
train-6516_nsd-48672.png,-0.13507586680646438,clock
train-8893_nsd-65961_sink.png,-0.13511611796223033,sink
train-9640_nsd-71330_laptop.png,-0.13512967543679288,laptop
train-0398_nsd-03461.png,-0.13515536634062694,fork
train-4040_nsd-29895.png,-0.13516120802013482,stop sign
train-1554_nsd-11907.png,-0.13552206180926654,bottle
train-5690_nsd-45855.png,-0.13560938554830074,chair
train-0343_nsd-03181.png,-0.1356448409563127,car
train-4527_nsd-33679_potted plant.png,-0.1360112999144494,potted plant
train-3809_nsd-30893.png,-0.1361084934207348,bottle
train-1281_nsd-10301.png,-0.1361263034631586,car
train-4333_nsd-32048_tv.png,-0.13617750621016902,tv
train-4826_nsd-39886_chair.png,-0.13642591095834544,chair
train-5104_nsd-37795.png,-0.13645818191863776,car
train-4879_nsd-40252.png,-0.1364652924707563,potted plant
train-2323_nsd-17947.png,-0.13647498730813185,potted plant
train-7335_nsd-54191.png,-0.13651312272783803,chair
train-0218_nsd-02084_chair.png,-0.13653960563074372,chair
train-3010_nsd-23077.png,-0.13662238556044856,chair
train-1677_nsd-12907.png,-0.13671536167562381,clock
train-4507_nsd-37142_tv.png,-0.13672426901388943,tv
train-8535_nsd-68702.png,-0.13678755572979084,cup
train-6240_nsd-51626.png,-0.13684598320220362,car
train-5449_nsd-44720.png,-0.1368543985961748,car
train-5552_nsd-41248.png,-0.13697843199727736,chair
train-5257_nsd-39308.png,-0.13699086701281946,car
train-7910_nsd-59105_laptop.png,-0.13701589480250073,laptop
train-8730_nsd-72682.png,-0.13714754234502455,fork
train-1395_nsd-11796.png,-0.13719461987300757,potted plant
train-7784_nsd-57723_laptop.png,-0.13720653899886684,laptop
train-1665_nsd-12787_sink.png,-0.13731304322777668,sink
train-0069_nsd-00612.png,-0.13747442173982008,car
train-7585_nsd-60867.png,-0.13762428712072597,car
train-6783_nsd-50557_chair.png,-0.13768959881214016,chair
train-1112_nsd-08262.png,-0.1377291592628176,fork
train-5398_nsd-40111.png,-0.13772983445255,car
train-7150_nsd-59347.png,-0.13778302074207566,bottle
train-6937_nsd-51665.png,-0.13780761330906544,tv
train-7268_nsd-54029_laptop.png,-0.1378172068728574,laptop
train-2935_nsd-21738_microwave.png,-0.1378277658013244,microwave
train-7056_nsd-56822_laptop.png,-0.13786081071120013,laptop
train-3638_nsd-26962.png,-0.13791144206362566,oven
test-0018_nsd-08299.png,-0.13807926989283126,stop sign
train-7756_nsd-57350_keyboard.png,-0.13828879751208165,keyboard
train-6163_nsd-45781.png,-0.13839029039473388,clock
train-6059_nsd-44731.png,-0.13846459616605694,cup
train-7798_nsd-57944_tv.png,-0.13858950542230913,tv
train-5198_nsd-42511.png,-0.138636002077885,car
train-7016_nsd-52197.png,-0.13869960247098814,laptop
train-4871_nsd-40179.png,-0.13886931194599933,chair
train-7560_nsd-62544.png,-0.13889878902142402,fork
train-8344_nsd-61752_laptop.png,-0.13896894304200746,laptop
train-7921_nsd-65677_car.png,-0.13901130651539206,car
train-2634_nsd-21810_keyboard.png,-0.13914757554914967,keyboard
train-3191_nsd-23591.png,-0.13915189454531018,chair
train-6390_nsd-53052.png,-0.13915260246626704,clock
train-1749_nsd-14115.png,-0.13919871039865916,cup
train-7443_nsd-59686.png,-0.13927285208785095,tv
train-6984_nsd-58060.png,-0.13930589145776992,fork
train-6899_nsd-51488_laptop.png,-0.13932518534118488,laptop
train-4149_nsd-31251.png,-0.1394752310400471,car
train-7033_nsd-52326.png,-0.13948887013618808,laptop
train-5973_nsd-44442.png,-0.1396031832218739,fork
train-3211_nsd-23805_tv.png,-0.13962000135958744,tv
train-7995_nsd-59068.png,-0.13964919090164643,car
train-6445_nsd-47886.png,-0.13968954699618544,laptop
train-8416_nsd-69985_cup.png,-0.13971601302437744,cup
train-4502_nsd-36962.png,-0.13986296075010987,car
train-5085_nsd-38029.png,-0.1398821776028846,chair
train-7690_nsd-61752_laptop.png,-0.139887812202822,laptop
train-7678_nsd-57284_sink.png,-0.14005281429081026,sink
train-6068_nsd-49234_laptop.png,-0.14015025718178642,laptop
test-0154_nsd-37640.png,-0.1402444855166719,bottle
train-6341_nsd-51326_tv.png,-0.14043011705486733,tv
train-7094_nsd-52696_tv.png,-0.14044421668394255,tv
train-7882_nsd-58404_tv.png,-0.1405253485020262,tv
train-0565_nsd-04376.png,-0.14062413748401834,car
train-6265_nsd-46502_chair.png,-0.14067869363407257,chair
train-7916_nsd-58839.png,-0.14073883406038404,laptop
train-3196_nsd-26210.png,-0.1409567123894561,cup
train-2711_nsd-20935.png,-0.14099581211728734,cup
train-5557_nsd-41484.png,-0.14116383285372813,tv
train-2009_nsd-15423.png,-0.1412527938869555,bottle
train-7549_nsd-55891_chair.png,-0.14132747362788364,chair
train-3542_nsd-28689_clock.png,-0.14135570516936893,clock
train-0677_nsd-04690_bottle.png,-0.1416071036837385,bottle
train-3254_nsd-24748.png,-0.14171359756027035,clock
train-8515_nsd-63492_keyboard.png,-0.14176980919864732,keyboard
train-3253_nsd-24146.png,-0.1417774919858536,potted plant
train-4857_nsd-36245_chair.png,-0.14179303943606933,chair
train-6292_nsd-50384_tv.png,-0.14179471056826187,tv
train-4239_nsd-31300_keyboard.png,-0.1418292743622854,keyboard
train-5428_nsd-44562.png,-0.14183128107302526,oven
train-1305_nsd-10519_potted plant.png,-0.1418528268712199,potted plant
train-4247_nsd-34750.png,-0.14186204133313696,car
train-3014_nsd-22408.png,-0.14193594542647991,car
train-7117_nsd-56751_tv.png,-0.14199783088659856,tv
train-3801_nsd-28617.png,-0.14215366243647645,clock
train-7316_nsd-60867.png,-0.14218462920706162,car
train-0335_nsd-02921.png,-0.14227627825478187,car
train-4083_nsd-33521_tv.png,-0.1423013151957566,tv
train-5619_nsd-41566_tv.png,-0.142308950534901,tv
train-3883_nsd-31868_tv.png,-0.14235141540331056,tv
train-2507_nsd-21215.png,-0.14236353040318994,car
train-0332_nsd-02910_tv.png,-0.1424263718264938,tv
train-0420_nsd-03485.png,-0.14245736680465676,car
train-6624_nsd-48749.png,-0.14248687654168504,sink
train-0351_nsd-02976_chair.png,-0.1425786093712288,chair
train-5071_nsd-41736_chair.png,-0.14259636138095974,chair
train-5778_nsd-47500_car.png,-0.14266976467223225,car
train-8139_nsd-60295.png,-0.1427238922461911,chair
train-4122_nsd-33933_sink.png,-0.14276941722608177,sink
train-3354_nsd-27516_bottle.png,-0.1427814048593858,bottle
train-7918_nsd-63694_bottle.png,-0.14284579295328348,bottle
train-1613_nsd-12113.png,-0.14301316052473412,car
train-1373_nsd-11648.png,-0.14302261760059337,potted plant
train-5048_nsd-40809.png,-0.14310309413445005,cup
train-5209_nsd-38886.png,-0.14311067211948963,cup
train-1876_nsd-15804.png,-0.14319158676940014,car
train-3630_nsd-26846_keyboard.png,-0.1432190924909325,keyboard
train-4186_nsd-30952_chair.png,-0.14325663264732688,chair
train-7064_nsd-52878_chair.png,-0.14326752752570554,chair
train-2331_nsd-19815.png,-0.14332896751418525,keyboard
train-6260_nsd-51814_oven.png,-0.14334911818717364,oven
train-7219_nsd-58024.png,-0.14351081581553282,car
train-3525_nsd-28524_car.png,-0.1435413350283216,car
train-1764_nsd-13351_chair.png,-0.14392226616845205,chair
train-3206_nsd-23734.png,-0.14393479461691389,car
train-3998_nsd-32673.png,-0.14394519885689142,chair
train-2492_nsd-18191.png,-0.14399503459954283,laptop
train-3259_nsd-24141.png,-0.14401931972760212,laptop
train-4762_nsd-38984.png,-0.14404666951104855,laptop
train-4167_nsd-33905_tv.png,-0.14413647624620343,tv
train-3870_nsd-31383_laptop.png,-0.14413769085713665,laptop
train-8295_nsd-66813_car.png,-0.14420795839983877,car
train-2538_nsd-19626.png,-0.14422776788213795,car
train-3033_nsd-24787_tv.png,-0.14428461282733535,tv
train-3112_nsd-22985_laptop.png,-0.14440893196671742,laptop
train-2729_nsd-20418_laptop.png,-0.1444241462422794,laptop
train-9631_nsd-71379.png,-0.14448742513839563,bottle
train-2541_nsd-21020_chair.png,-0.1445369095063148,chair
train-2274_nsd-18403.png,-0.14455203631704228,tv
train-2717_nsd-21017_laptop.png,-0.14460062014751554,laptop
train-0404_nsd-03380.png,-0.1446472669620479,clock
train-3769_nsd-30601.png,-0.1446515465029642,car
train-4928_nsd-39898.png,-0.1446620950853457,fork
train-8373_nsd-61969_chair.png,-0.14471474333841577,chair
train-2724_nsd-21058.png,-0.1447611419456481,laptop
train-3322_nsd-24704.png,-0.14489444002182394,laptop
train-6843_nsd-56744_chair.png,-0.14490838405981551,chair
train-3247_nsd-24689.png,-0.14498623137214214,cup
train-5914_nsd-47584_chair.png,-0.14504811898810036,chair
train-7366_nsd-58968.png,-0.14511494603653421,fork
train-3177_nsd-23621.png,-0.1451571114095658,car
train-3567_nsd-29347.png,-0.14528155271065735,clock
train-2470_nsd-18391_oven.png,-0.14547226200585936,oven
train-5929_nsd-48155_chair.png,-0.14558224333103664,chair
train-5942_nsd-44367.png,-0.14560960680999294,oven
train-2809_nsd-20870_chair.png,-0.1456416435053639,chair
train-7526_nsd-56175.png,-0.14569499561814203,tv
train-4223_nsd-34371.png,-0.14571693390559565,oven
train-7030_nsd-58176.png,-0.14575395139291547,sink
train-2496_nsd-20727_oven.png,-0.14582452300850685,oven
train-1596_nsd-13448_chair.png,-0.145892326328628,chair
train-3165_nsd-25919_tv.png,-0.145905792128348,tv
train-3237_nsd-26471.png,-0.14592002581710978,laptop
train-2221_nsd-18018.png,-0.1459358316288189,laptop
train-2338_nsd-18039.png,-0.14600741921319507,laptop
train-0397_nsd-03379_chair.png,-0.1460455045111418,chair
train-2647_nsd-20382.png,-0.1460732603636436,fork
train-3579_nsd-26586_car.png,-0.14625465780007207,car
train-0844_nsd-06552_tv.png,-0.14627565029184872,tv
train-8494_nsd-63039.png,-0.14636451722801072,sink
train-0112_nsd-00952.png,-0.1463765717159579,tv
train-4153_nsd-33801.png,-0.1464080318002053,chair
train-2434_nsd-20658_sink.png,-0.14640993971711913,sink
train-7839_nsd-65347.png,-0.1464608093488955,car
train-1357_nsd-10873_laptop.png,-0.14653621790166635,laptop
train-2397_nsd-19257_cup.png,-0.14663166877127995,cup
train-3430_nsd-25477.png,-0.14663750666891795,cup
test-0085_nsd-14908.png,-0.1468246270490938,tv
train-0093_nsd-00778_toilet.png,-0.14708103075268777,toilet
train-1926_nsd-14540_laptop.png,-0.1471211161987397,laptop
train-0850_nsd-06987_laptop.png,-0.1472784594735563,laptop
train-4038_nsd-33060_sink.png,-0.14733116356381243,sink
train-4810_nsd-39738_tv.png,-0.14755275653749775,tv
train-3551_nsd-29143.png,-0.1476238334168457,oven
train-8496_nsd-68327_potted plant.png,-0.14768866828693517,potted plant
train-1599_nsd-13464_toilet.png,-0.14772071749281596,toilet
train-7554_nsd-56188_bottle.png,-0.14783432467061422,bottle
train-5803_nsd-42854_chair.png,-0.14787336545815002,chair
train-8044_nsd-64757.png,-0.14788284252861747,car
train-9177_nsd-68092.png,-0.1479142089664146,chair
train-2788_nsd-20614_sink.png,-0.1481108517729714,sink
train-6216_nsd-46388.png,-0.1481453295357904,car
train-2718_nsd-20244_laptop.png,-0.1481958202265193,laptop
train-2429_nsd-20628.png,-0.1483272371825201,oven
train-5304_nsd-39375.png,-0.14854204657580303,potted plant
train-0194_nsd-01704_laptop.png,-0.1488895912331417,laptop
test-0263_nsd-64146_laptop.png,-0.1489475171348041,laptop
train-1826_nsd-14890_chair.png,-0.14910734114742302,chair
train-6856_nsd-51126_chair.png,-0.14936717700962238,chair
train-5145_nsd-38210_tv.png,-0.1493681973991375,tv
train-7189_nsd-59585_laptop.png,-0.1496500619263721,laptop
train-2809_nsd-20759_car.png,-0.14973358166750753,car
train-8214_nsd-68124.png,-0.14977872407191312,car
train-5987_nsd-44720.png,-0.1500148000166675,car
train-0898_nsd-06952_oven.png,-0.15025781790609152,oven
train-7962_nsd-59185_bottle.png,-0.15033185697109297,bottle
train-8326_nsd-69148_chair.png,-0.15048898421804024,chair
train-5472_nsd-40793_chair.png,-0.15051475340837517,chair
train-8487_nsd-63004.png,-0.1506009988420098,chair
train-0322_nsd-03027.png,-0.150621343098926,sink
train-2944_nsd-21872_bottle.png,-0.15063287564972322,bottle
train-6899_nsd-55540.png,-0.15075032324569482,clock
train-5864_nsd-43763_chair.png,-0.1509357360493296,chair
train-1956_nsd-14794_tv.png,-0.15114795370374823,tv
train-7277_nsd-60619_microwave.png,-0.15114984697263928,microwave
train-4223_nsd-31233_chair.png,-0.15135576599549364,chair
train-0776_nsd-05375.png,-0.15143557685144085,car
train-8752_nsd-70382_microwave.png,-0.15144859382637624,microwave
train-0824_nsd-07076.png,-0.15155280642534444,clock
train-7843_nsd-58193.png,-0.15157150346130713,potted plant
train-2001_nsd-15098_car.png,-0.15162824011692252,car
train-0748_nsd-05856.png,-0.1517209964130634,bottle
train-0447_nsd-03858.png,-0.15198506577436047,stop sign
train-1789_nsd-13575.png,-0.15201645859425417,tv
train-2648_nsd-21619_chair.png,-0.15204037860823968,chair
train-0959_nsd-07335_tv.png,-0.15214106167037456,tv
train-1205_nsd-10181.png,-0.15221482777173667,cup
train-0181_nsd-01596.png,-0.1523788798169431,car
train-0263_nsd-02185.png,-0.15263781787091898,cup
train-7816_nsd-58385_microwave.png,-0.152876389369653,microwave
train-4348_nsd-35311.png,-0.15298846053659465,chair
train-1565_nsd-11783.png,-0.1529972848463015,bottle
train-0013_nsd-00090.png,-0.15302956414321695,car
train-2879_nsd-21388.png,-0.15316228659385775,toilet
train-9084_nsd-67237_cup.png,-0.15329245321619273,cup
train-1033_nsd-07768_cup.png,-0.15332637304903332,cup
train-1704_nsd-13139.png,-0.15337810264811158,car
train-0029_nsd-00214_car.png,-0.15344261105039683,car
train-5293_nsd-39392.png,-0.15346192024757951,car
train-7702_nsd-61797.png,-0.1536808493046727,car
train-4025_nsd-32908.png,-0.15368949795570702,car
train-3315_nsd-27117_microwave.png,-0.15374872939916095,microwave
train-4383_nsd-35635_clock.png,-0.15390898984131468,clock
train-1330_nsd-10785.png,-0.15413970783170822,car
train-0005_nsd-00022.png,-0.15428319872465351,car
train-0799_nsd-06518.png,-0.15431391481353537,sink
train-6468_nsd-48127_tv.png,-0.1543527118048883,tv
train-6551_nsd-48933_car.png,-0.1543546147216178,car
train-8107_nsd-60631_chair.png,-0.15441547417727014,chair
train-5885_nsd-43379.png,-0.15443940868078163,bottle
train-2122_nsd-15833_chair.png,-0.15449889616684376,chair
train-3791_nsd-28074.png,-0.1545324723016841,cup
test-0114_nsd-54675.png,-0.15459437773394671,clock
train-6877_nsd-51286_chair.png,-0.15463616352041562,chair
train-1435_nsd-11464.png,-0.15463753919825074,microwave
train-0313_nsd-02445_chair.png,-0.154679523883206,chair
train-5499_nsd-45129_potted plant.png,-0.15469473926606553,potted plant
train-1930_nsd-15633.png,-0.15469601278708534,potted plant
train-5219_nsd-42149.png,-0.1548414003948099,car
train-8483_nsd-68231.png,-0.15487596179533097,car
train-0293_nsd-02304.png,-0.15494025924750185,car
test-0045_nsd-19334.png,-0.15500285357069046,tv
train-3490_nsd-26481_laptop.png,-0.15508869786175544,laptop
train-7750_nsd-62208.png,-0.15512937793198261,stop sign
train-0664_nsd-05514_chair.png,-0.1552274623269271,chair
train-7002_nsd-55907.png,-0.15525752994661082,chair
train-1959_nsd-14660_sink.png,-0.1552999745370209,sink
train-8611_nsd-63772_tv.png,-0.15537369879728882,tv
train-8796_nsd-65218_mouse.png,-0.15540313366561828,mouse
train-4156_nsd-30688_mouse.png,-0.15542487152432474,mouse
train-5080_nsd-38009.png,-0.1555121731271678,car
train-3152_nsd-25906_microwave.png,-0.15551500681879243,microwave
train-6720_nsd-55488.png,-0.15579060188295746,cup
train-7614_nsd-56591.png,-0.15594646109973054,bottle
train-2462_nsd-18362.png,-0.15609060792785015,car
train-3238_nsd-26452.png,-0.1561101714982681,bottle
train-5082_nsd-41088.png,-0.1562063011729178,tv
train-5696_nsd-45896_potted plant.png,-0.1562932374191453,potted plant
train-8050_nsd-64821.png,-0.15634699579070044,chair
train-3584_nsd-29422_stop sign.png,-0.15647737235503947,stop sign
test-0177_nsd-33613.png,-0.15647899023260178,microwave
train-0990_nsd-07513.png,-0.1564809122915502,chair
train-6346_nsd-50757_bottle.png,-0.15650723653664503,bottle
train-7315_nsd-54685_car.png,-0.15682230908509293,car
train-3360_nsd-24994.png,-0.15683010318580162,potted plant
test-0024_nsd-05898_microwave.png,-0.1568471728501403,microwave
train-2405_nsd-19603_car.png,-0.1568623072918024,car
train-1545_nsd-12534.png,-0.1570596869950314,car
train-5019_nsd-37445.png,-0.15709169989625,car
train-1703_nsd-12208.png,-0.15712921919590628,car
train-9662_nsd-71666.png,-0.1573319081511005,cup
train-3821_nsd-28308_chair.png,-0.15751938840636104,chair
train-5939_nsd-48227.png,-0.1575388259925756,mouse
train-5957_nsd-48366.png,-0.1576078842536468,tv
train-2212_nsd-17968_chair.png,-0.1576861802500934,chair
train-7606_nsd-61109_laptop.png,-0.15778218598208343,laptop
train-7123_nsd-52857.png,-0.1578256468547778,laptop
train-3631_nsd-27524_chair.png,-0.15791581084195175,chair
train-6195_nsd-51214.png,-0.15794874263307737,fork
train-2544_nsd-19653_chair.png,-0.15795112715272214,chair
train-5974_nsd-47970_laptop.png,-0.15826415280979328,laptop
train-8211_nsd-61346.png,-0.1582641699255241,chair
train-6775_nsd-50452.png,-0.15831025924021666,microwave
train-2409_nsd-19380_keyboard.png,-0.15845983933934296,keyboard
train-1109_nsd-08522.png,-0.15852595852936321,potted plant
train-7263_nsd-54293.png,-0.15852808991699396,laptop
train-7271_nsd-54054.png,-0.15856198678399142,chair
train-7020_nsd-56022_bottle.png,-0.15877338971733634,bottle
train-2327_nsd-19387.png,-0.15902206113152326,chair
train-3241_nsd-26527.png,-0.1590993489368967,fork
train-6359_nsd-52734.png,-0.15927166483701463,laptop
train-7592_nsd-63357_keyboard.png,-0.1595478948052302,keyboard
train-4845_nsd-39130.png,-0.15986146733626744,car
train-7272_nsd-58122_laptop.png,-0.1599243723306616,laptop
train-7224_nsd-58053_oven.png,-0.15995286852733342,oven
train-8772_nsd-72961.png,-0.16009799846426664,car
train-7264_nsd-53999_bottle.png,-0.16013042294856986,bottle
train-1920_nsd-15574_tv.png,-0.1601492744381025,tv
train-4160_nsd-31349.png,-0.16025275127912453,sink
train-5471_nsd-44720.png,-0.16029575530272328,car
train-2884_nsd-23361.png,-0.16035688481568744,car
train-6347_nsd-51367_chair.png,-0.1603759579704228,chair
train-9174_nsd-67812_stop sign.png,-0.16044256618587568,stop sign
train-4504_nsd-37116.png,-0.16046080226410622,chair
train-4236_nsd-34492_fork.png,-0.16052025314903362,fork
train-2555_nsd-20563.png,-0.1605563971536405,car
train-0033_nsd-00234.png,-0.160610399941825,car
test-0304_nsd-54949.png,-0.16061146204179394,car
train-1989_nsd-14843.png,-0.1608882260058747,car
train-2660_nsd-21768.png,-0.16089983225898147,chair
train-6524_nsd-48472.png,-0.16091814558531245,chair
train-6704_nsd-55630_car.png,-0.16093944088233483,car
train-0466_nsd-04269.png,-0.16114188445775524,tv
train-9659_nsd-71653.png,-0.16121701889100643,tv
train-7857_nsd-58404_keyboard.png,-0.16122024588885306,keyboard
train-5986_nsd-49401_chair.png,-0.16130608856858525,chair
train-4763_nsd-39325.png,-0.16138474845865922,car
train-0890_nsd-07282_chair.png,-0.16143591095179746,chair
train-6870_nsd-51248.png,-0.1615850294246898,chair
train-6264_nsd-46498_bottle.png,-0.16159276094964065,bottle
test-0172_nsd-42544_sink.png,-0.16161184665461673,sink
train-5095_nsd-38106_laptop.png,-0.16169950067878636,laptop
train-5924_nsd-48927_keyboard.png,-0.16180281143836478,keyboard
train-7761_nsd-64678.png,-0.16181141720224,fork
train-4841_nsd-39975_bottle.png,-0.1618336864284518,bottle
train-1269_nsd-09771_bottle.png,-0.16188191999009738,bottle
train-9497_nsd-70482_tv.png,-0.1619491500313458,tv
train-3688_nsd-30350_clock.png,-0.16201845354158523,clock
train-1686_nsd-13584.png,-0.1621530293471818,car
train-5502_nsd-40935_laptop.png,-0.1622053052251947,laptop
train-3490_nsd-25906_microwave.png,-0.16242042945197427,microwave
train-5680_nsd-42151.png,-0.16268973764363512,chair
train-2186_nsd-16427.png,-0.1627365803765683,keyboard
train-3496_nsd-25944.png,-0.16286804259395524,bottle
train-1298_nsd-09745_bottle.png,-0.1629037955958348,bottle
train-7621_nsd-56723_tv.png,-0.16298119071306622,tv
test-0316_nsd-57624.png,-0.16319967255112838,car
train-5555_nsd-41431.png,-0.16325278939081678,fork
train-3934_nsd-32287.png,-0.16332959883586087,cup
train-4538_nsd-37272.png,-0.16342705937460866,car
train-3156_nsd-23417.png,-0.16343909332535836,microwave
train-1164_nsd-08930_tv.png,-0.1635561486858854,tv
train-0113_nsd-00971.png,-0.16368068895851756,car
train-1784_nsd-13514_keyboard.png,-0.1637259012514091,keyboard
train-8565_nsd-68967.png,-0.16375028436338626,tv
train-6641_nsd-49433_stop sign.png,-0.1637671436541298,stop sign
train-7178_nsd-59523_laptop.png,-0.16377835964089812,laptop
train-4470_nsd-33190_cup.png,-0.1638014404169694,cup
train-3610_nsd-26767.png,-0.1638135492373773,car
train-7055_nsd-52838_laptop.png,-0.16388366351939246,laptop
train-7069_nsd-58796.png,-0.1640824376241047,fork
train-8006_nsd-64460_tv.png,-0.164089210879687,tv
train-2891_nsd-21464_laptop.png,-0.16416761119475815,laptop
train-1734_nsd-13005.png,-0.1641900403607566,car
train-6140_nsd-50789.png,-0.16422659477065135,sink
train-6801_nsd-56405_tv.png,-0.16428781179208485,tv
train-0017_nsd-00116.png,-0.16435406340000466,sink
train-1197_nsd-10107_chair.png,-0.1643591683800112,chair
train-1160_nsd-10015_cup.png,-0.16439161215728387,cup
train-1449_nsd-11147.png,-0.1644762995081086,stop sign
train-5100_nsd-42100.png,-0.16447752931953455,car
train-7169_nsd-53383_bottle.png,-0.164616360555726,bottle
train-3313_nsd-24603.png,-0.16465831839669656,car
train-7006_nsd-58231.png,-0.16465980584644604,toilet
train-0110_nsd-00911.png,-0.16472735715810025,fork
train-6185_nsd-45978.png,-0.16480562628552067,car
train-5966_nsd-47911_bottle.png,-0.16480688288451337,bottle
train-7629_nsd-56723_tv.png,-0.16489326006849148,tv
train-0016_nsd-00107_clock.png,-0.16501148118590167,clock
train-5132_nsd-38303_tv.png,-0.16515641765987527,tv
train-2182_nsd-18194_laptop.png,-0.1652741490450759,laptop
train-8390_nsd-62544.png,-0.165359430849072,fork
train-6377_nsd-52679_tv.png,-0.16548978298302713,tv
train-3599_nsd-26722.png,-0.16549593636400223,cup
train-5063_nsd-40940.png,-0.16552390594387012,oven
train-3972_nsd-32669.png,-0.1657174490595761,stop sign
train-1676_nsd-13613_car.png,-0.16573730634200945,car
train-1604_nsd-13489.png,-0.1657628644339001,toilet
train-3879_nsd-28709_tv.png,-0.16590534907204552,tv
train-3094_nsd-25319.png,-0.16593435582271973,chair
train-8761_nsd-70407_laptop.png,-0.16606309630612567,laptop
train-5166_nsd-42551_laptop.png,-0.1660824865475883,laptop
train-5074_nsd-41951.png,-0.16622047207369037,car
train-3853_nsd-28564_laptop.png,-0.1662558740326882,laptop
train-4863_nsd-39808.png,-0.1663671561411475,cup
train-1208_nsd-09202.png,-0.1665269268199464,chair
train-1057_nsd-08527_laptop.png,-0.1665609152379841,laptop
train-9514_nsd-70373.png,-0.16662287883400587,car
train-5332_nsd-39653_cup.png,-0.16666528451540058,cup
train-4913_nsd-39716_tv.png,-0.166741608951212,tv
train-3349_nsd-24699_sink.png,-0.16676052207365422,sink
train-3966_nsd-32043_oven.png,-0.16681067784398318,oven
train-4726_nsd-35175_tv.png,-0.16682272479831342,tv
train-7768_nsd-64759_tv.png,-0.16683876528993669,tv
train-4262_nsd-32072.png,-0.166887769940692,car
train-2433_nsd-20239_sink.png,-0.16692280427121062,sink
train-3586_nsd-29020_microwave.png,-0.16699363421652683,microwave
train-1015_nsd-07762_clock.png,-0.16707956151500836,clock
train-5673_nsd-45752.png,-0.16722150468909447,cup
train-4390_nsd-36201.png,-0.16725147193704884,tv
train-5790_nsd-47134.png,-0.16725380640212734,car
train-6198_nsd-51225.png,-0.1673008931282968,car
train-7621_nsd-56381.png,-0.16730416140373078,laptop
train-0368_nsd-03237.png,-0.16730641704230279,toilet
train-1718_nsd-12909.png,-0.16733086693284252,laptop
train-6496_nsd-48580.png,-0.16739944028544737,fork
train-1891_nsd-15302.png,-0.16740911045172818,cup
train-0948_nsd-08163.png,-0.16746814630142343,car
train-8798_nsd-70822.png,-0.16749583995173756,car
test-0125_nsd-57402_bottle.png,-0.16764885773469856,bottle
train-8621_nsd-64234.png,-0.16769913082443874,car
train-1116_nsd-09682.png,-0.1677102777807971,car
train-4604_nsd-34229_tv.png,-0.167735313809047,tv
train-1422_nsd-10156_tv.png,-0.16782886133892022,tv
train-1970_nsd-14745.png,-0.16794846215759976,cup
train-4822_nsd-35947.png,-0.16817513254083488,car
train-5021_nsd-37256.png,-0.16818173855122737,sink
test-0085_nsd-23271.png,-0.1683519300993636,car
train-3973_nsd-29385_tv.png,-0.16835731198193227,tv
train-9182_nsd-68116_potted plant.png,-0.16863326705383613,potted plant
train-1032_nsd-07890_car.png,-0.16885653919420923,car
train-8134_nsd-60867.png,-0.1689475760106443,car
train-8198_nsd-67986_stop sign.png,-0.16901701106848863,stop sign
train-9032_nsd-72563_chair.png,-0.16931132567655255,chair
train-0658_nsd-05668.png,-0.16939370458648628,car
train-4733_nsd-34967.png,-0.16947327736700427,fork
train-1059_nsd-08540_oven.png,-0.16963094195844092,oven
train-0849_nsd-06352_tv.png,-0.16973529018944772,tv
train-5160_nsd-42247.png,-0.16998117232353493,chair
train-6808_nsd-56267_bottle.png,-0.1700111676589903,bottle
train-3543_nsd-26272_laptop.png,-0.1700871611439273,laptop
train-0379_nsd-03181.png,-0.17017409761308508,car
train-1722_nsd-13982_laptop.png,-0.1703308379983768,laptop
train-8369_nsd-62443_chair.png,-0.17033245668369143,chair
train-4183_nsd-34242.png,-0.17033632243847718,chair
train-8213_nsd-60867.png,-0.17034241659499108,car
train-5473_nsd-40796.png,-0.1705400693455103,chair
train-7972_nsd-64130.png,-0.17063898966035612,potted plant
train-3980_nsd-32703_car.png,-0.17118289670098805,car
train-2166_nsd-16289.png,-0.17123218629034614,tv
train-4026_nsd-29837_keyboard.png,-0.17138752937764762,keyboard
train-7577_nsd-56533_cup.png,-0.17157934578237866,cup
train-3445_nsd-26127_tv.png,-0.1715915881786835,tv
train-0172_nsd-01366.png,-0.17159592168312007,laptop
train-0780_nsd-06031.png,-0.171610851421805,bottle
train-8715_nsd-64601_tv.png,-0.171755625886316,tv
train-1532_nsd-12400_tv.png,-0.17178142045558417,tv
train-0553_nsd-05026.png,-0.17178358043857844,tv
train-0821_nsd-07537.png,-0.17179005259833205,car
train-5297_nsd-39331.png,-0.17180087723919393,car
train-0644_nsd-05857_tv.png,-0.17182232942023073,tv
train-4137_nsd-30885.png,-0.17182985454795835,chair
train-6121_nsd-50653.png,-0.17188104576063876,chair
train-7560_nsd-56223.png,-0.17200667820385301,bottle
train-2225_nsd-16662.png,-0.17216417391752678,potted plant
train-7166_nsd-59724.png,-0.17223022498261914,car
train-2585_nsd-19236_mouse.png,-0.17236843581475594,mouse
train-1320_nsd-09318_chair.png,-0.17237530936015524,chair
train-0572_nsd-04436.png,-0.17252877592661278,cup
train-7772_nsd-64410.png,-0.17261388884295878,car
train-0415_nsd-03475_tv.png,-0.17263309167230143,tv
train-6670_nsd-49098.png,-0.1727000749271551,microwave
train-6233_nsd-51516_bottle.png,-0.1727513315069357,bottle
train-5324_nsd-42955_microwave.png,-0.1728310038564228,microwave
train-2188_nsd-18263_car.png,-0.17290256201146234,car
train-2028_nsd-16507.png,-0.17296670202926928,laptop
train-8244_nsd-61169.png,-0.1729818620714418,car
train-2943_nsd-21796.png,-0.173010634266042,cup
train-3540_nsd-29075_chair.png,-0.17305608217183033,chair
test-0106_nsd-18295.png,-0.17309454775281854,sink
train-4459_nsd-36683.png,-0.17319911714677813,car
train-7735_nsd-62144_tv.png,-0.17326750934136734,tv
train-9680_nsd-71842_cup.png,-0.1732961776536216,cup
train-9619_nsd-71378_cup.png,-0.1733131326762035,cup
train-8526_nsd-63182_tv.png,-0.17332231179924779,tv
train-8360_nsd-61865.png,-0.17339336952393683,car
train-7303_nsd-60467.png,-0.17351638484949314,cup
train-6850_nsd-56799_bottle.png,-0.17360826783967706,bottle
train-1827_nsd-15480.png,-0.17365328258031038,chair
train-1954_nsd-15862_sink.png,-0.17370837941355521,sink
train-9751_nsd-72294_cup.png,-0.1738735430457446,cup
train-2897_nsd-21500_laptop.png,-0.17398592340582583,laptop
train-4455_nsd-33408_microwave.png,-0.17407299555407219,microwave
train-9838_nsd-72974.png,-0.17408380119646044,car
train-4673_nsd-34540.png,-0.17435525691514914,chair
train-7343_nsd-54704.png,-0.17440306600710265,tv
train-0731_nsd-05862.png,-0.1744399376792113,sink
train-7650_nsd-56827.png,-0.1745440910071225,toilet
train-1433_nsd-11559_bottle.png,-0.1745886771488168,bottle
train-8260_nsd-66489_chair.png,-0.1748579198912088,chair
train-6023_nsd-49688.png,-0.17486778203063374,car
train-4750_nsd-35062_chair.png,-0.17512087065597562,chair
train-0946_nsd-07248_tv.png,-0.17517082755211325,tv
train-9820_nsd-72858_toilet.png,-0.1754464623000345,toilet
test-0079_nsd-40175_chair.png,-0.17559026670259006,chair
train-7764_nsd-57590_tv.png,-0.17585381529395036,tv
train-2519_nsd-20623_car.png,-0.17597843975311547,car
train-0077_nsd-00608.png,-0.17602266748678122,car
train-1388_nsd-10687_sink.png,-0.1760997907730723,sink
train-9045_nsd-67029.png,-0.17670583113029295,tv
train-9553_nsd-70727_laptop.png,-0.17675075862757114,laptop
train-8101_nsd-60597.png,-0.17688602103969941,car
train-7860_nsd-58021_chair.png,-0.17690926023610298,chair
train-0257_nsd-02150.png,-0.17693754704344156,car
train-8528_nsd-63593_cup.png,-0.176977640142905,cup
train-3148_nsd-25795_chair.png,-0.1770189611502632,chair
train-8513_nsd-63481.png,-0.17722542096518346,chair
train-8334_nsd-61803_laptop.png,-0.1772475572288388,laptop
train-8445_nsd-67885_microwave.png,-0.17727232555581654,microwave
train-0549_nsd-04512.png,-0.17728974761286678,car
train-2856_nsd-23585_toilet.png,-0.17729005147314353,toilet
train-7809_nsd-58344_cup.png,-0.17747968574563738,cup
train-7384_nsd-59247.png,-0.1775434152811488,chair
train-4153_nsd-31009.png,-0.1776045538007655,fork
train-4525_nsd-33521_tv.png,-0.1777099706785155,tv
train-4934_nsd-40727_tv.png,-0.17787636314881197,tv
train-1108_nsd-08972.png,-0.17788410737437924,bottle
train-7743_nsd-57749.png,-0.17789367995317756,car
train-1976_nsd-16097_oven.png,-0.17799701623097552,oven
train-6453_nsd-48220_tv.png,-0.17803182090714637,tv
train-6077_nsd-48709_bottle.png,-0.1780971306906191,bottle
train-7150_nsd-57015_toilet.png,-0.17816286722891259,toilet
train-2616_nsd-21098.png,-0.17835930104402,chair
train-6373_nsd-51555.png,-0.17839923750728884,cup
train-0362_nsd-03181.png,-0.17844625601493241,car
train-7434_nsd-59555_laptop.png,-0.17845447382586752,laptop
train-6025_nsd-45015_laptop.png,-0.17848903580070963,laptop
train-7025_nsd-58404_keyboard.png,-0.17853000229227758,keyboard
train-3682_nsd-29849.png,-0.17853570219146517,car
train-0166_nsd-01364_bottle.png,-0.1788533897596058,bottle
train-0170_nsd-01457.png,-0.1790868763327132,fork
train-8888_nsd-65933_stop sign.png,-0.17919839830878617,stop sign
train-2178_nsd-18154_laptop.png,-0.17924779742098468,laptop
train-1804_nsd-13535.png,-0.17925379558173102,microwave
train-7864_nsd-65211.png,-0.17929060518659073,laptop
train-5209_nsd-42868_oven.png,-0.1795632660116427,oven
train-7589_nsd-60930_microwave.png,-0.17957673178934658,microwave
train-0796_nsd-06419.png,-0.17963739798836328,potted plant
train-5136_nsd-38035.png,-0.17963822467827797,stop sign
train-3653_nsd-27021.png,-0.17964586750857225,cup
train-8397_nsd-62579.png,-0.17990031898680692,keyboard
train-6372_nsd-47218_keyboard.png,-0.18020919271198277,keyboard
train-4841_nsd-39975_cup.png,-0.18022339908086826,cup
train-2705_nsd-22607.png,-0.1803146844558684,microwave
train-8453_nsd-70246.png,-0.18044063810575506,stop sign
train-2398_nsd-17913.png,-0.18059421003092452,tv
train-4863_nsd-40135.png,-0.18073081881945935,cup
train-2083_nsd-16965.png,-0.18081808677209124,microwave
train-1705_nsd-13141_chair.png,-0.18084689288862088,chair
train-5815_nsd-42961.png,-0.18100628708815705,car
train-7091_nsd-52670_chair.png,-0.1811014526266847,chair
train-8438_nsd-70099_keyboard.png,-0.18116008004326592,keyboard
train-0453_nsd-03907.png,-0.1811807699911899,car
train-9364_nsd-69222_laptop.png,-0.18121594684789846,laptop
train-5913_nsd-44071_toilet.png,-0.18124602782861787,toilet
train-9441_nsd-69839.png,-0.18142639330752486,microwave
train-5468_nsd-44884.png,-0.18163912403782395,keyboard
train-4128_nsd-33722.png,-0.1816747429247981,keyboard
train-3147_nsd-23261.png,-0.1818440094504571,stop sign
train-4818_nsd-39849_stop sign.png,-0.1818682980648378,stop sign
test-0191_nsd-49909_toilet.png,-0.18193416818497912,toilet
train-3961_nsd-29837_keyboard.png,-0.18212833308454365,keyboard
train-5534_nsd-45616_laptop.png,-0.1822297084436847,laptop
train-8709_nsd-70019.png,-0.18229132188989286,keyboard
train-3398_nsd-25319.png,-0.18232745997170727,chair
train-4258_nsd-34939_cup.png,-0.18260791325976516,cup
train-0888_nsd-07246_oven.png,-0.18261012017536643,oven
train-0065_nsd-00477.png,-0.18267759783084134,car
train-1935_nsd-14505.png,-0.18283457978945158,car
train-2012_nsd-16418.png,-0.18285983017880653,bottle
train-3244_nsd-26538.png,-0.182868298340396,tv
train-4451_nsd-36498_laptop.png,-0.1828706209927753,laptop
train-7002_nsd-52097.png,-0.18289631021061414,car
train-1278_nsd-09667_car.png,-0.18293623471464046,car
train-7280_nsd-54199.png,-0.1831427142079962,car
train-4438_nsd-32944.png,-0.18320324822000894,stop sign
train-7054_nsd-58404_keyboard.png,-0.18329759027110276,keyboard
train-1655_nsd-13984.png,-0.18330780333489846,clock
train-7354_nsd-54965_sink.png,-0.18331825276424266,sink
train-5599_nsd-41557.png,-0.18342511207182394,bottle
train-1635_nsd-12272_chair.png,-0.18345319270185106,chair
train-4763_nsd-35156_tv.png,-0.18350222998862065,tv
train-7330_nsd-58753_oven.png,-0.1835504984242652,oven
train-5379_nsd-44329_keyboard.png,-0.18357786894471168,keyboard
train-0217_nsd-01907.png,-0.18380922441784808,oven
train-3338_nsd-25319.png,-0.1838682840839666,chair
train-5757_nsd-42946_chair.png,-0.18396478198024419,chair
train-0225_nsd-02138.png,-0.18399686337344365,bottle
train-3471_nsd-26359_car.png,-0.18402654148037642,car
train-8296_nsd-66826.png,-0.18420092091549428,car
train-8537_nsd-68705.png,-0.18421484751557088,car
train-0756_nsd-06092.png,-0.18431847195999998,clock
train-3429_nsd-25319.png,-0.18434630537105634,chair
train-2728_nsd-22258.png,-0.18451336906868426,car
train-9795_nsd-72651_cup.png,-0.18457528598656975,cup
train-0663_nsd-06053_car.png,-0.18465020997967926,car
train-9826_nsd-72879.png,-0.18467072073835225,sink
train-9663_nsd-71682_sink.png,-0.18488904778700518,sink
train-6403_nsd-47244.png,-0.1851538915629954,chair
train-5475_nsd-40624_laptop.png,-0.18522938139273076,laptop
train-6943_nsd-51118.png,-0.18530601249769527,car
train-3185_nsd-26118_keyboard.png,-0.18535667235788827,keyboard
train-5200_nsd-38840_toilet.png,-0.18542837566630133,toilet
train-8346_nsd-61840.png,-0.18546890400557015,car
train-1099_nsd-08444_stop sign.png,-0.1855771998111625,stop sign
train-4093_nsd-30548_laptop.png,-0.18559049358714363,laptop
train-8133_nsd-60186.png,-0.18560444953592867,chair
train-3775_nsd-30647.png,-0.18571273512098357,cup
train-0448_nsd-03864_keyboard.png,-0.18575556471865118,keyboard
train-1080_nsd-09402_laptop.png,-0.18581893402268407,laptop
train-8523_nsd-68569.png,-0.1858355784937427,fork
train-0090_nsd-00785.png,-0.18586329593254255,cup
train-5101_nsd-41725.png,-0.18586935166158344,clock
train-4756_nsd-38944.png,-0.1858889092382076,bottle
train-6238_nsd-46535_bottle.png,-0.18592989118890219,bottle
train-6116_nsd-49628_tv.png,-0.18593545026508576,tv
train-3314_nsd-24520_bottle.png,-0.18596961226404404,bottle
train-0433_nsd-03626.png,-0.18597411756260449,laptop
train-5268_nsd-38969.png,-0.18611849373592246,bottle
train-2270_nsd-18462_sink.png,-0.18613522294298163,sink
train-3912_nsd-32068_laptop.png,-0.18617167478920735,laptop
train-3589_nsd-29339.png,-0.18627371123855394,sink
train-8170_nsd-61122.png,-0.1863344820201387,car
train-0622_nsd-05196.png,-0.18644787311881397,keyboard
train-6470_nsd-52312.png,-0.18657611876443742,laptop
test-0388_nsd-71294_microwave.png,-0.1866735974327445,microwave
train-8004_nsd-59103.png,-0.18669104501215467,car
train-5424_nsd-40287.png,-0.18687475911919912,bottle
train-2580_nsd-19947.png,-0.18694192183804959,sink
train-2283_nsd-19344_tv.png,-0.187378873358978,tv
train-5381_nsd-39795.png,-0.18738706210069508,chair
train-2549_nsd-21109_tv.png,-0.18740063949496258,tv
train-4402_nsd-36154.png,-0.18754472110206505,chair
train-0740_nsd-05976_car.png,-0.18761725256442172,car
train-2253_nsd-16755_keyboard.png,-0.18793269857565,keyboard
train-8350_nsd-67189_chair.png,-0.18794520671414983,chair
train-8641_nsd-71872.png,-0.18803147629280084,laptop
train-4782_nsd-39159.png,-0.18810236723586934,chair
train-4075_nsd-33427_sink.png,-0.1882618342356329,sink
train-8237_nsd-61103_toilet.png,-0.1883157248049885,toilet
train-7094_nsd-52327.png,-0.18852721018703292,oven
train-6892_nsd-51318_toilet.png,-0.1885742455492098,toilet
train-2014_nsd-15472.png,-0.18860722107867134,laptop
train-1571_nsd-11307_laptop.png,-0.18874680583572148,laptop
train-4820_nsd-39444.png,-0.18876294279834135,car
train-1929_nsd-13891.png,-0.1888918071105916,microwave
train-5594_nsd-41722.png,-0.18911397148917194,chair
train-8675_nsd-64574.png,-0.18914802290253344,car
train-4951_nsd-40498_bottle.png,-0.189198203746067,bottle
train-3903_nsd-31988_cup.png,-0.18922719710985128,cup
train-6211_nsd-46141.png,-0.18935410177934386,car
train-4872_nsd-36307.png,-0.18943087915982534,stop sign
test-0126_nsd-56611.png,-0.1896076172346253,car
train-7217_nsd-57610_chair.png,-0.18973319256529136,chair
train-5052_nsd-37461.png,-0.18993784005030584,car
train-8684_nsd-64389.png,-0.18998264131283385,clock
train-9237_nsd-68658.png,-0.18999660495606868,car
train-8085_nsd-60041.png,-0.19011821133568474,potted plant
train-2240_nsd-16729_car.png,-0.19019201412324677,car
train-0483_nsd-03900.png,-0.19022654440543377,cup
train-9467_nsd-70131.png,-0.1902785155581042,car
train-0257_nsd-02497.png,-0.19037574469011787,cup
train-8298_nsd-61930.png,-0.19039354965507066,clock
train-7462_nsd-55606_chair.png,-0.1904573097735203,chair
train-7857_nsd-58404_tv.png,-0.19049800363052868,tv
train-0211_nsd-01808.png,-0.19062210218836878,oven
train-3131_nsd-23297_laptop.png,-0.19087465702279086,laptop
train-6732_nsd-49517.png,-0.1909067184613131,keyboard
train-8648_nsd-64409_chair.png,-0.19098861069354947,chair
train-2678_nsd-20635.png,-0.19102139313205513,bottle
train-0997_nsd-07639.png,-0.1911700714949627,car
train-4873_nsd-36052.png,-0.1913050078697971,chair
train-8357_nsd-62373_microwave.png,-0.19130592674973895,microwave
train-7690_nsd-64143.png,-0.1914921508648111,tv
train-1766_nsd-14182_oven.png,-0.1915447093305419,oven
test-0093_nsd-46308_tv.png,-0.19159056439412026,tv
test-0081_nsd-41042.png,-0.19162054436306986,cup
train-8623_nsd-71651_tv.png,-0.191699723439392,tv
train-1506_nsd-12141.png,-0.19189861001150887,stop sign
train-5566_nsd-45446_potted plant.png,-0.1919547123848581,potted plant
train-7788_nsd-62544.png,-0.1919726163262911,fork
train-4170_nsd-33943.png,-0.19198524890534274,car
train-0710_nsd-06571_bottle.png,-0.19199201879789282,bottle
train-1071_nsd-08262.png,-0.19206001321572103,fork
train-0961_nsd-07339_bottle.png,-0.192167813367922,bottle
train-6518_nsd-52071_tv.png,-0.1922062391172705,tv
test-0200_nsd-38393_tv.png,-0.19225170390869034,tv
train-2023_nsd-15510.png,-0.19229113628463293,chair
train-4457_nsd-36566.png,-0.19229496095801277,car
train-9676_nsd-71814.png,-0.19230135565080864,microwave
train-1161_nsd-08569.png,-0.19236386580340667,laptop
train-7727_nsd-62033.png,-0.1924546673908358,bottle
train-3332_nsd-24611.png,-0.1924764791067525,stop sign
train-8230_nsd-61508_chair.png,-0.19253970609214915,chair
train-1533_nsd-12934_laptop.png,-0.19258879561516692,laptop
train-2373_nsd-19108.png,-0.19277720864377262,car
train-5300_nsd-39423.png,-0.19278485139923784,bottle
train-4322_nsd-35593.png,-0.19284632544632674,clock
train-4910_nsd-36682.png,-0.19312404498264896,car
train-5831_nsd-43054.png,-0.19318495556682866,car
train-1913_nsd-14297.png,-0.1932277103613706,stop sign
train-5653_nsd-41969_tv.png,-0.1932841788363402,tv
train-7375_nsd-55124_car.png,-0.19331236674233812,car
train-7674_nsd-56723_keyboard.png,-0.19382521020098983,keyboard
train-1245_nsd-10495.png,-0.1938805082313799,bottle
train-1261_nsd-09558_chair.png,-0.19391313591039766,chair
train-7603_nsd-63490.png,-0.19400342908646243,tv
test-0123_nsd-31855.png,-0.1940663860019213,car
train-4181_nsd-34234.png,-0.19409420355101778,chair
train-7207_nsd-57962_laptop.png,-0.19413050853855876,laptop
train-6247_nsd-51624_tv.png,-0.1942141087984023,tv
train-1652_nsd-13976_oven.png,-0.19463282435597765,oven
train-8534_nsd-63182_tv.png,-0.1948188046627648,tv
train-6344_nsd-47078.png,-0.19482555676452942,clock
train-6723_nsd-53567_laptop.png,-0.19483275741013534,laptop
train-5259_nsd-39330.png,-0.19489095624672967,tv
train-3448_nsd-28230.png,-0.19489832367709192,car
train-8239_nsd-66290.png,-0.19491456894518636,sink
train-7301_nsd-58574_chair.png,-0.19497664758661898,chair
train-8628_nsd-71712.png,-0.19509820223160027,chair
train-7261_nsd-53630_sink.png,-0.19511578787589579,sink
train-3790_nsd-31026.png,-0.195136344724721,potted plant
train-7163_nsd-53588.png,-0.195175261431716,chair
train-4940_nsd-40806.png,-0.1953506354483459,tv
train-3188_nsd-26127_tv.png,-0.1953780061923497,tv
train-8711_nsd-64595_cup.png,-0.19542238279646917,cup
train-3088_nsd-25319.png,-0.1955769607898943,chair
train-3776_nsd-30926_tv.png,-0.1956382951785588,tv
train-3666_nsd-27809.png,-0.19565813236992563,toilet
train-1007_nsd-08212.png,-0.1958485193044358,car
train-3365_nsd-25527.png,-0.19589385279341004,car
train-4269_nsd-32102_tv.png,-0.19592931213799875,tv
train-1918_nsd-14329.png,-0.19618599731579645,potted plant
train-0832_nsd-06766.png,-0.19622673175453265,bottle
train-9344_nsd-69421.png,-0.19625541069845437,laptop
train-3301_nsd-25082.png,-0.19636576922146812,microwave
train-5138_nsd-42306_tv.png,-0.19644055248009132,tv
train-2858_nsd-23769_bottle.png,-0.19697759530462822,bottle
train-1080_nsd-09402_tv.png,-0.19699462381710928,tv
train-0352_nsd-02962.png,-0.19704958959580562,potted plant
train-5636_nsd-42158_tv.png,-0.19719290936414396,tv
train-7196_nsd-59617.png,-0.19725654142078963,cup
test-0179_nsd-44055_car.png,-0.1973537811007837,car
train-1478_nsd-11856_keyboard.png,-0.19736859847882818,keyboard
train-3515_nsd-26127_tv.png,-0.1974012770904202,tv
train-4729_nsd-38983.png,-0.19745142779020475,clock
train-3126_nsd-23265.png,-0.19746245128151663,tv
train-1384_nsd-11038_toilet.png,-0.19751967055197348,toilet
train-1544_nsd-11649.png,-0.19756388435197328,tv
train-1859_nsd-15792_chair.png,-0.19756472989166707,chair
train-9137_nsd-67700.png,-0.19762165769346607,keyboard
train-8407_nsd-67625.png,-0.19767437193191223,chair
train-2555_nsd-21016_tv.png,-0.19774440906384036,tv
train-2477_nsd-18441_tv.png,-0.19774531946270005,tv
train-6082_nsd-45238.png,-0.19777627343997486,chair
train-7930_nsd-63767_sink.png,-0.19783857598808047,sink
train-7859_nsd-58010.png,-0.19803269783374314,laptop
train-0167_nsd-01439_bottle.png,-0.19803475707796425,bottle
train-7879_nsd-58846.png,-0.19810261107854804,car
train-8270_nsd-61752_laptop.png,-0.1982870722601004,laptop
train-4687_nsd-38384_laptop.png,-0.19830881127074612,laptop
train-7563_nsd-63021_laptop.png,-0.1983945998990011,laptop
train-2472_nsd-18401_keyboard.png,-0.19841003021739184,keyboard
train-0384_nsd-03181.png,-0.19846925395595394,car
train-6637_nsd-49397_bottle.png,-0.19862769888856066,bottle
train-8686_nsd-64406_laptop.png,-0.19865049034987903,laptop
train-0238_nsd-01873.png,-0.19878307059587316,tv
train-1017_nsd-08297_sink.png,-0.1993451693676222,sink
train-8280_nsd-61797.png,-0.19955847698482967,car
train-6231_nsd-46021.png,-0.19988802364400113,stop sign
train-6168_nsd-45824_chair.png,-0.19989916864039434,chair
train-4764_nsd-35220.png,-0.19992606059878118,sink
train-8673_nsd-72081.png,-0.20002557915914074,tv
train-6464_nsd-51691.png,-0.20006006526073794,laptop
train-7129_nsd-56834.png,-0.20031366845179222,toilet
train-2080_nsd-16937_chair.png,-0.20042598980846463,chair
train-4600_nsd-37218_microwave.png,-0.2004292646833571,microwave
train-5566_nsd-41566_tv.png,-0.20048869380403037,tv
train-7601_nsd-56233_toilet.png,-0.20049715339911547,toilet
train-1009_nsd-08877.png,-0.20050074840485432,clock
train-9331_nsd-69085.png,-0.20052108200067648,toilet
train-0635_nsd-04944.png,-0.20054472316585345,tv
train-1888_nsd-15881_clock.png,-0.20058013251477405,clock
train-3423_nsd-27811.png,-0.2006491137027567,clock
train-7899_nsd-58540_oven.png,-0.20066797926923768,oven
train-1882_nsd-13530.png,-0.20072753937354879,car
test-0023_nsd-10540.png,-0.20079300258977523,car
train-7128_nsd-59378.png,-0.20081925431990374,tv
train-8185_nsd-68148.png,-0.20085254297191815,toilet
train-3945_nsd-31923.png,-0.20090287484137023,chair
train-8456_nsd-62595.png,-0.20104583218227345,oven
train-7681_nsd-56782.png,-0.20107492234551225,potted plant
train-5854_nsd-43632_keyboard.png,-0.20130373192420517,keyboard
train-6271_nsd-50814_toilet.png,-0.20137528426638704,toilet
train-2933_nsd-24344_chair.png,-0.20140843649784076,chair
train-7272_nsd-54057.png,-0.2014411874375825,stop sign
train-4653_nsd-34375_tv.png,-0.2016316916952134,tv
train-2775_nsd-21497_laptop.png,-0.20182018004182498,laptop
test-0055_nsd-14189.png,-0.20190045109151014,clock
train-8104_nsd-60180.png,-0.201909934983832,potted plant
train-0824_nsd-07559_tv.png,-0.20198037901524735,tv
train-4445_nsd-36461.png,-0.2020646067694285,car
train-4022_nsd-29803.png,-0.20217615049877338,toilet
train-2195_nsd-18311.png,-0.20228184724714732,stop sign
train-8796_nsd-65218_keyboard.png,-0.2023025510362092,keyboard
train-0003_nsd-00032.png,-0.202349801347119,car
train-5029_nsd-37147.png,-0.20235496974665587,cup
train-5030_nsd-41647.png,-0.2023814764952787,car
train-7293_nsd-53884.png,-0.20240044648115912,keyboard
train-3204_nsd-24415_toilet.png,-0.20245210106037848,toilet
train-6509_nsd-53967.png,-0.202456551100292,tv
train-1525_nsd-11565.png,-0.2024575606960668,clock
train-0016_nsd-00101_car.png,-0.20254794261442072,car
train-5399_nsd-44155_laptop.png,-0.2026114543018794,laptop
train-2806_nsd-20856.png,-0.2026625579141418,car
train-1478_nsd-11939.png,-0.20296318586611117,fork
train-4980_nsd-41065_laptop.png,-0.20296632624078773,laptop
train-2113_nsd-17708.png,-0.20297472164927907,bottle
train-8300_nsd-69072.png,-0.20299302872918878,toilet
train-2195_nsd-16940.png,-0.20304957747969693,car
train-3423_nsd-25287.png,-0.20317194091330687,microwave
train-9476_nsd-70075.png,-0.2032853584918969,chair
train-3873_nsd-28682_tv.png,-0.203435486417728,tv
train-5320_nsd-39312_tv.png,-0.2036073101975026,tv
train-3393_nsd-27574_chair.png,-0.2039161024955125,chair
train-0875_nsd-07508.png,-0.20419272868059302,bottle
train-7273_nsd-53743.png,-0.20424852684403844,car
train-0275_nsd-02674_laptop.png,-0.20430667427813953,laptop
train-3729_nsd-30254_keyboard.png,-0.20435108705891147,keyboard
train-4533_nsd-36682.png,-0.20451602865427504,car
train-2612_nsd-21386_car.png,-0.20471382362055132,car
train-3138_nsd-25747_tv.png,-0.20472671849375684,tv
train-3255_nsd-24128_tv.png,-0.20499347374642812,tv
test-0356_nsd-64163.png,-0.20504936025574996,bottle
train-5785_nsd-42946_chair.png,-0.20516687101796718,chair
train-3947_nsd-29327.png,-0.2053636693291366,laptop
train-0194_nsd-01663.png,-0.20539274929998647,oven
train-0170_nsd-01359_keyboard.png,-0.20547266124074887,keyboard
train-0401_nsd-03373_chair.png,-0.20549368628724246,chair
train-3227_nsd-24596.png,-0.20554431267690645,oven
train-7960_nsd-63992.png,-0.20556759447330536,chair
train-2152_nsd-18280_oven.png,-0.20570404101787346,oven
train-5641_nsd-41667_chair.png,-0.2057113395835988,chair
train-4307_nsd-35497.png,-0.20576616302806272,laptop
train-5007_nsd-40479_stop sign.png,-0.2058669440772856,stop sign
train-0590_nsd-04750.png,-0.20601070448350586,toilet
train-3372_nsd-24851_laptop.png,-0.20629032654396606,laptop
train-8262_nsd-66489_chair.png,-0.20646478982069422,chair
train-2844_nsd-21205.png,-0.2065381139312297,chair
train-7171_nsd-57209.png,-0.2065658344615424,car
train-8403_nsd-67569.png,-0.2065742395808636,cup
train-5707_nsd-42617_tv.png,-0.2067588761488463,tv
train-0563_nsd-04543_keyboard.png,-0.20677120183218314,keyboard
train-0025_nsd-00247.png,-0.20678425337059533,car
train-3519_nsd-26720_chair.png,-0.20678720658948882,chair
train-4011_nsd-32789.png,-0.2068021530252197,car
train-7289_nsd-58235_chair.png,-0.20686194509005443,chair
train-5322_nsd-42946_chair.png,-0.20702368092516055,chair
train-2345_nsd-17395.png,-0.2071319945815548,laptop
train-7054_nsd-52834.png,-0.2071877904024078,toilet
train-6794_nsd-54221.png,-0.20720059685186384,laptop
train-7541_nsd-56093_laptop.png,-0.20732112652786305,laptop
train-1543_nsd-11835_bottle.png,-0.2073245073208763,bottle
train-3488_nsd-25821_sink.png,-0.20741896037657448,sink
train-6054_nsd-48522.png,-0.2074895482171883,stop sign
train-1641_nsd-13770.png,-0.20749311558756542,tv
train-7553_nsd-56361_toilet.png,-0.20750273689331453,toilet
train-7934_nsd-63820.png,-0.2075616535961387,sink
train-3211_nsd-26291.png,-0.20759657524189923,stop sign
train-1016_nsd-07815.png,-0.20781417103244595,car
train-5375_nsd-39939_bottle.png,-0.2078220521657426,bottle
train-4807_nsd-35510.png,-0.20791288511861067,toilet
train-7487_nsd-55762_laptop.png,-0.20809222215036824,laptop
train-1511_nsd-12109_laptop.png,-0.20819965785439326,laptop
train-8493_nsd-63036_oven.png,-0.20822887202462134,oven
train-1843_nsd-14172_laptop.png,-0.20824115090662756,laptop
train-9015_nsd-66592_chair.png,-0.20840469745060994,chair
train-1945_nsd-14709_laptop.png,-0.2085542891917774,laptop
train-2290_nsd-19133_sink.png,-0.20868025225348172,sink
train-3184_nsd-26117.png,-0.20877822022077558,car
train-9231_nsd-68606.png,-0.2088879978647674,bottle
train-6890_nsd-51301_toilet.png,-0.20905017626013406,toilet
train-4191_nsd-34305.png,-0.20926316601474207,stop sign
train-1845_nsd-15658_bottle.png,-0.2093558487027086,bottle
train-8058_nsd-59850_chair.png,-0.2094576671186501,chair
train-6692_nsd-54073_laptop.png,-0.20981778921576935,laptop
train-0998_nsd-07494_chair.png,-0.20992823682663173,chair
train-7337_nsd-58679_microwave.png,-0.2100958798026253,microwave
train-5189_nsd-42717_bottle.png,-0.21018064730259498,bottle
train-4474_nsd-33166.png,-0.21042575946598868,toilet
train-4122_nsd-33476_sink.png,-0.21043260298795374,sink
train-0554_nsd-04436.png,-0.21046183108688507,cup
train-0155_nsd-01283_laptop.png,-0.21051125646334815,laptop
train-2793_nsd-20868.png,-0.21057171473690023,chair
train-6829_nsd-56621.png,-0.21059437990576452,fork
train-4202_nsd-34589_laptop.png,-0.21076010661939806,laptop
train-7818_nsd-58404_tv.png,-0.21096028867375205,tv
train-7982_nsd-66489_chair.png,-0.2109784900345593,chair
train-9754_nsd-72238.png,-0.21111743543097433,car
test-0118_nsd-30976.png,-0.21112459152711083,car
train-8393_nsd-62126_tv.png,-0.21144372983749496,tv
train-7474_nsd-59972_tv.png,-0.2114710858765251,tv
train-4660_nsd-38193.png,-0.21153262934279088,car
train-3726_nsd-30622.png,-0.2115774411690456,bottle
train-2753_nsd-20608.png,-0.2117554324455698,chair
train-3842_nsd-28435.png,-0.21181731018097524,laptop
train-7972_nsd-58924.png,-0.21182303546258915,clock
train-4471_nsd-36771_toilet.png,-0.21230809910167261,toilet
train-2415_nsd-19406.png,-0.21234934237777148,car
test-0046_nsd-12200.png,-0.21243491059559216,toilet
train-3892_nsd-29349_laptop.png,-0.21252344913722665,laptop
train-7532_nsd-62717_sink.png,-0.21253020234686845,sink
train-6468_nsd-48127_keyboard.png,-0.21253535712721794,keyboard
train-7622_nsd-61149_potted plant.png,-0.2126052214425464,potted plant
train-1659_nsd-14026_microwave.png,-0.21261201877875602,microwave
train-6791_nsd-50641.png,-0.21295390771975264,car
train-4937_nsd-39981.png,-0.21312265836419736,microwave
train-2844_nsd-21144.png,-0.21313248828330533,chair
train-1597_nsd-11481.png,-0.21319213790855895,toilet
test-0161_nsd-40518_chair.png,-0.21322291505422472,chair
train-5075_nsd-37516_bottle.png,-0.2132516342494594,bottle
train-4329_nsd-35136_sink.png,-0.21330719555922545,sink
train-3797_nsd-31096.png,-0.21332032970476825,car
train-5284_nsd-39513.png,-0.21332612687408808,bottle
train-7223_nsd-54027.png,-0.21332647433929997,clock
train-7601_nsd-61010.png,-0.2133527208616092,chair
train-3710_nsd-27449.png,-0.21337091244667972,car
train-3371_nsd-25578.png,-0.21346275406815723,fork
train-5207_nsd-42857_sink.png,-0.21349959658088274,sink
train-7100_nsd-52721_chair.png,-0.21357832402405177,chair
train-2417_nsd-18605.png,-0.2136834332824788,chair
train-6670_nsd-49600.png,-0.21372584149088275,cup
train-9787_nsd-72570_tv.png,-0.2138756550236032,tv
train-5822_nsd-48102_tv.png,-0.21392271904043414,tv
train-2624_nsd-21473_laptop.png,-0.21392768088100794,laptop
train-5360_nsd-39822.png,-0.2139743437322436,potted plant
train-6957_nsd-51185.png,-0.21437578020787423,chair
train-4702_nsd-38776.png,-0.2145167306674831,potted plant
train-4235_nsd-31233_chair.png,-0.2145187295367221,chair
train-2867_nsd-23506_oven.png,-0.21496127841408177,oven
train-3846_nsd-31180.png,-0.21500207349782177,laptop
train-9589_nsd-71009.png,-0.2151021912755155,bottle
train-2417_nsd-20129_stop sign.png,-0.21511930371469068,stop sign
train-2257_nsd-18340_laptop.png,-0.21512779668117044,laptop
train-7179_nsd-53434.png,-0.21523332334421671,stop sign
train-0934_nsd-07166_laptop.png,-0.21530982016124484,laptop
train-5719_nsd-42429_chair.png,-0.2154094683514717,chair
train-0985_nsd-08458_microwave.png,-0.2156320016073863,microwave
train-0070_nsd-00581_microwave.png,-0.21569356752358487,microwave
train-0985_nsd-08458_oven.png,-0.21592863039413002,oven
train-6152_nsd-45990.png,-0.21593882074828102,tv
train-7041_nsd-58571_stop sign.png,-0.21603897974401315,stop sign
train-7907_nsd-63512.png,-0.21606694030188578,stop sign
train-6660_nsd-49728.png,-0.21611466902387397,car
train-0211_nsd-01701.png,-0.21629350802620356,chair
train-3530_nsd-26218.png,-0.21640728677670534,bottle
train-1535_nsd-11593.png,-0.2164263663440201,car
train-9434_nsd-69902_laptop.png,-0.2165624287048866,laptop
train-6278_nsd-46799.png,-0.21659138349924206,stop sign
train-8541_nsd-63323.png,-0.21666617329550536,potted plant
train-5248_nsd-39231.png,-0.21679815014445217,stop sign
train-8234_nsd-68584_keyboard.png,-0.21682300562686158,keyboard
train-5145_nsd-38430_stop sign.png,-0.2168862041421163,stop sign
train-6873_nsd-55371_keyboard.png,-0.21708338395901822,keyboard
train-4693_nsd-34751.png,-0.2170966479870343,bottle
train-4622_nsd-38113.png,-0.21730105770861738,stop sign
train-4788_nsd-35527.png,-0.21752748739311273,cup
train-8547_nsd-63389_cup.png,-0.21762827452171504,cup
train-3845_nsd-28516_stop sign.png,-0.21767566633422092,stop sign
train-8066_nsd-59585_laptop.png,-0.21775513517375852,laptop
train-1366_nsd-11041_tv.png,-0.2178190793445934,tv
train-7806_nsd-62691.png,-0.21791325738257672,toilet
train-3885_nsd-28769.png,-0.21793236134232313,stop sign
train-6106_nsd-49567.png,-0.218125014702078,car
train-1499_nsd-11390.png,-0.21814354945276224,car
train-3652_nsd-29921_chair.png,-0.21822990894669822,chair
train-8039_nsd-59585_laptop.png,-0.2183146836906777,laptop
train-5007_nsd-36988.png,-0.21837458262127069,sink
train-4240_nsd-34874.png,-0.2184080734496815,car
train-4879_nsd-39406.png,-0.21844030598332065,car
train-3789_nsd-28079.png,-0.2185810388253789,keyboard
train-8460_nsd-70316.png,-0.21859335386139553,car
train-5353_nsd-39937.png,-0.21866203541597773,clock
train-7935_nsd-63817.png,-0.2188927521738552,cup
train-0517_nsd-04190.png,-0.218927443193813,chair
train-6342_nsd-47102.png,-0.21893003571633898,fork
train-4798_nsd-35412_cup.png,-0.21917653985979552,cup
train-2976_nsd-24488.png,-0.21918659472601726,car
test-0137_nsd-34411_tv.png,-0.21919429745094385,tv
train-6776_nsd-50459_bottle.png,-0.2191971613556824,bottle
train-3783_nsd-28511.png,-0.21923404766809312,chair
train-0720_nsd-05940_tv.png,-0.21925316813853604,tv
train-6606_nsd-49153_laptop.png,-0.2195023762202409,laptop
train-5305_nsd-43359.png,-0.219555842677784,cup
train-6036_nsd-44533_laptop.png,-0.21962949154257677,laptop
train-1395_nsd-11850_tv.png,-0.219689063241719,tv
train-9652_nsd-71520.png,-0.21973094824695713,microwave
train-0576_nsd-04884_tv.png,-0.21984108341192543,tv
train-9759_nsd-72302_toilet.png,-0.22007820977704654,toilet
train-3079_nsd-22877_tv.png,-0.2201689803073171,tv
train-5711_nsd-47184.png,-0.22039549582741352,mouse
train-1036_nsd-07271.png,-0.22050684241247367,stop sign
train-2659_nsd-20477.png,-0.22056846194819776,chair
train-3525_nsd-26170_microwave.png,-0.220742984272456,microwave
train-0619_nsd-04961_keyboard.png,-0.22077321796064633,keyboard
train-2664_nsd-19839.png,-0.2208350681851631,microwave
train-3471_nsd-28394.png,-0.22127287968555534,laptop
train-8062_nsd-66835.png,-0.2212998982073066,bottle
train-6693_nsd-49234_laptop.png,-0.22132663980563694,laptop
train-0615_nsd-04847_chair.png,-0.22149281673176366,chair
train-5877_nsd-43588.png,-0.2215356102006828,chair
train-1201_nsd-09169.png,-0.22161953491108408,bottle
train-4525_nsd-33929_laptop.png,-0.2216278775373879,laptop
train-5611_nsd-41640_laptop.png,-0.22196615613629164,laptop
train-4263_nsd-34952.png,-0.22244232298463207,clock
test-0015_nsd-07215_laptop.png,-0.22250939712956314,laptop
train-0448_nsd-03653_laptop.png,-0.2225956067761948,laptop
train-2894_nsd-23521_oven.png,-0.22293536559000868,oven
train-5467_nsd-40736.png,-0.22317615211162853,cup
train-6169_nsd-45868_keyboard.png,-0.22325777139089376,keyboard
train-3909_nsd-28916_keyboard.png,-0.22326927867356783,keyboard
train-6956_nsd-57393_microwave.png,-0.22331012462625455,microwave
train-9072_nsd-67237_cup.png,-0.22331632862573322,cup
train-6025_nsd-48337.png,-0.22346140502710318,chair
train-0592_nsd-04722.png,-0.22356541811702008,sink
train-6186_nsd-45979.png,-0.2235976841352156,cup
train-0729_nsd-05635.png,-0.22360774545490286,cup
train-4379_nsd-35610.png,-0.22363276176699043,cup
train-5289_nsd-42668_keyboard.png,-0.22395068952730415,keyboard
train-1282_nsd-10202_oven.png,-0.2241496462088019,oven
train-5528_nsd-45441_toilet.png,-0.22431469477615457,toilet
train-7217_nsd-60186.png,-0.22432573255088345,chair
train-5028_nsd-40672.png,-0.22444811131793846,bottle
train-1602_nsd-13039_keyboard.png,-0.22457172016578053,keyboard
train-8779_nsd-72996_toilet.png,-0.22463627140531564,toilet
train-3182_nsd-26073_chair.png,-0.22475517645276213,chair
train-1798_nsd-15247_laptop.png,-0.22486783878524771,laptop
train-3026_nsd-24992_laptop.png,-0.2249625021571472,laptop
train-8498_nsd-68334_laptop.png,-0.22504826082890034,laptop
train-0219_nsd-01743.png,-0.22507160563392148,car
train-4783_nsd-35493_bottle.png,-0.22518112752077693,bottle
train-3796_nsd-28090_keyboard.png,-0.2251847214963649,keyboard
train-8851_nsd-71252_sink.png,-0.22530913597458818,sink
train-9177_nsd-68280.png,-0.22573077346385065,chair
train-8359_nsd-67237_cup.png,-0.2257978413149554,cup
test-0111_nsd-19231.png,-0.226012221968673,clock
train-2095_nsd-17656.png,-0.22603510913515015,cup
train-1963_nsd-15919_laptop.png,-0.22607299144581158,laptop
train-8483_nsd-70519_oven.png,-0.22610769767578076,oven
train-0068_nsd-00574.png,-0.22631579945756436,car
train-3692_nsd-29933.png,-0.22645688335478845,toilet
train-8692_nsd-64383_oven.png,-0.22658677258536766,oven
train-5812_nsd-47315_laptop.png,-0.22670248292586964,laptop
train-8961_nsd-66286.png,-0.22670895642336025,toilet
train-4302_nsd-35307.png,-0.2268617527295405,bottle
train-0059_nsd-00443.png,-0.22694397346689318,chair
train-5919_nsd-43891.png,-0.22695118493947658,stop sign
train-7984_nsd-64267_laptop.png,-0.2270298609231239,laptop
train-5615_nsd-41944.png,-0.22704463183553272,cup
train-8240_nsd-61122.png,-0.22705167797247422,car
train-3365_nsd-25062.png,-0.2271254303863056,oven
train-0445_nsd-03626.png,-0.22720512997877587,laptop
train-4891_nsd-40045.png,-0.22780656379306594,chair
train-6272_nsd-51829.png,-0.2278599989650091,potted plant
train-0986_nsd-08047_chair.png,-0.22791825158793322,chair
train-5576_nsd-41288.png,-0.22794857933832766,potted plant
train-4289_nsd-35318.png,-0.22797562607437624,car
train-0712_nsd-05874.png,-0.22803854401102233,laptop
train-2903_nsd-22381.png,-0.22824403531563986,cup
train-7544_nsd-60537.png,-0.22833043592220875,car
train-5823_nsd-47938.png,-0.2283732017718125,fork
train-6482_nsd-53805_stop sign.png,-0.22846982465563725,stop sign
test-0050_nsd-13605.png,-0.2285517111838601,mouse
train-6283_nsd-46329_microwave.png,-0.22864332794164013,microwave
train-6228_nsd-50441.png,-0.22869284640628018,fork
train-5861_nsd-47142.png,-0.22915095849852626,bottle
train-7990_nsd-59027_tv.png,-0.22919486149859816,tv
train-0735_nsd-05928_chair.png,-0.22935268253454993,chair
train-6557_nsd-48691.png,-0.2294093823535302,fork
test-0091_nsd-25114_laptop.png,-0.22944986783061525,laptop
train-2173_nsd-16147_chair.png,-0.22963620468040022,chair
train-9694_nsd-71774_mouse.png,-0.22966999511756614,mouse
train-5035_nsd-37213_chair.png,-0.22973493785786625,chair
train-3680_nsd-29837_tv.png,-0.22977853631765452,tv
train-1080_nsd-08043_chair.png,-0.2297796850629545,chair
train-6062_nsd-49148.png,-0.23004935527292295,stop sign
test-0159_nsd-38540_laptop.png,-0.23006184679154457,laptop
train-3082_nsd-22886.png,-0.23012388761061092,car
train-8110_nsd-67237_cup.png,-0.2301461056442282,cup
train-3909_nsd-28916_mouse.png,-0.2302139074361803,mouse
train-2385_nsd-17744_mouse.png,-0.23021974456331493,mouse
train-6201_nsd-50237_tv.png,-0.2302993135402516,tv
train-4061_nsd-33265_laptop.png,-0.2303217084089397,laptop
train-1245_nsd-10595.png,-0.23041187186372275,cup
train-7333_nsd-60726.png,-0.2304642741383263,stop sign
train-6325_nsd-52264_stop sign.png,-0.23049550968966576,stop sign
train-8025_nsd-59951.png,-0.23065057891002724,cup
train-6423_nsd-51344_tv.png,-0.23082826596031578,tv
train-1180_nsd-09978_chair.png,-0.23093667672509763,chair
train-4793_nsd-38760.png,-0.23117820832420072,car
train-5400_nsd-44357.png,-0.23128978780619047,car
train-7837_nsd-62858.png,-0.23159683598911524,clock
train-5028_nsd-37311_laptop.png,-0.23170618281103364,laptop
train-7851_nsd-58622.png,-0.23179280416352918,cup
train-1997_nsd-14354.png,-0.23186755804500594,car
train-7169_nsd-59747_oven.png,-0.23195012120190622,oven
train-7288_nsd-60328.png,-0.23209576262695053,sink
train-3767_nsd-30590_tv.png,-0.23213687740026107,tv
train-9026_nsd-72492.png,-0.23237518052012002,cup
train-7226_nsd-57680_car.png,-0.2324221414587896,car
train-7267_nsd-53685.png,-0.23249973618533,car
train-6030_nsd-44720.png,-0.2325282499955152,car
train-4576_nsd-34040.png,-0.23253460285425026,chair
train-4036_nsd-29808.png,-0.23253517844057012,tv
test-0099_nsd-17091_cup.png,-0.23268795948103368,cup
train-5077_nsd-37794_tv.png,-0.23297838115675437,tv
train-9839_nsd-72985_tv.png,-0.2329928577636771,tv
train-8105_nsd-60186.png,-0.2329974594799719,chair
train-2301_nsd-17202_laptop.png,-0.2331684260957197,laptop
train-7821_nsd-64794_laptop.png,-0.2334390166107201,laptop
train-6704_nsd-54158.png,-0.23350997778017288,clock
train-8137_nsd-60225_tv.png,-0.23373112884394562,tv
train-3141_nsd-23286_bottle.png,-0.23373278087633825,bottle
train-4168_nsd-31093.png,-0.23373822283935486,clock
train-4230_nsd-34446.png,-0.2338466137139193,fork
train-2111_nsd-15173_sink.png,-0.23385081263949964,sink
train-0521_nsd-04141_sink.png,-0.23386248508371926,sink
train-0857_nsd-06696_laptop.png,-0.2340430441469437,laptop
train-7680_nsd-63551.png,-0.23404664590007793,toilet
train-1959_nsd-15894.png,-0.23407814303036995,car
train-9501_nsd-70420_oven.png,-0.2341808765280667,oven
train-6715_nsd-49384_keyboard.png,-0.23418606708231146,keyboard
train-3866_nsd-28663.png,-0.23430729000669898,chair
train-8530_nsd-63235.png,-0.23437806362799266,chair
train-7000_nsd-58192.png,-0.23453593186108154,cup
train-4140_nsd-34093.png,-0.23463787997853355,bottle
train-7872_nsd-63164_chair.png,-0.23463982037352107,chair
train-2825_nsd-22886.png,-0.2346448024391293,car
train-7597_nsd-62862.png,-0.23485921812798136,car
train-5843_nsd-48271.png,-0.2349034047506228,tv
train-6441_nsd-47481_toilet.png,-0.23495999022962494,toilet
train-8014_nsd-64521.png,-0.23518593799515292,fork
train-7472_nsd-55660_tv.png,-0.23522629956905858,tv
train-6587_nsd-54480_stop sign.png,-0.23541025389496686,stop sign
train-7516_nsd-55970.png,-0.23559332132655678,chair
train-8448_nsd-63097.png,-0.23578103351394902,laptop
train-5035_nsd-41125.png,-0.23586329483275914,chair
train-2674_nsd-20028.png,-0.23589389465584046,sink
train-1041_nsd-08394.png,-0.23604523362275973,oven
train-6426_nsd-51974_toilet.png,-0.23604851519108402,toilet
train-2898_nsd-23884.png,-0.23613033906303488,cup
train-9042_nsd-67237_cup.png,-0.23641675475535878,cup
train-4806_nsd-35508.png,-0.23644402548993554,fork
train-8921_nsd-65964.png,-0.23645928468287178,laptop
train-5751_nsd-46850_mouse.png,-0.23648270129861348,mouse
train-4828_nsd-35668.png,-0.23654358272423381,clock
train-1872_nsd-15780_laptop.png,-0.23663230799091772,laptop
train-9095_nsd-67610.png,-0.2366529848306291,laptop
train-7104_nsd-52733_chair.png,-0.23670576822490608,chair
train-3236_nsd-26489.png,-0.23694859078153377,tv
train-1316_nsd-10533.png,-0.23696842185842631,bottle
train-4828_nsd-39891.png,-0.2370513683337176,bottle
train-7664_nsd-63955_chair.png,-0.23716263586687017,chair
train-1337_nsd-10034_toilet.png,-0.23719482143742834,toilet
train-0244_nsd-02026_tv.png,-0.2373063245249845,tv
test-0012_nsd-02874.png,-0.23738104714749156,car
train-5948_nsd-44415.png,-0.2373987717139027,fork
train-5238_nsd-38735.png,-0.23764143194485723,clock
train-1342_nsd-10107_chair.png,-0.2376942426184614,chair
train-1444_nsd-10284_laptop.png,-0.23774985339661298,laptop
train-8687_nsd-64331.png,-0.23776537587000457,potted plant
train-2962_nsd-24538_laptop.png,-0.2377684878005769,laptop
train-4903_nsd-36645.png,-0.2378632453969631,toilet
train-0436_nsd-03626.png,-0.23786668503528305,laptop
train-2670_nsd-20595.png,-0.23810680045077565,tv
train-2540_nsd-19636_laptop.png,-0.2382333066639323,laptop
train-7425_nsd-61810.png,-0.23832545443017142,toilet
train-0898_nsd-07314_clock.png,-0.2383323990950927,clock
train-3363_nsd-27364.png,-0.23836275002997803,chair
train-6721_nsd-49434_chair.png,-0.23836516745250313,chair
train-2591_nsd-20009.png,-0.23842859533839114,tv
train-3773_nsd-30924.png,-0.2386781551483969,car
train-8252_nsd-68462.png,-0.2388144124705692,clock
train-7514_nsd-62216_chair.png,-0.23906430817496688,chair
test-0058_nsd-30526.png,-0.23918611684130991,chair
train-3724_nsd-28157_chair.png,-0.23919762104623246,chair
train-5747_nsd-46271.png,-0.23927886807078028,cup
train-5011_nsd-37028_cup.png,-0.23928573907650896,cup
train-2948_nsd-24317.png,-0.2396649076572712,tv
train-3848_nsd-28959.png,-0.23982634711499834,potted plant
train-5266_nsd-42498.png,-0.23988448787674516,stop sign
train-2704_nsd-21947.png,-0.23989376743022778,clock
train-6800_nsd-56397_keyboard.png,-0.24001876570624872,keyboard
train-7866_nsd-65569.png,-0.24007140811787636,toilet
train-8719_nsd-64711.png,-0.24009903629088108,car
train-2846_nsd-23668.png,-0.24012021573909853,tv
train-3583_nsd-26593.png,-0.2402360546145047,toilet
train-6754_nsd-50319_laptop.png,-0.2403198521940296,laptop
train-7490_nsd-62035.png,-0.2403247258191321,toilet
train-3897_nsd-28827.png,-0.24032478577206204,car
train-6123_nsd-49668.png,-0.24044415450728038,toilet
train-4420_nsd-32870_laptop.png,-0.24045835717021966,laptop
train-6779_nsd-54662_chair.png,-0.24058612599103435,chair
train-6452_nsd-47945.png,-0.24065805587787562,chair
train-4923_nsd-40583_laptop.png,-0.24070097259192716,laptop
train-5323_nsd-43569_laptop.png,-0.2407097861181457,laptop
train-0194_nsd-01696.png,-0.240832467277865,clock
train-7040_nsd-56723_keyboard.png,-0.24089558541112904,keyboard
train-3392_nsd-27571.png,-0.2409196221566059,chair
train-5914_nsd-44075.png,-0.2410319175146249,car
train-9647_nsd-71576.png,-0.24109817817794543,fork
train-9588_nsd-71006.png,-0.24116646002597877,bottle
train-0827_nsd-07589_stop sign.png,-0.24119159654159322,stop sign
train-8272_nsd-61760_laptop.png,-0.24131205389771027,laptop
train-0815_nsd-06628.png,-0.2414299593381,car
train-8460_nsd-63181_car.png,-0.24153763749747711,car
train-0773_nsd-06115.png,-0.24169093511570944,car
test-0007_nsd-05108.png,-0.24171698506378647,clock
train-6616_nsd-49207_bottle.png,-0.24176468389948083,bottle
train-2070_nsd-14792.png,-0.24188927080628486,stop sign
train-1625_nsd-13262.png,-0.2419188015703471,stop sign
train-7466_nsd-55545.png,-0.2422467138188425,chair
train-4982_nsd-36806_laptop.png,-0.24228519975331178,laptop
train-3645_nsd-29905.png,-0.2423381856287905,laptop
train-2885_nsd-21318.png,-0.2424860836106234,chair
train-5513_nsd-45052_bottle.png,-0.24263882181912544,bottle
train-4666_nsd-38255.png,-0.24267741858781836,car
train-4942_nsd-40443_laptop.png,-0.24275596123313598,laptop
train-4399_nsd-36142.png,-0.2427943621022814,laptop
train-0829_nsd-06201.png,-0.24288987753233895,chair
train-6047_nsd-45013_chair.png,-0.24292189643026446,chair
train-0114_nsd-00945.png,-0.24298747362264358,chair
train-3995_nsd-32793_clock.png,-0.24306302327507737,clock
train-3100_nsd-23671_stop sign.png,-0.24308609070959594,stop sign
train-3871_nsd-31391_laptop.png,-0.24313208670467776,laptop
train-2823_nsd-21822_keyboard.png,-0.2431395862305492,keyboard
train-2940_nsd-24386.png,-0.24336627048350243,stop sign
train-2335_nsd-19849_microwave.png,-0.24340503246390663,microwave
train-8664_nsd-64508_laptop.png,-0.24361219075148746,laptop
train-3297_nsd-24461_stop sign.png,-0.24369144652971267,stop sign
train-6115_nsd-45771.png,-0.24371967486255172,bottle
train-7679_nsd-57288.png,-0.24385858070096608,bottle
train-2945_nsd-23976_chair.png,-0.24397992821633224,chair
train-6043_nsd-44609_laptop.png,-0.24416677561231698,laptop
train-6329_nsd-50653.png,-0.24423890962345107,chair
train-8373_nsd-69557_car.png,-0.2442420898098341,car
train-3036_nsd-24805_chair.png,-0.24425831202974754,chair
train-0707_nsd-05365.png,-0.2443569364212972,car
train-1887_nsd-14283.png,-0.2444165477179141,laptop
train-1998_nsd-15056.png,-0.24444876712699887,laptop
train-4244_nsd-31938_laptop.png,-0.2445032566105228,laptop
train-4608_nsd-37989_cup.png,-0.2445539523247485,cup
train-2519_nsd-20623_microwave.png,-0.2445761871738459,microwave
train-5593_nsd-45690.png,-0.2446801628191909,chair
train-4664_nsd-34751.png,-0.24482322816615845,bottle
train-2989_nsd-22163.png,-0.24484780354346602,toilet
train-9495_nsd-70446_stop sign.png,-0.2450073446277161,stop sign
train-2647_nsd-21933.png,-0.24516142312568143,potted plant
train-0677_nsd-05368_potted plant.png,-0.24521652517485532,potted plant
test-0004_nsd-00647_sink.png,-0.2452742328123618,sink
train-6291_nsd-50962_tv.png,-0.2453147823117224,tv
train-6169_nsd-45444.png,-0.2453648237931146,tv
train-1414_nsd-11940_laptop.png,-0.24541610563113667,laptop
train-7785_nsd-62544.png,-0.2454282507535239,fork
train-3122_nsd-23168.png,-0.24546738590752726,stop sign
train-7965_nsd-66397.png,-0.245534546353207,car
train-4862_nsd-36124.png,-0.24556202601417793,car
train-1969_nsd-14896_cup.png,-0.24557732419692968,cup
train-6846_nsd-50361_clock.png,-0.24575320907740755,clock
train-3417_nsd-25466.png,-0.24575391414055706,stop sign
test-0107_nsd-51854.png,-0.24580183339891845,car
train-2671_nsd-19683.png,-0.2458731430809386,chair
train-5112_nsd-42055.png,-0.24607734977647347,car
train-8400_nsd-62206.png,-0.24629657590901863,microwave
train-8210_nsd-60842_oven.png,-0.2463977630826173,oven
train-8499_nsd-70591_tv.png,-0.24647224228821596,tv
train-8002_nsd-66414_keyboard.png,-0.24647993475201138,keyboard
train-5498_nsd-45249_bottle.png,-0.24649237904385177,bottle
train-3223_nsd-26320_car.png,-0.24685254286662273,car
train-6712_nsd-50067.png,-0.24687536249190992,stop sign
train-9193_nsd-67946.png,-0.24693275542261825,tv
train-7422_nsd-61797.png,-0.24694213233209936,car
train-9573_nsd-70998.png,-0.24711788357211734,car
train-6124_nsd-45562.png,-0.24719147384322004,cup
train-1058_nsd-08947.png,-0.2471984323195255,toilet
train-5992_nsd-44754_tv.png,-0.24740794858236284,tv
train-2312_nsd-19291_sink.png,-0.2475193781238021,sink
train-5215_nsd-42946_chair.png,-0.24764735265522106,chair
train-4777_nsd-39102_tv.png,-0.2476807427118372,tv
train-2384_nsd-17738.png,-0.24772617866560645,cup
train-1446_nsd-10871.png,-0.2478663290677025,stop sign
train-2251_nsd-19110.png,-0.24787757089057222,toilet
train-4044_nsd-29848_stop sign.png,-0.24802923642338118,stop sign
train-0014_nsd-00126.png,-0.2480364141443864,laptop
train-8501_nsd-62996.png,-0.2481023228507801,bottle
train-4819_nsd-35916.png,-0.2482600059445971,potted plant
train-6946_nsd-51739.png,-0.24827273861767424,laptop
train-8171_nsd-65755.png,-0.248329124367297,tv
train-2695_nsd-20796.png,-0.24833659371095704,stop sign
train-1290_nsd-09978_chair.png,-0.24842976081345025,chair
train-3127_nsd-25644_tv.png,-0.24863762410221252,tv
train-3937_nsd-31887.png,-0.2486505317476049,car
train-4306_nsd-35347.png,-0.24866627842391043,microwave
train-5339_nsd-43686.png,-0.24878621030002412,clock
train-0859_nsd-07033_car.png,-0.24901442418803083,car
train-2053_nsd-15365_stop sign.png,-0.24912246810493,stop sign
train-8488_nsd-62864.png,-0.24933901293360722,tv
train-8711_nsd-64595_sink.png,-0.24936236332620798,sink
train-8315_nsd-61696_sink.png,-0.24937561691903384,sink
train-6826_nsd-56601_oven.png,-0.2495124126426803,oven
train-7920_nsd-58489.png,-0.24957164311113464,clock
train-5239_nsd-38936.png,-0.24967199593313677,chair
train-3313_nsd-27158.png,-0.24993508813406107,car
train-7689_nsd-56819.png,-0.24993965302227247,car
train-0615_nsd-05344.png,-0.2502735012294785,car
train-4077_nsd-33438.png,-0.25027441387253346,laptop
train-8333_nsd-69350_oven.png,-0.25034204832405066,oven
test-0295_nsd-53055.png,-0.2504107214938228,car
train-1914_nsd-14298.png,-0.25052160506442733,cup
train-9055_nsd-67147.png,-0.2505616298962161,tv
train-4400_nsd-32766.png,-0.25072465760787915,cup
train-5373_nsd-43980_keyboard.png,-0.2508674282624875,keyboard
train-7776_nsd-64840_stop sign.png,-0.2508682792895025,stop sign
train-7340_nsd-60808_keyboard.png,-0.25087657571472644,keyboard
train-4869_nsd-40206.png,-0.2509478185434064,sink
train-4612_nsd-34473.png,-0.25103781859844754,laptop
train-7364_nsd-55049_bottle.png,-0.25121541352654597,bottle
train-3961_nsd-29278_tv.png,-0.2512287129323957,tv
train-3961_nsd-29837_tv.png,-0.2512499159353845,tv
train-4399_nsd-35737.png,-0.25141313919884495,car
train-2316_nsd-18639_bottle.png,-0.25165897927064446,bottle
train-3632_nsd-29749_tv.png,-0.25177745735071905,tv
train-7518_nsd-60348.png,-0.2518819067398064,oven
train-3506_nsd-28396_stop sign.png,-0.2519679278580775,stop sign
train-0131_nsd-01118_chair.png,-0.25214236698981024,chair
train-8868_nsd-71372.png,-0.2521911528845948,clock
train-3935_nsd-32297.png,-0.2522574212794669,tv
train-9756_nsd-72275_laptop.png,-0.2524842006527852,laptop
train-8209_nsd-60917_laptop.png,-0.25251012010793616,laptop
train-2754_nsd-21318.png,-0.2527350918180029,chair
train-7782_nsd-57719.png,-0.25284371202589,clock
train-8546_nsd-63746.png,-0.252957841148907,clock
train-3498_nsd-26574_cup.png,-0.25304559711169494,cup
train-2626_nsd-19551_stop sign.png,-0.2532134581275937,stop sign
train-2431_nsd-18764.png,-0.2533314844640196,laptop
train-2251_nsd-18792_tv.png,-0.25338531139898657,tv
train-4368_nsd-32384.png,-0.25351136838726346,stop sign
train-9340_nsd-69394.png,-0.2535356096851123,car
train-2277_nsd-19307_oven.png,-0.2535812707196617,oven
train-8016_nsd-64539.png,-0.253723347760506,bottle
train-1558_nsd-13150_tv.png,-0.25381903680405055,tv
train-4865_nsd-39828.png,-0.25390106105721566,clock
train-7838_nsd-64953.png,-0.25398119723690654,laptop
train-7642_nsd-56987.png,-0.25403636232716126,laptop
train-6598_nsd-48573.png,-0.25425869270161977,car
train-1243_nsd-09948.png,-0.25426306959950723,clock
test-0025_nsd-06631.png,-0.25448412046279334,stop sign
train-8547_nsd-70985.png,-0.2545876140113855,potted plant
train-2079_nsd-16928.png,-0.2546182380152438,car
train-1972_nsd-16660_tv.png,-0.25462306562417597,tv
train-0915_nsd-07041_chair.png,-0.25465941062409664,chair
train-4866_nsd-35972_clock.png,-0.25466904291634807,clock
train-6065_nsd-48599_bottle.png,-0.25473165622077176,bottle
train-5823_nsd-43443_oven.png,-0.254736730313183,oven
train-8034_nsd-67060_fork.png,-0.2547565014296634,fork
train-0355_nsd-03047.png,-0.25480123600711624,tv
train-0913_nsd-06425.png,-0.2549334238272377,car
train-1286_nsd-09942_chair.png,-0.2550370890313794,chair
train-1638_nsd-13781_bottle.png,-0.25533737448274196,bottle
train-2950_nsd-21874_laptop.png,-0.25535019474268905,laptop
train-6946_nsd-55887_mouse.png,-0.25537425854360196,mouse
train-5736_nsd-42937.png,-0.25547913277858775,fork
train-8416_nsd-69985_keyboard.png,-0.25560616762244265,keyboard
train-6889_nsd-50711.png,-0.2556627092195983,potted plant
train-6372_nsd-47218_mouse.png,-0.2556721393024723,mouse
train-7875_nsd-63182_tv.png,-0.2557575318444707,tv
train-1012_nsd-08165.png,-0.255840776974606,tv
train-1067_nsd-08235.png,-0.2558456562728344,tv
train-4201_nsd-34586.png,-0.2559183459332626,bottle
train-4239_nsd-31349.png,-0.2559505837185298,sink
train-0219_nsd-01899.png,-0.25597487224331616,sink
train-0192_nsd-01616_tv.png,-0.25624185565496643,tv
train-6006_nsd-44720.png,-0.2563177843573738,car
train-1609_nsd-12346.png,-0.25640466785659377,tv
train-3563_nsd-28819_tv.png,-0.25652865574737804,tv
train-6485_nsd-48297.png,-0.25657703148679617,car
train-4776_nsd-39075_laptop.png,-0.25658880595286016,laptop
train-6059_nsd-50125.png,-0.2566598139899589,mouse
train-6315_nsd-46847.png,-0.2567391428810727,car
train-8689_nsd-64476.png,-0.25693267459579056,laptop
train-0844_nsd-05963.png,-0.2570809005644671,bottle
train-2977_nsd-22886.png,-0.25715985886185966,car
train-0302_nsd-02854_laptop.png,-0.25719635712933303,laptop
train-1250_nsd-09563.png,-0.2573160643547514,car
train-3501_nsd-26587_clock.png,-0.25731611524385156,clock
train-4149_nsd-30625.png,-0.25747172312803834,potted plant
train-8766_nsd-70553.png,-0.25772101913258255,tv
train-9172_nsd-68255.png,-0.257778871041745,toilet
train-8193_nsd-61262.png,-0.2578621516273344,keyboard
train-9045_nsd-66905_toilet.png,-0.2579007248454752,toilet
train-7622_nsd-56384.png,-0.2581151985140958,keyboard
train-4406_nsd-32787_laptop.png,-0.2582183696329857,laptop
train-4218_nsd-31436_laptop.png,-0.258262736775733,laptop
test-0040_nsd-06811.png,-0.25828053441683324,car
train-8860_nsd-65735.png,-0.25829334769438866,keyboard
train-5056_nsd-41827.png,-0.25843382601791887,clock
train-7938_nsd-58868.png,-0.2584391209350774,fork
train-1133_nsd-09167.png,-0.2587703359190845,chair
train-6882_nsd-51222_microwave.png,-0.258911956183782,microwave
train-6891_nsd-51305_cup.png,-0.25892622757395906,cup
train-0334_nsd-02870_chair.png,-0.259004103331179,chair
train-2472_nsd-18401_mouse.png,-0.25902160453256984,mouse
train-3879_nsd-28709_keyboard.png,-0.25911189938825513,keyboard
test-0026_nsd-10852_sink.png,-0.259136153928829,sink
train-8026_nsd-59619.png,-0.2595354368980981,car
train-0858_nsd-07795_sink.png,-0.2595668528000287,sink
train-8517_nsd-68520.png,-0.25959096209403226,clock
train-8428_nsd-62544.png,-0.2597389322926654,fork
train-0079_nsd-00675.png,-0.25976065748109567,cup
train-5529_nsd-40935_laptop.png,-0.2598264490653126,laptop
train-0953_nsd-06617_tv.png,-0.2598544619140102,tv
train-4042_nsd-29837_keyboard.png,-0.2600607477369061,keyboard
train-3361_nsd-27343_laptop.png,-0.2601966221226574,laptop
train-8561_nsd-63856.png,-0.2602028047923128,potted plant
train-1537_nsd-12981.png,-0.2602668176774332,bottle
train-5485_nsd-45022.png,-0.2604661261676207,car
train-2216_nsd-17074.png,-0.2607342465428123,car
train-0524_nsd-04197_chair.png,-0.26082985800271197,chair
train-0457_nsd-03850_potted plant.png,-0.26097177627249535,potted plant
train-6966_nsd-52085_microwave.png,-0.26100431204789876,microwave
train-3927_nsd-32133.png,-0.26109241486438217,clock
train-2255_nsd-16765.png,-0.2610942774907863,bottle
train-9071_nsd-67376.png,-0.26118164935305616,laptop
train-6867_nsd-56723_tv.png,-0.261195368866714,tv
train-3470_nsd-25664_laptop.png,-0.26120158749464417,laptop
train-0961_nsd-08262.png,-0.26137216497157134,fork
train-8758_nsd-65114.png,-0.26171217129295316,tv
train-7413_nsd-61732.png,-0.26194939367726877,toilet
train-2086_nsd-15984.png,-0.2621006546833665,clock
train-9035_nsd-72632_tv.png,-0.26222994801991095,tv
train-5085_nsd-41113.png,-0.26224560539493014,car
train-2941_nsd-24389.png,-0.2624681432215282,laptop
train-8325_nsd-61752_laptop.png,-0.26281115183409104,laptop
train-5618_nsd-46156_bottle.png,-0.2629184244004105,bottle
train-5011_nsd-40935_chair.png,-0.2629193758481785,chair
train-0458_nsd-04176.png,-0.2630043051309679,car
train-0946_nsd-07248_keyboard.png,-0.2631805833355722,keyboard
train-4996_nsd-37035_cup.png,-0.26320525890642943,cup
test-0127_nsd-60414.png,-0.26353741789546437,fork
train-1992_nsd-16253.png,-0.2635621534691651,laptop
train-8275_nsd-61356.png,-0.2637617462786169,laptop
train-9596_nsd-71070_tv.png,-0.2639484163666241,tv
train-1048_nsd-09071_laptop.png,-0.26411219329784735,laptop
train-5136_nsd-38325.png,-0.264442517224732,laptop
train-6172_nsd-51070.png,-0.26465302806621305,car
train-8843_nsd-65627_tv.png,-0.2646740836216374,tv
train-6164_nsd-50960.png,-0.2647477891919799,car
train-7865_nsd-63126_tv.png,-0.2650266806295391,tv
train-0623_nsd-05709.png,-0.26503367589165044,car
train-0668_nsd-05264.png,-0.26520853727164007,cup
train-7956_nsd-58963_stop sign.png,-0.26535156982098496,stop sign
train-8647_nsd-64136_laptop.png,-0.26548252471917294,laptop
train-2421_nsd-18068.png,-0.26552086671963904,tv
train-2830_nsd-23477.png,-0.26557264178070245,potted plant
train-6841_nsd-56723_tv.png,-0.26561230092637717,tv
train-7266_nsd-54020_tv.png,-0.26575249824386266,tv
train-7688_nsd-61690.png,-0.26581514950857954,stop sign
train-8089_nsd-65156_cup.png,-0.26586098310872003,cup
train-2636_nsd-19632_sink.png,-0.2659244891789075,sink
train-8319_nsd-67001_keyboard.png,-0.2661638238710571,keyboard
train-3638_nsd-29837_tv.png,-0.2663036446500087,tv
train-2708_nsd-19959_tv.png,-0.26653474018030915,tv
train-2683_nsd-20076.png,-0.2666815051398246,cup
train-3137_nsd-23970.png,-0.2667089606982749,laptop
train-6318_nsd-50551_tv.png,-0.266879068366681,tv
train-8691_nsd-72289.png,-0.26688543402610226,potted plant
train-2965_nsd-22026.png,-0.26697205324759454,car
train-7108_nsd-56669.png,-0.26709940121108855,keyboard
train-4133_nsd-33552.png,-0.26727211877822055,bottle
train-2111_nsd-17206_tv.png,-0.2672762804319562,tv
train-5584_nsd-45028_tv.png,-0.2673427177589414,tv
train-0003_nsd-00018_chair.png,-0.2674373987795019,chair
train-6618_nsd-49234_laptop.png,-0.267493046974273,laptop
train-3044_nsd-23311.png,-0.26765647274468085,car
train-5924_nsd-47625.png,-0.26775825447832097,stop sign
train-3672_nsd-27820_laptop.png,-0.268243840170821,laptop
test-0147_nsd-36653.png,-0.2683165929142748,chair
train-1191_nsd-09574.png,-0.26852319243577855,potted plant
train-3193_nsd-24317.png,-0.26858877173822593,tv
train-2982_nsd-24317.png,-0.26869493166072456,tv
train-2799_nsd-23052_laptop.png,-0.2689478894223359,laptop
train-0641_nsd-04436.png,-0.26902043215519233,cup
train-2467_nsd-19069_oven.png,-0.2690279149477953,oven
train-7400_nsd-61373_toilet.png,-0.26917873671983145,toilet
train-4864_nsd-40147.png,-0.2692325497850559,car
train-0880_nsd-06194.png,-0.2692342687893312,car
train-7536_nsd-62320.png,-0.26940916479319266,cup
train-4965_nsd-40935_laptop.png,-0.26960312168996714,laptop
train-6447_nsd-53558_toilet.png,-0.2696284528732403,toilet
train-1199_nsd-09671.png,-0.26963679697705106,cup
train-5011_nsd-40935_laptop.png,-0.26966699357180096,laptop
train-2352_nsd-19112_chair.png,-0.2697305394608891,chair
train-7613_nsd-56796.png,-0.2698936224705578,car
train-7969_nsd-66413_tv.png,-0.2699692347256613,tv
train-0838_nsd-07643.png,-0.27006990233284356,clock
train-2203_nsd-17009.png,-0.27023939335719704,chair
train-0174_nsd-01530.png,-0.2704100381538232,clock
train-2146_nsd-15473_bottle.png,-0.2705345682816535,bottle
train-6898_nsd-51340_bottle.png,-0.2707460282935943,bottle
train-5225_nsd-42211_laptop.png,-0.27085226133458623,laptop
train-8125_nsd-65392.png,-0.27089698668778106,chair
train-8706_nsd-70075.png,-0.27105151665738614,chair
train-0869_nsd-06449_tv.png,-0.2711678487363863,tv
train-9427_nsd-70022.png,-0.27129803156907095,potted plant
train-4437_nsd-36034_oven.png,-0.27140045513546446,oven
train-0264_nsd-02393.png,-0.2715432907197208,chair
train-1512_nsd-12188_tv.png,-0.2715640648634332,tv
train-5154_nsd-38487.png,-0.2715856981921077,chair
train-3050_nsd-23358_laptop.png,-0.27169867954598426,laptop
train-3490_nsd-26481_keyboard.png,-0.27175447064788016,keyboard
train-1722_nsd-12937_tv.png,-0.27182303454427503,tv
train-2285_nsd-17668.png,-0.27183323269053966,car
train-0109_nsd-00912_bottle.png,-0.2721895359350434,bottle
train-8957_nsd-66279.png,-0.27220415271502946,clock
train-7723_nsd-57587_toilet.png,-0.2727195505855452,toilet
train-4869_nsd-40171.png,-0.2727204642148879,laptop
train-6102_nsd-45005.png,-0.2727878218315978,car
train-1056_nsd-08603.png,-0.2728382997087849,car
train-1832_nsd-14083.png,-0.2729180615608239,car
train-5112_nsd-37829_chair.png,-0.2730027111586698,chair
train-2787_nsd-23156.png,-0.27317675098898564,cup
train-3438_nsd-25556_tv.png,-0.273361352484166,tv
train-8457_nsd-62604_toilet.png,-0.2734958155837973,toilet
train-6599_nsd-53363_bottle.png,-0.2737086168564772,bottle
train-2858_nsd-21153.png,-0.27380650772678855,fork
train-6845_nsd-50360.png,-0.27385804398660124,car
train-2740_nsd-22378_sink.png,-0.2740701615096744,sink
train-7172_nsd-53239_microwave.png,-0.2741710847761655,microwave
train-2338_nsd-19890_bottle.png,-0.274255003518919,bottle
train-1986_nsd-14982_bottle.png,-0.2746510458026237,bottle
train-0630_nsd-05062.png,-0.27489347194232017,laptop
train-7439_nsd-59661_mouse.png,-0.27516925440927514,mouse
train-6292_nsd-46773_toilet.png,-0.27519603195908365,toilet
train-6588_nsd-52621_tv.png,-0.2752643315936325,tv
train-5839_nsd-43615.png,-0.275398249716751,clock
train-2377_nsd-17698.png,-0.27542361177270264,toilet
train-8681_nsd-72165.png,-0.2755046081080336,car
train-3459_nsd-28037.png,-0.27580167474181294,microwave
train-6536_nsd-48807.png,-0.275887739465563,clock
train-8427_nsd-67774.png,-0.27592755138965847,chair
train-9583_nsd-70960.png,-0.27603698847177865,toilet
train-1651_nsd-12415_oven.png,-0.2761810360977845,oven
train-6833_nsd-55061_keyboard.png,-0.27618640325558896,keyboard
train-1602_nsd-13485_chair.png,-0.2762659781315391,chair
train-1217_nsd-09834.png,-0.2766589357127366,car
train-0728_nsd-06295_microwave.png,-0.27674231821115036,microwave
train-7699_nsd-64200.png,-0.2768170970026623,cup
train-1225_nsd-09844.png,-0.27687067619853106,potted plant
train-7704_nsd-57482.png,-0.27709461984130274,clock
train-5262_nsd-38900.png,-0.27719286183745795,clock
train-1044_nsd-08061.png,-0.2772536705667053,chair
test-0282_nsd-51187.png,-0.2773672823345098,car
train-1904_nsd-16012_tv.png,-0.27737873659134,tv
train-2855_nsd-23559.png,-0.27743236360852386,toilet
train-3719_nsd-28127.png,-0.277583359674674,microwave
train-4036_nsd-33104.png,-0.27770368706228843,microwave
train-3842_nsd-28497_clock.png,-0.27780648575291633,clock
train-5439_nsd-40486_clock.png,-0.2779353784878167,clock
test-0377_nsd-70517.png,-0.27799313082464455,car
train-6639_nsd-53675.png,-0.27802244562130785,cup
train-3383_nsd-27725.png,-0.2781814220781897,chair
train-6991_nsd-58124.png,-0.2782634516090043,keyboard
train-4800_nsd-35801_clock.png,-0.27827441869592295,clock
train-5015_nsd-37398.png,-0.2783253261414723,chair
train-1752_nsd-14837.png,-0.27834200083519917,toilet
train-3473_nsd-28409.png,-0.27836666282662964,clock
train-8198_nsd-68269_chair.png,-0.27857522941852114,chair
train-6797_nsd-50666_cup.png,-0.27859283824984765,cup
train-1014_nsd-07761.png,-0.2788951574725928,chair
train-3387_nsd-25704.png,-0.2789705002985255,toilet
train-1400_nsd-10570.png,-0.2789896839518535,toilet
train-0834_nsd-06799_chair.png,-0.2793611337945673,chair
train-2564_nsd-20644_keyboard.png,-0.2793707038822509,keyboard
train-7148_nsd-59564.png,-0.27940421024159084,stop sign
train-9630_nsd-71420.png,-0.2795102022475977,chair
train-0589_nsd-05072.png,-0.27999434464451106,car
train-4527_nsd-36659.png,-0.2800249682185831,car
train-1260_nsd-09683.png,-0.280042379921924,clock
train-8516_nsd-63182_tv.png,-0.28029322534315,tv
train-4333_nsd-32555_stop sign.png,-0.2803627152082141,stop sign
train-9413_nsd-69713.png,-0.28036952165762064,stop sign
train-8487_nsd-68317_clock.png,-0.2804174086105515,clock
train-9180_nsd-68112.png,-0.2804392692205623,stop sign
train-5967_nsd-47915.png,-0.2809241812522462,stop sign
train-6192_nsd-50164.png,-0.28094011310953637,potted plant
train-9248_nsd-68697_laptop.png,-0.2810265355992744,laptop
train-8026_nsd-66546_tv.png,-0.2810456518726161,tv
train-0968_nsd-06703.png,-0.28104795322104076,chair
train-6932_nsd-57512_toilet.png,-0.2811567913217706,toilet
train-7535_nsd-56263.png,-0.2812263050950553,stop sign
train-2902_nsd-23936.png,-0.28128010074797055,stop sign
train-3500_nsd-26584.png,-0.281342135544298,car
train-5673_nsd-46215.png,-0.2814700756043444,clock
train-2718_nsd-22084.png,-0.28161656267880475,cup
train-6124_nsd-45808.png,-0.2817365486160339,clock
train-3778_nsd-28473_clock.png,-0.2819127038125463,clock
train-3814_nsd-28307.png,-0.2819130433173933,fork
train-2347_nsd-18872_stop sign.png,-0.2819355084456846,stop sign
train-6939_nsd-51706.png,-0.2820823013735364,tv
train-7578_nsd-60867.png,-0.2821339972651233,car
train-2375_nsd-17290.png,-0.28214373342593163,fork
train-6124_nsd-49670_chair.png,-0.28231955357720867,chair
train-6175_nsd-45894_bottle.png,-0.2823270448397197,bottle
train-0136_nsd-01114_toilet.png,-0.28250721143037344,toilet
train-0429_nsd-03585_chair.png,-0.2825520641969462,chair
train-8760_nsd-65058.png,-0.2829436722694117,clock
train-5079_nsd-41994.png,-0.28330777587183104,tv
train-6655_nsd-49532_laptop.png,-0.283316575335831,laptop
train-5644_nsd-45514.png,-0.28356986202594664,car
train-8079_nsd-59881_sink.png,-0.2839209152177454,sink
train-5769_nsd-46997_laptop.png,-0.2840092733969582,laptop
train-0707_nsd-06542.png,-0.28410842002490316,stop sign
train-6781_nsd-50500_laptop.png,-0.2841855395926929,laptop
train-2873_nsd-21233_chair.png,-0.2842152629630146,chair
train-4811_nsd-39805.png,-0.28430900113074675,tv
train-7725_nsd-57599_laptop.png,-0.2844580114979304,laptop
train-7825_nsd-64830.png,-0.28458199544781715,car
train-6715_nsd-49384_laptop.png,-0.28470748301296084,laptop
train-3069_nsd-25287.png,-0.2848943520639501,microwave
train-7434_nsd-55257_tv.png,-0.2849555294826296,tv
train-3084_nsd-25319.png,-0.2849601714977091,chair
train-0155_nsd-01283_bottle.png,-0.28512622667980275,bottle
train-5884_nsd-47305.png,-0.2852113704672122,car
train-1643_nsd-11811_bottle.png,-0.2853652035533573,bottle
train-4244_nsd-31349.png,-0.28539630049571624,sink
train-5757_nsd-47342.png,-0.2854684858836552,laptop
train-3843_nsd-31555_tv.png,-0.28550176143171335,tv
train-5493_nsd-40935_laptop.png,-0.2855481629548436,laptop
train-4573_nsd-37018.png,-0.2857014996220345,toilet
train-5498_nsd-40935_laptop.png,-0.28591072166381215,laptop
train-5770_nsd-46418_sink.png,-0.28604610375592915,sink
train-7346_nsd-60867.png,-0.2860905600263078,car
train-5143_nsd-42391.png,-0.2861402883293033,laptop
train-6335_nsd-47060.png,-0.2861624333688468,tv
train-5763_nsd-47374.png,-0.28636529593496746,laptop
train-2068_nsd-17459_toilet.png,-0.28641099624200483,toilet
train-5812_nsd-42946_chair.png,-0.2864641100506353,chair
train-4124_nsd-33515.png,-0.28649545927712217,car
train-0240_nsd-02010_chair.png,-0.2866749601631485,chair
train-5687_nsd-42559_laptop.png,-0.2867061804026978,laptop
train-6926_nsd-57476_sink.png,-0.2867108097445116,sink
train-4598_nsd-37926_sink.png,-0.28680142579916945,sink
train-7621_nsd-56723_keyboard.png,-0.2868786857371908,keyboard
train-2341_nsd-17374.png,-0.2869775828241373,stop sign
train-1066_nsd-08201.png,-0.2869939331117805,clock
train-8560_nsd-63468_laptop.png,-0.2872793728152032,laptop
train-8357_nsd-67237_cup.png,-0.2876665704477606,cup
train-1450_nsd-10317.png,-0.28769829272888864,cup
train-0514_nsd-04175.png,-0.28772248602288963,car
train-5120_nsd-38010.png,-0.2878866062747617,cup
train-1849_nsd-15011.png,-0.2880479266106745,car
train-4406_nsd-32652.png,-0.2880661248326481,car
train-6578_nsd-52522_tv.png,-0.28810116967750116,tv
train-0829_nsd-06731.png,-0.28823966358704844,tv
train-6157_nsd-49881_bottle.png,-0.288393914816053,bottle
train-4970_nsd-37167.png,-0.2886149986000446,tv
train-0263_nsd-02061_tv.png,-0.2886649871582638,tv
train-3806_nsd-28262_cup.png,-0.28886490085190003,cup
train-5471_nsd-44902_keyboard.png,-0.2891119041667038,keyboard
train-8083_nsd-60448.png,-0.28933386138780576,laptop
train-3238_nsd-26496.png,-0.28934180528712106,car
train-3592_nsd-26653.png,-0.28948839943753096,car
train-7495_nsd-55445_laptop.png,-0.28950666245952034,laptop
train-2901_nsd-21510_sink.png,-0.28969270882234144,sink
train-5895_nsd-47889.png,-0.2896936623239588,microwave
train-3159_nsd-25802.png,-0.28969485107273696,bottle
train-9291_nsd-68921.png,-0.28973822375180963,chair
train-1027_nsd-08262.png,-0.28983688410492897,fork
train-2594_nsd-20034.png,-0.2898995104475935,sink
train-3063_nsd-25262.png,-0.2899617737844711,laptop
train-8627_nsd-69477.png,-0.2899933547737417,toilet
train-1322_nsd-11162.png,-0.2900308597771868,fork
train-9573_nsd-70900_toilet.png,-0.29008119913978997,toilet
train-8863_nsd-65615.png,-0.2902359456001986,potted plant
train-3621_nsd-27466.png,-0.29032728192813156,bottle
train-8031_nsd-64674.png,-0.29045002654888735,potted plant
train-2418_nsd-19724_laptop.png,-0.29046658530753094,laptop
train-4863_nsd-35954.png,-0.2905569341374832,fork
train-7235_nsd-54121.png,-0.29065172288941576,laptop
train-6286_nsd-46350.png,-0.2909137733427191,cup
train-0083_nsd-00674_cup.png,-0.2909177955902145,cup
train-0879_nsd-06193_laptop.png,-0.2910171141766957,laptop
train-7818_nsd-65107.png,-0.2910986250898386,clock
train-5340_nsd-39699_keyboard.png,-0.291099350654387,keyboard
train-7698_nsd-64182_tv.png,-0.2916250434928052,tv
train-2037_nsd-16577_chair.png,-0.2918769780475114,chair
train-4039_nsd-32659.png,-0.2919621943912161,car
train-1912_nsd-14296.png,-0.29214132813983645,laptop
train-4810_nsd-39738_keyboard.png,-0.2923192245217424,keyboard
train-4140_nsd-33787_sink.png,-0.2923337829100724,sink
train-2753_nsd-22909.png,-0.2924656267691716,potted plant
train-2565_nsd-19829.png,-0.29257031977629744,chair
train-0846_nsd-06948.png,-0.292739890368663,toilet
train-7657_nsd-61447.png,-0.2927435964266291,clock
train-5596_nsd-45116_cup.png,-0.2928262692905442,cup
train-3200_nsd-23763.png,-0.29294457267361745,car
train-5003_nsd-40425_cup.png,-0.29302861460199525,cup
train-6493_nsd-53872.png,-0.29312905973940173,clock
train-9052_nsd-72742.png,-0.29314805813420075,car
train-7711_nsd-57377_cup.png,-0.29320586734502707,cup
train-0718_nsd-05696_laptop.png,-0.2935594326782908,laptop
train-1529_nsd-11726_chair.png,-0.29356615181783874,chair
train-4100_nsd-30332.png,-0.29359053432176563,laptop
train-6751_nsd-49653.png,-0.293931919636746,clock
train-5993_nsd-48683.png,-0.29414760524555184,clock
train-8512_nsd-63148.png,-0.2942433427627385,fork
train-6582_nsd-54445_chair.png,-0.2942503237693103,chair
test-0218_nsd-57151_laptop.png,-0.2943329027369416,laptop
train-7423_nsd-55448_laptop.png,-0.2944479576355199,laptop
test-0059_nsd-10446_car.png,-0.2944641828916974,car
train-0045_nsd-00333.png,-0.2946342180225802,laptop
train-6589_nsd-48510.png,-0.29497901828679884,clock
train-6123_nsd-50653.png,-0.2950001846943507,chair
train-8642_nsd-71879_chair.png,-0.2951427351512013,chair
train-6166_nsd-50987.png,-0.29523047753148074,cup
train-6209_nsd-50302.png,-0.2953261500627213,tv
train-3744_nsd-27686.png,-0.2954947395823236,clock
train-6587_nsd-54480_car.png,-0.29566886054643043,car
train-4641_nsd-38345_bottle.png,-0.2957863937097655,bottle
train-7204_nsd-60091.png,-0.2957977187378181,fork
train-0519_nsd-04436.png,-0.2958686228218763,cup
train-8005_nsd-59791.png,-0.29591714160511645,tv
test-0005_nsd-01220.png,-0.29591758782966243,clock
train-2126_nsd-16037.png,-0.29592455921567046,chair
train-5605_nsd-45181.png,-0.29605332204295415,tv
train-7700_nsd-57451.png,-0.2960863787771015,stop sign
train-1770_nsd-13264_chair.png,-0.2963620112488357,chair
train-0792_nsd-06387.png,-0.29639058243433564,bottle
train-8428_nsd-62920.png,-0.2967125862524254,car
train-5803_nsd-42854_tv.png,-0.2967219894160205,tv
train-6253_nsd-50653.png,-0.2967337305027786,chair
train-5156_nsd-38349_chair.png,-0.2970396444933638,chair
train-8952_nsd-66315_tv.png,-0.29707398138363283,tv
train-1217_nsd-08516.png,-0.2971356278634883,bottle
train-9442_nsd-69841.png,-0.2971842429016375,clock
train-6888_nsd-51388.png,-0.2972647092166482,tv
train-3562_nsd-29255.png,-0.2973061107936954,fork
train-1896_nsd-16070_laptop.png,-0.2973122092188713,laptop
test-0272_nsd-50140_cup.png,-0.2973350447924582,cup
train-7779_nsd-62500_tv.png,-0.29749827784589533,tv
train-0610_nsd-04945_chair.png,-0.29761748102073066,chair
train-2081_nsd-17549_tv.png,-0.2978258338874977,tv
train-7040_nsd-56723_tv.png,-0.2978799599604854,tv
train-7061_nsd-56310.png,-0.2979744712143269,oven
train-1171_nsd-08665.png,-0.2981104045530987,car
train-6255_nsd-50669.png,-0.2981673321042117,stop sign
train-2235_nsd-16218_microwave.png,-0.2982494292627423,microwave
train-9239_nsd-68661.png,-0.29829309183471264,clock
train-4984_nsd-40758_keyboard.png,-0.29841669107978847,keyboard
train-2363_nsd-19182_chair.png,-0.29846960223793007,chair
train-6132_nsd-45595_bottle.png,-0.2985055728302702,bottle
train-6574_nsd-48421_tv.png,-0.29853884425891675,tv
train-4231_nsd-34579_clock.png,-0.2985636597383285,clock
train-1933_nsd-15669_stop sign.png,-0.29868451150307473,stop sign
train-6677_nsd-55361_stop sign.png,-0.2988443578229218,stop sign
train-1415_nsd-11475.png,-0.29896056263150356,laptop
train-1441_nsd-11526_laptop.png,-0.2990485553811778,laptop
train-1686_nsd-12719.png,-0.2991392982656837,clock
train-0198_nsd-01732.png,-0.29919915060773405,tv
train-5434_nsd-44680.png,-0.2992468532331117,toilet
train-4089_nsd-30840.png,-0.29926782978769295,clock
train-6997_nsd-56357.png,-0.29936443921772865,clock
train-6289_nsd-46764_tv.png,-0.29957364036827666,tv
train-8208_nsd-60833_toilet.png,-0.299599719443733,toilet
train-8524_nsd-68570.png,-0.2996853661737921,clock
train-4474_nsd-33177_bottle.png,-0.2996978742344952,bottle
train-5104_nsd-37782.png,-0.2997924144252665,toilet
train-1013_nsd-08262.png,-0.2998345521552119,fork
train-7930_nsd-63767_toilet.png,-0.30001231996571703,toilet
train-7420_nsd-61773_keyboard.png,-0.3000457994821594,keyboard
train-4257_nsd-34874.png,-0.3003132950003847,car
train-5081_nsd-38016_sink.png,-0.30040145339165547,sink
train-2375_nsd-19292_toilet.png,-0.30045458092198246,toilet
train-1136_nsd-09708.png,-0.3006606400705401,toilet
train-0111_nsd-00873.png,-0.3006794017913711,stop sign
train-8376_nsd-62484.png,-0.3007152881668042,stop sign
train-9830_nsd-72869.png,-0.30088066399076363,toilet
train-3963_nsd-29256_tv.png,-0.30097266011730545,tv
train-0891_nsd-07278_chair.png,-0.30097369111192307,chair
train-1199_nsd-09630_bottle.png,-0.3009767359360309,bottle
train-7438_nsd-55286_bottle.png,-0.30118667471924737,bottle
train-2904_nsd-21546_chair.png,-0.3011875950977565,chair
train-7692_nsd-61795_toilet.png,-0.30127612620552324,toilet
train-4397_nsd-35715_tv.png,-0.3013350646691473,tv
train-5972_nsd-44316.png,-0.3014751429278511,car
train-6464_nsd-47964.png,-0.3015219814859523,bottle
train-3364_nsd-24787_tv.png,-0.3015609540282492,tv
train-3279_nsd-24317.png,-0.30159851672298416,tv
train-6168_nsd-51045.png,-0.3016364399966304,clock
train-2928_nsd-24317.png,-0.30164824176038196,tv
train-8380_nsd-62498.png,-0.30185736432355137,toilet
train-4127_nsd-33691_tv.png,-0.30202527570620885,tv
train-3706_nsd-30071.png,-0.3020478722383419,clock
train-7780_nsd-57714_toilet.png,-0.3020750756331608,toilet
train-7485_nsd-62315_cup.png,-0.3020862652488649,cup
train-5516_nsd-45354_chair.png,-0.30236247823236595,chair
train-3019_nsd-22437.png,-0.30243697801702574,cup
train-2414_nsd-18006_tv.png,-0.3025724921749781,tv
train-3277_nsd-26812.png,-0.30267372971384265,cup
train-3059_nsd-25184.png,-0.30271517493661426,tv
train-4030_nsd-32935_tv.png,-0.3027982317017758,tv
train-4113_nsd-30670_keyboard.png,-0.3028887125761555,keyboard
train-2837_nsd-23186.png,-0.302894892680008,clock
train-8591_nsd-69139.png,-0.3029512819808531,cup
train-7538_nsd-62743_car.png,-0.30296454827398855,car
train-1566_nsd-12759.png,-0.3029820868026245,car
train-2076_nsd-16764.png,-0.3030289142979903,clock
train-3074_nsd-25247.png,-0.30308645684494295,clock
train-9180_nsd-67852.png,-0.30314053331019103,potted plant
train-1007_nsd-08864.png,-0.30315664162928696,bottle
train-6455_nsd-48241.png,-0.3031623622448991,toilet
train-5718_nsd-42254_laptop.png,-0.30318262177426875,laptop
train-7029_nsd-52272_chair.png,-0.3031936763275961,chair
train-2942_nsd-21792_tv.png,-0.3032858591745122,tv
train-7747_nsd-64135.png,-0.30330257932159244,car
train-3012_nsd-24787_tv.png,-0.3033859607826317,tv
train-6261_nsd-50133_microwave.png,-0.3035904876516873,microwave
train-7540_nsd-56083_toilet.png,-0.3037573186183305,toilet
train-1181_nsd-09518.png,-0.30379519421468554,toilet
train-1156_nsd-08873.png,-0.30384073190538263,clock
train-3629_nsd-29837_keyboard.png,-0.3038869666021713,keyboard
train-3700_nsd-27519_toilet.png,-0.3039330071675202,toilet
train-2350_nsd-17123_laptop.png,-0.3040137746030119,laptop
train-6335_nsd-52530_chair.png,-0.30411133414942754,chair
train-1675_nsd-12610.png,-0.30424865937482054,keyboard
train-1683_nsd-13556_tv.png,-0.304275941024663,tv
train-5128_nsd-42303_oven.png,-0.30429978278944647,oven
train-8575_nsd-63614_toilet.png,-0.304391640094258,toilet
train-7206_nsd-53553_keyboard.png,-0.3044541741446433,keyboard
train-0091_nsd-00752_sink.png,-0.30468674508267446,sink
train-6279_nsd-46652_laptop.png,-0.30469554469196736,laptop
train-1751_nsd-14232_tv.png,-0.3047593566208804,tv
test-0060_nsd-30853.png,-0.3048188986170065,car
train-9061_nsd-72778.png,-0.30509856208417224,toilet
train-7700_nsd-61851_laptop.png,-0.30511446387460145,laptop
train-7706_nsd-57487.png,-0.30524370604325546,chair
train-2377_nsd-19333_laptop.png,-0.3052568942262816,laptop
train-0945_nsd-07689_bottle.png,-0.30531101771395824,bottle
train-3961_nsd-29278_keyboard.png,-0.3055083023783134,keyboard
train-1646_nsd-12334_tv.png,-0.3056341928558424,tv
train-8904_nsd-66057_toilet.png,-0.30570569126510083,toilet
train-0563_nsd-04543_cup.png,-0.3057058800256311,cup
train-7288_nsd-54457_sink.png,-0.3057249531552737,sink
train-2097_nsd-15785_clock.png,-0.30576332655451655,clock
train-2119_nsd-16318.png,-0.30585830842393935,chair
train-3744_nsd-30713_keyboard.png,-0.30596415256394716,keyboard
train-0870_nsd-07097_cup.png,-0.30607129349484546,cup
train-0022_nsd-00158.png,-0.3061174221343645,chair
train-5999_nsd-44802_sink.png,-0.3061634504779125,sink
train-0490_nsd-04046_bottle.png,-0.3063225044098838,bottle
train-5214_nsd-42645_bottle.png,-0.30634931981979374,bottle
train-0323_nsd-02736.png,-0.30647452053136226,clock
train-7047_nsd-58327.png,-0.30671770501355233,sink
train-7371_nsd-61378.png,-0.3067969847943416,car
train-9393_nsd-69659_chair.png,-0.3068075265663154,chair
train-7462_nsd-59846.png,-0.30687012493054716,chair
train-5195_nsd-38641_laptop.png,-0.3068935297078828,laptop
train-5435_nsd-40509_car.png,-0.30694157055293714,car
train-3817_nsd-28263_sink.png,-0.3069653957689593,sink
train-6571_nsd-48794_laptop.png,-0.30717030268323847,laptop
train-2655_nsd-22245_potted plant.png,-0.30728873991863914,potted plant
train-4401_nsd-36116_car.png,-0.3073035596600532,car
train-7107_nsd-52398_toilet.png,-0.30747648747602346,toilet
train-0094_nsd-00793_keyboard.png,-0.3075400099017338,keyboard
test-0099_nsd-17091_keyboard.png,-0.30755146557742014,keyboard
train-0429_nsd-03573_sink.png,-0.30783002404137977,sink
train-5269_nsd-39098.png,-0.3080850541276719,toilet
train-5901_nsd-48669_toilet.png,-0.3084695506182978,toilet
train-4094_nsd-30551.png,-0.3085314027290526,toilet
train-7382_nsd-59116.png,-0.30871111993955475,bottle
train-2540_nsd-18828_chair.png,-0.308720055152746,chair
train-0048_nsd-00353_bottle.png,-0.3089631686573575,bottle
train-2846_nsd-21208.png,-0.3091424054172364,toilet
train-2207_nsd-17917.png,-0.3091641193063414,chair
train-2967_nsd-24492.png,-0.30927786885460024,toilet
train-0133_nsd-01110_laptop.png,-0.309281411154523,laptop
train-1516_nsd-11406.png,-0.3094059715206809,toilet
train-7818_nsd-58404_keyboard.png,-0.30962327532932,keyboard
train-4654_nsd-34826.png,-0.30965099715905314,toilet
train-0001_nsd-00001.png,-0.3096858548268955,toilet
train-6030_nsd-48370_chair.png,-0.3097903017000904,chair
train-1152_nsd-09978_chair.png,-0.3098474377968978,chair
train-2643_nsd-21315_toilet.png,-0.30986931276829943,toilet
train-8878_nsd-65876.png,-0.30993803633813055,clock
train-0731_nsd-06314_chair.png,-0.3099383085488628,chair
train-7882_nsd-58404_keyboard.png,-0.3100472680063679,keyboard
train-8690_nsd-72278.png,-0.3100830322159281,clock
train-3161_nsd-23380.png,-0.3100881996629486,potted plant
train-7674_nsd-56723_tv.png,-0.31036318718599615,tv
train-9207_nsd-68466.png,-0.31037444482520654,microwave
train-8119_nsd-60040.png,-0.31049712550399894,potted plant
train-3332_nsd-25279_laptop.png,-0.3106561803974074,laptop
train-2889_nsd-23475_toilet.png,-0.3109884250193815,toilet
train-3671_nsd-27817.png,-0.3110510534772169,clock
train-7589_nsd-62785.png,-0.31112279776467866,chair
train-8964_nsd-72071.png,-0.3111275819637245,stop sign
train-8400_nsd-69842.png,-0.31128374619376475,stop sign
train-9173_nsd-67810.png,-0.3112846878239172,bottle
train-2611_nsd-19171.png,-0.31154968273582134,chair
train-0882_nsd-07221.png,-0.31156073026916276,laptop
train-7086_nsd-52962_sink.png,-0.31158077782934324,sink
train-0015_nsd-00147.png,-0.3117731885031169,car
test-0314_nsd-58109.png,-0.31180229724007247,car
train-8926_nsd-66365.png,-0.31194892603783797,stop sign
train-3473_nsd-25772_chair.png,-0.31196587247339563,chair
train-8111_nsd-60224_sink.png,-0.3119747706999067,sink
train-5392_nsd-44111_stop sign.png,-0.3122898982703187,stop sign
train-7492_nsd-60099.png,-0.312294651900473,chair
train-0170_nsd-01504_toilet.png,-0.31245405003737076,toilet
train-2469_nsd-19828_cup.png,-0.31245702919091245,cup
train-2334_nsd-18019.png,-0.31252407930273657,stop sign
train-8616_nsd-64198.png,-0.3125560854511003,stop sign
train-0301_nsd-02494.png,-0.31259259923356475,clock
train-3257_nsd-26570.png,-0.3125973488718401,bottle
train-4942_nsd-40443_chair.png,-0.31263990816795817,chair
train-4135_nsd-30599_microwave.png,-0.31280912767153113,microwave
train-1103_nsd-07738.png,-0.31291217306115504,toilet
train-5953_nsd-49093.png,-0.31297738323607305,stop sign
train-2671_nsd-20596.png,-0.31302404704451103,cup
train-2410_nsd-17893_chair.png,-0.3133821818137378,chair
train-5725_nsd-42466.png,-0.3134684413581032,potted plant
train-0544_nsd-04933.png,-0.31371658613313563,car
train-3610_nsd-29647_cup.png,-0.3137511329520255,cup
train-1236_nsd-09978_chair.png,-0.3137739139612783,chair
train-4780_nsd-39438.png,-0.3138284087699691,clock
train-7296_nsd-58271_chair.png,-0.31383657127269926,chair
train-6881_nsd-50653.png,-0.3138764208095886,chair
train-8682_nsd-64318_cup.png,-0.31388063394606347,cup
train-8933_nsd-66393_microwave.png,-0.313959985209761,microwave
train-6963_nsd-51842_oven.png,-0.31422891461604924,oven
train-2904_nsd-24084_microwave.png,-0.3142926124645629,microwave
train-6392_nsd-47362.png,-0.31433779941221257,stop sign
train-7558_nsd-62518.png,-0.31440105509255223,stop sign
train-8168_nsd-65801.png,-0.314433849072283,stop sign
train-4988_nsd-40775.png,-0.31449351194142333,stop sign
train-1963_nsd-16438_tv.png,-0.31460973698769945,tv
train-3876_nsd-28727.png,-0.3146538605987429,stop sign
train-9591_nsd-71114_laptop.png,-0.31467604171137353,laptop
train-0446_nsd-03628.png,-0.31481582705801114,microwave
train-7014_nsd-52187.png,-0.3148334292869316,stop sign
train-3714_nsd-28103_stop sign.png,-0.3149378623298465,stop sign
train-5550_nsd-44734_stop sign.png,-0.31494780388315163,stop sign
train-8885_nsd-65787_tv.png,-0.31501099789551246,tv
train-6591_nsd-49019.png,-0.31510578747492257,stop sign
test-0259_nsd-48441.png,-0.3151354798184084,car
train-8529_nsd-70884.png,-0.3151579026278791,fork
train-5129_nsd-38062.png,-0.31532636501372285,stop sign
train-5164_nsd-38402.png,-0.31566823958875806,stop sign
train-0907_nsd-07000.png,-0.31571680433045374,stop sign
train-1404_nsd-10793.png,-0.3159122932422635,stop sign
train-7276_nsd-60612.png,-0.3159440755671986,chair
train-8330_nsd-61752_laptop.png,-0.31624723805465604,laptop
train-9824_nsd-72856_laptop.png,-0.31628910189524917,laptop
train-2931_nsd-23827.png,-0.3163129269951122,stop sign
train-1922_nsd-15508.png,-0.3163215158151217,stop sign
train-6337_nsd-47081.png,-0.3164321849399147,car
train-2039_nsd-16580.png,-0.31658999162596413,car
train-2619_nsd-21691.png,-0.31668264993112427,bottle
train-0831_nsd-05832.png,-0.31747352799052614,cup
train-3514_nsd-25906_microwave.png,-0.3174923581858946,microwave
train-0885_nsd-06239_bottle.png,-0.31763693787132735,bottle
train-4361_nsd-32324.png,-0.3176914853776173,bottle
train-0910_nsd-07411_laptop.png,-0.3178041701758895,laptop
train-3548_nsd-26161.png,-0.31799173223510147,car
train-1568_nsd-11294.png,-0.3183080527005877,clock
train-6069_nsd-45150_clock.png,-0.3183206148498451,clock
train-3037_nsd-25074.png,-0.3183763515373608,bottle
train-7867_nsd-58084.png,-0.31839357890489306,laptop
train-4419_nsd-33139_chair.png,-0.31842323487135105,chair
train-2165_nsd-17489_cup.png,-0.31846780483984793,cup
train-1842_nsd-13789.png,-0.31851077246562143,chair
train-3796_nsd-30794_bottle.png,-0.3185546009550521,bottle
test-0162_nsd-31193.png,-0.31881511950643604,fork
train-6467_nsd-48374.png,-0.3188838067420752,clock
train-5902_nsd-44011.png,-0.31910168784407617,car
train-6864_nsd-50500_laptop.png,-0.3191615450824288,laptop
train-3794_nsd-28181.png,-0.3193465273265389,clock
train-5575_nsd-44959.png,-0.3193553994360974,sink
train-0870_nsd-07097_bottle.png,-0.31944870019329635,bottle
train-2585_nsd-19236_keyboard.png,-0.3195937985834824,keyboard
train-9762_nsd-72386_tv.png,-0.3196769561461666,tv
train-7036_nsd-51827_laptop.png,-0.3201892028113233,laptop
train-2285_nsd-16616_tv.png,-0.3202288096425143,tv
train-0166_nsd-01428_sink.png,-0.3203300246880705,sink
train-0497_nsd-03985.png,-0.3204133601552571,clock
train-3328_nsd-24774.png,-0.320740875293094,tv
train-8462_nsd-62654.png,-0.3207905590913193,potted plant
train-4955_nsd-40935_laptop.png,-0.3210242416338783,laptop
train-1821_nsd-13997_chair.png,-0.32124708101191524,chair
train-5364_nsd-43886_laptop.png,-0.3213791023840948,laptop
train-0106_nsd-00922_keyboard.png,-0.3215664123927275,keyboard
train-0130_nsd-01076.png,-0.3217905903206142,clock
train-2826_nsd-22895_cup.png,-0.32179381327481826,cup
train-7909_nsd-63609_clock.png,-0.3218106615906567,clock
train-4880_nsd-36074.png,-0.3220313399878342,oven
train-8038_nsd-60019_bottle.png,-0.32234783942058326,bottle
train-9013_nsd-66582.png,-0.3224278693678811,fork
train-5579_nsd-41301_laptop.png,-0.3225712369967905,laptop
train-5240_nsd-38750_keyboard.png,-0.322635580839152,keyboard
train-8393_nsd-67490_tv.png,-0.32293647818795007,tv
train-6078_nsd-49327_tv.png,-0.32296124374499613,tv
train-3002_nsd-24787_tv.png,-0.3230280282309338,tv
train-5567_nsd-45895.png,-0.3232762021831698,clock
train-0524_nsd-04440_tv.png,-0.3233667623496676,tv
train-6253_nsd-51689_toilet.png,-0.32351681574968905,toilet
train-4812_nsd-35872.png,-0.3236813129851367,laptop
train-2124_nsd-17951.png,-0.32388717032417236,toilet
train-7284_nsd-54243.png,-0.323972411097251,laptop
train-1433_nsd-11424.png,-0.32444893647936357,tv
train-3900_nsd-28865.png,-0.3245229137615558,tv
train-0037_nsd-00357.png,-0.3247246215234699,car
train-2664_nsd-21791_laptop.png,-0.32478238198606374,laptop
train-7702_nsd-57293.png,-0.3251650235985858,car
train-2177_nsd-18153_laptop.png,-0.32539933224564116,laptop
train-2911_nsd-24192_laptop.png,-0.325421494569463,laptop
train-0445_nsd-03650.png,-0.3254741505051259,car
train-1308_nsd-10107_chair.png,-0.32567904117721375,chair
train-1181_nsd-08262.png,-0.3257704835485268,fork
train-6971_nsd-57904_bottle.png,-0.3260182750350173,bottle
train-1534_nsd-11589.png,-0.3262565512325831,car
train-2675_nsd-20042_laptop.png,-0.3262829352644388,laptop
train-4232_nsd-34751.png,-0.326430190981505,bottle
train-8413_nsd-62768_chair.png,-0.3264312392008417,chair
train-1784_nsd-13514_laptop.png,-0.32648643211019845,laptop
train-8685_nsd-72256_toilet.png,-0.32654228715227623,toilet
train-2296_nsd-17046_laptop.png,-0.3265774678229661,laptop
train-0424_nsd-03538.png,-0.326598059145208,car
train-1009_nsd-07054.png,-0.3265989379467973,clock
train-0885_nsd-06239_laptop.png,-0.326951498318034,laptop
train-0137_nsd-01158.png,-0.326989534544537,car
train-2838_nsd-21183.png,-0.3271013888256225,clock
train-2645_nsd-19742.png,-0.32735711390701344,cup
train-2173_nsd-16147_keyboard.png,-0.32753450460588934,keyboard
train-0958_nsd-07331.png,-0.32763587971986485,laptop
train-2157_nsd-17960_keyboard.png,-0.3276985206522327,keyboard
train-2249_nsd-18778_tv.png,-0.32781533500481974,tv
train-8252_nsd-61622.png,-0.32786906453588477,chair
train-3576_nsd-27144.png,-0.32796678340253066,fork
train-4344_nsd-32630.png,-0.3279715712724799,stop sign
train-5811_nsd-47313_keyboard.png,-0.32806360512084864,keyboard
train-6338_nsd-46765_keyboard.png,-0.3280901811112744,keyboard
train-0929_nsd-06491_keyboard.png,-0.328092310966243,keyboard
train-0420_nsd-03626.png,-0.3282119582995477,laptop
train-8737_nsd-72727.png,-0.32824071115892334,clock
train-2783_nsd-22566_cup.png,-0.3282640475755263,cup
train-6804_nsd-50653.png,-0.32826932519131224,chair
train-6116_nsd-49628_keyboard.png,-0.3283002431232007,keyboard
train-5376_nsd-44166_laptop.png,-0.32842994705401696,laptop
train-8574_nsd-63608.png,-0.3284826706913003,toilet
train-2098_nsd-15016_tv.png,-0.32859041322380167,tv
train-5446_nsd-40383.png,-0.32867944623503215,bottle
train-6999_nsd-51515.png,-0.32869284398782017,car
train-7639_nsd-56976.png,-0.3288624091571936,bottle
train-2614_nsd-21085_car.png,-0.3289143649560211,car
train-7553_nsd-56131_laptop.png,-0.3290292073734859,laptop
train-0605_nsd-04875.png,-0.32905689139329136,clock
train-1807_nsd-13918.png,-0.32909019428726316,clock
train-0799_nsd-05518_keyboard.png,-0.32929407438679037,keyboard
train-0104_nsd-00882.png,-0.3294396188399811,laptop
train-0388_nsd-03626.png,-0.32944434843162623,laptop
train-2123_nsd-17737.png,-0.3295390586104027,chair
train-1001_nsd-07011.png,-0.3295830124465114,car
train-3061_nsd-25201.png,-0.32964634876462867,cup
train-5005_nsd-37110.png,-0.32971501546545473,stop sign
train-8238_nsd-61561_toilet.png,-0.32977438775844065,toilet
train-3269_nsd-26720_keyboard.png,-0.33003193140572123,keyboard
train-0123_nsd-01030_laptop.png,-0.33009814019187217,laptop
test-0005_nsd-02713.png,-0.3301357909353403,chair
test-0104_nsd-53355_oven.png,-0.33021879764973117,oven
train-7024_nsd-52247_tv.png,-0.3302612874321666,tv
train-7856_nsd-63012.png,-0.3304282110698551,toilet
train-8590_nsd-69135_tv.png,-0.33046481499059094,tv
train-0732_nsd-05540.png,-0.3305546066550846,potted plant
test-0235_nsd-43670.png,-0.3306136067303905,fork
train-7202_nsd-57467.png,-0.33080590561646134,fork
train-1931_nsd-16211.png,-0.33085070239851483,toilet
train-8461_nsd-63182_tv.png,-0.33101773291178915,tv
train-7594_nsd-62844_toilet.png,-0.33102471222308316,toilet
train-5837_nsd-43503_bottle.png,-0.3310510262250066,bottle
train-0640_nsd-05341.png,-0.33108282897327945,cup
train-0913_nsd-07050_car.png,-0.33128037362162704,car
train-6949_nsd-51157.png,-0.33140175361029117,tv
train-7876_nsd-58806.png,-0.3314564657211073,potted plant
train-0022_nsd-00181.png,-0.3316120870622196,keyboard
train-7029_nsd-58167_tv.png,-0.33179386746164186,tv
train-7453_nsd-59720.png,-0.33179585399351635,chair
train-9445_nsd-70156.png,-0.33186254889544736,fork
train-6393_nsd-51103.png,-0.3319894626943402,tv
train-1630_nsd-12536.png,-0.33199149213881496,car
train-4885_nsd-40274_sink.png,-0.3322788811777321,sink
train-0077_nsd-00595.png,-0.33237593237053786,toilet
train-3377_nsd-27700.png,-0.3324357143833636,chair
train-1560_nsd-11250.png,-0.3326658817276997,fork
train-9594_nsd-71155.png,-0.3327213138395682,clock
train-7611_nsd-56295.png,-0.3327248165331463,oven
train-7366_nsd-61061_tv.png,-0.33287619637482463,tv
train-7929_nsd-66108.png,-0.3329436048383303,fork
train-4823_nsd-35638.png,-0.33295204396047245,toilet
train-3248_nsd-24113.png,-0.33323104736921033,toilet
train-8275_nsd-68720.png,-0.33330918803352494,stop sign
train-3311_nsd-25131.png,-0.33352828731195666,bottle
train-8133_nsd-60262.png,-0.33379429528777604,clock
train-8805_nsd-70913.png,-0.33408518688697386,car
train-6860_nsd-56909.png,-0.3341505765131742,tv
train-8628_nsd-64019_laptop.png,-0.3341720486367728,laptop
train-8265_nsd-61290_laptop.png,-0.3342156255790895,laptop
train-5019_nsd-41396_tv.png,-0.3342747614585614,tv
train-3570_nsd-29355.png,-0.33429613041050493,toilet
train-6432_nsd-53425.png,-0.33431451760701686,bottle
train-7702_nsd-63786.png,-0.3348061635491449,toilet
train-3331_nsd-24787_tv.png,-0.33483381563297904,tv
train-4760_nsd-35147.png,-0.3349658052421083,car
train-3629_nsd-29837_tv.png,-0.33504964304262297,tv
train-0826_nsd-06702.png,-0.33510818797368935,cup
train-7814_nsd-58073_clock.png,-0.33516067740280786,clock
train-1374_nsd-11151.png,-0.3354460379636831,stop sign
train-1814_nsd-14628.png,-0.33588274827708453,car
train-7487_nsd-55762_keyboard.png,-0.335900992133654,keyboard
train-8985_nsd-72240_laptop.png,-0.3361275024629395,laptop
train-8413_nsd-62768_car.png,-0.3361305540745472,car
train-9273_nsd-68621.png,-0.33628944243609205,clock
train-2952_nsd-24317.png,-0.3363198243041321,tv
train-2035_nsd-15377_chair.png,-0.33633558391724216,chair
train-3089_nsd-25287.png,-0.3366634958775578,microwave
train-5326_nsd-39746.png,-0.336696788191014,fork
train-8855_nsd-65737_laptop.png,-0.3367485452280584,laptop
train-2763_nsd-21385.png,-0.33707267621153697,cup
train-2466_nsd-17998.png,-0.3371129319780713,tv
train-3683_nsd-30122.png,-0.3373354132802896,stop sign
train-0040_nsd-00388.png,-0.3375604122476637,tv
train-2923_nsd-24281.png,-0.3377035216197164,chair
train-1071_nsd-09303_tv.png,-0.33792097492602174,tv
train-2444_nsd-18227.png,-0.3379476528702017,bottle
train-5359_nsd-44014_laptop.png,-0.3379977728175124,laptop
train-1141_nsd-08022_tv.png,-0.33800530407737117,tv
train-7765_nsd-62384.png,-0.3385653881227519,clock
train-1357_nsd-11496_bottle.png,-0.33872808131403165,bottle
train-7258_nsd-54001.png,-0.3387297129808474,bottle
train-7487_nsd-62026.png,-0.33923017430599395,clock
train-7872_nsd-58499_clock.png,-0.3393269380185551,clock
train-7284_nsd-54131.png,-0.33963117477547683,clock
train-7909_nsd-65960_laptop.png,-0.33979255075216075,laptop
train-0004_nsd-00024.png,-0.33981148350515605,tv
train-8216_nsd-60758.png,-0.3398591172511751,clock
train-8452_nsd-67985.png,-0.3400631565644899,clock
train-3625_nsd-26820.png,-0.34020612538900674,clock
train-7183_nsd-53052.png,-0.3403990516529064,clock
train-7495_nsd-55445_keyboard.png,-0.34054955494031686,keyboard
train-8264_nsd-66510.png,-0.34063343454695477,clock
train-2256_nsd-19162_clock.png,-0.3406541236578014,clock
train-5806_nsd-47292.png,-0.3407573255363885,car
train-4215_nsd-34276.png,-0.34089232582545254,clock
train-0128_nsd-01087.png,-0.34091298351557614,stop sign
train-4005_nsd-29837_keyboard.png,-0.3410152701050572,keyboard
train-1404_nsd-11180_chair.png,-0.3410441827260887,chair
train-6669_nsd-53140_laptop.png,-0.34107565387383193,laptop
train-6397_nsd-47719.png,-0.3411970597022369,clock
train-8953_nsd-66253.png,-0.34129908229071654,clock
train-6928_nsd-57481_toilet.png,-0.3414533421135745,toilet
train-6560_nsd-53052.png,-0.3416038302248857,clock
train-3628_nsd-26838_toilet.png,-0.3417018387013705,toilet
train-2533_nsd-20789.png,-0.34213819279810437,clock
train-3748_nsd-28294.png,-0.3422066997266956,keyboard
train-7724_nsd-64428_bottle.png,-0.3423375801204479,bottle
train-3576_nsd-26566_clock.png,-0.34236883772169957,clock
train-6240_nsd-46095.png,-0.34239850542379624,clock
train-5418_nsd-44505.png,-0.34242703212861547,keyboard
train-4140_nsd-31220.png,-0.3427290548650813,clock
train-3547_nsd-29137_clock.png,-0.3428108474430484,clock
train-8241_nsd-68666.png,-0.34284090654466687,clock
train-3316_nsd-27118.png,-0.34298405523393366,clock
train-1902_nsd-15340.png,-0.34317311669264616,clock
train-6394_nsd-47165_clock.png,-0.34319770515032527,clock
train-6930_nsd-51590_chair.png,-0.3432291294201696,chair
train-9146_nsd-67740.png,-0.34329324145267265,clock
train-7387_nsd-55035.png,-0.3433682517167335,chair
train-4169_nsd-31100.png,-0.3433852872956363,toilet
train-0352_nsd-03019.png,-0.3434625201962963,clock
train-2826_nsd-22895_keyboard.png,-0.34347549664576554,keyboard
train-0254_nsd-02316_clock.png,-0.3434790788602512,clock
train-3498_nsd-25952.png,-0.3434844557110923,toilet
train-3646_nsd-29837_keyboard.png,-0.3437897078471362,keyboard
train-3071_nsd-25230_clock.png,-0.34386581154249146,clock
train-3991_nsd-29495_keyboard.png,-0.3439311120022435,keyboard
train-7331_nsd-58754_chair.png,-0.34417223536108515,chair
train-5378_nsd-44322_keyboard.png,-0.3444325234786611,keyboard
train-2607_nsd-20098.png,-0.34443665602028667,chair
train-3650_nsd-27639_toilet.png,-0.3444923813524323,toilet
train-2101_nsd-17151.png,-0.3445141787731243,car
train-0180_nsd-01506.png,-0.3446441542579766,potted plant
train-7264_nsd-58076.png,-0.34471232106627236,clock
train-0476_nsd-04093.png,-0.34494455101701177,toilet
train-1672_nsd-13572.png,-0.34517237651001087,clock
train-2173_nsd-16782.png,-0.34525443844350096,toilet
train-2463_nsd-19790_laptop.png,-0.3452704490570259,laptop
train-7215_nsd-57558_microwave.png,-0.345384654916445,microwave
train-8381_nsd-67385.png,-0.34539677318607176,stop sign
train-0874_nsd-06772.png,-0.3454599989951872,toilet
train-0601_nsd-05068.png,-0.345512892067898,cup
train-2344_nsd-19922_clock.png,-0.34555044563137743,clock
train-6825_nsd-55007.png,-0.34564438403935627,chair
train-0129_nsd-01082.png,-0.3457462655866162,chair
train-5266_nsd-39186_microwave.png,-0.34578953743480867,microwave
train-7635_nsd-63746.png,-0.3458396482105885,clock
train-0518_nsd-04751.png,-0.3458521278956042,clock
train-1899_nsd-16077.png,-0.3459388658479426,toilet
train-4612_nsd-37356_cup.png,-0.34623972014576443,cup
train-3402_nsd-25287.png,-0.34650935377615755,microwave
train-0488_nsd-04012.png,-0.3466758739497853,clock
train-0375_nsd-03145_bottle.png,-0.3467390065164666,bottle
train-6661_nsd-53097.png,-0.34689480027493463,laptop
train-0047_nsd-00348.png,-0.34693294241575684,laptop
train-0879_nsd-06193_bottle.png,-0.34698728620466984,bottle
train-8639_nsd-69569.png,-0.3470581352098036,stop sign
train-3248_nsd-26577.png,-0.3470794047946642,car
train-4005_nsd-32371.png,-0.3473474599854994,car
train-3849_nsd-28501.png,-0.34735629933337786,bottle
train-0662_nsd-05084.png,-0.3473654472898146,clock
train-6109_nsd-49590.png,-0.34738050422529604,stop sign
train-8596_nsd-63746.png,-0.3474799232810618,clock
train-1511_nsd-12109_keyboard.png,-0.3475099554376544,keyboard
train-7429_nsd-55524_chair.png,-0.34770357056046686,chair
train-3195_nsd-26127_tv.png,-0.3477897946115741,tv
train-1025_nsd-08694.png,-0.34848894650348095,stop sign
train-1333_nsd-09991.png,-0.3485063145018228,keyboard
train-5135_nsd-38322.png,-0.3487152303095711,cup
train-2557_nsd-21022.png,-0.3488921728107679,stop sign
train-1944_nsd-14007.png,-0.34895685060092535,potted plant
train-2410_nsd-17514.png,-0.3489574704384676,stop sign
train-5128_nsd-38170.png,-0.34920327383821204,laptop
train-7926_nsd-63746.png,-0.3492396967353735,clock
train-3945_nsd-29124_stop sign.png,-0.34939152360864445,stop sign
train-1415_nsd-10613.png,-0.3496940160043683,stop sign
train-1408_nsd-11442.png,-0.3498349567545034,bottle
train-0856_nsd-06682.png,-0.349857005274776,stop sign
train-3400_nsd-25328.png,-0.34986152006800875,stop sign
train-6914_nsd-51536_chair.png,-0.3499224201088745,chair
train-2952_nsd-21901_tv.png,-0.34994743297264364,tv
train-2445_nsd-20366.png,-0.35000865121477875,stop sign
train-2354_nsd-17144.png,-0.3500634297579822,stop sign
train-1996_nsd-16223.png,-0.3501911950420456,stop sign
train-2795_nsd-23017.png,-0.35030938343099416,car
train-3340_nsd-25323_clock.png,-0.3504748181123828,clock
train-6827_nsd-50224_car.png,-0.3504916910569692,car
train-1490_nsd-12577_stop sign.png,-0.35085421457333055,stop sign
train-2468_nsd-18002.png,-0.3508700727765569,bottle
train-6755_nsd-55761_chair.png,-0.35093019696634825,chair
train-8020_nsd-59585_laptop.png,-0.35096574204164543,laptop
train-6867_nsd-51199.png,-0.3512106608719216,laptop
train-8732_nsd-64725.png,-0.35140295985288444,cup
train-0030_nsd-00221_stop sign.png,-0.35164180655743693,stop sign
train-5240_nsd-38750_chair.png,-0.3520240925731417,chair
train-5412_nsd-44430_sink.png,-0.35207594537097003,sink
train-7466_nsd-55195_laptop.png,-0.35226364070848615,laptop
train-3903_nsd-31988_keyboard.png,-0.35229086049808184,keyboard
train-6778_nsd-50500_laptop.png,-0.35252316497361036,laptop
train-1125_nsd-08663.png,-0.35258262897732456,bottle
train-5767_nsd-42607_laptop.png,-0.35265925374499446,laptop
train-0646_nsd-05035.png,-0.35279054881121286,clock
train-0971_nsd-07255_chair.png,-0.3528827835151171,chair
train-1323_nsd-10234.png,-0.35305078060095435,clock
train-6767_nsd-50500_laptop.png,-0.35320865919796635,laptop
train-5310_nsd-39255.png,-0.3532563953512069,microwave
train-1448_nsd-10297.png,-0.3535589059857788,fork
train-6235_nsd-50500_laptop.png,-0.3536117324539851,laptop
train-7513_nsd-55601_bottle.png,-0.3539629001989907,bottle
train-0818_nsd-07029.png,-0.35413333798529406,sink
train-0578_nsd-04969.png,-0.35417282455634386,clock
train-5692_nsd-46384.png,-0.35417583352328263,chair
train-7921_nsd-59179.png,-0.35425030277985065,cup
train-3226_nsd-26410_chair.png,-0.3544194959965402,chair
train-4199_nsd-34163.png,-0.35457089711570905,laptop
train-4281_nsd-32202_chair.png,-0.35472513555143703,chair
train-6972_nsd-56135.png,-0.3547780574782534,clock
train-6243_nsd-46103_tv.png,-0.35500607730126393,tv
train-5409_nsd-44493.png,-0.3552221246564226,clock
train-0198_nsd-01521.png,-0.35559613395460093,car
train-1075_nsd-08262.png,-0.355777639060486,fork
train-8591_nsd-63746.png,-0.356046605523415,clock
train-6025_nsd-49868_toilet.png,-0.356177394098574,toilet
train-7005_nsd-51567.png,-0.35643446275172136,potted plant
train-7962_nsd-59185_cup.png,-0.35666097039198397,cup
train-3025_nsd-24909.png,-0.35690630261451395,laptop
train-9700_nsd-71835.png,-0.357362631818437,clock
train-8094_nsd-67058.png,-0.3573652812205532,cup
train-7152_nsd-52726.png,-0.35741168810684293,cup
train-4879_nsd-36279.png,-0.35771053620654586,cup
train-3594_nsd-26682_laptop.png,-0.3586868594887783,laptop
train-2020_nsd-16995_car.png,-0.3589055359585841,car
train-3315_nsd-26965.png,-0.35892646828182545,tv
train-6746_nsd-50139.png,-0.3592266414922176,clock
train-5566_nsd-45890.png,-0.35922711763437687,potted plant
train-6019_nsd-48279.png,-0.3595935566536654,cup
train-2739_nsd-22629.png,-0.3601973152633444,stop sign
train-2326_nsd-17374.png,-0.3602471256147145,stop sign
train-6807_nsd-54324.png,-0.36036508248282184,clock
train-0075_nsd-00662.png,-0.3605559420493526,car
train-3668_nsd-30203.png,-0.3606767108557263,toilet
train-4963_nsd-40580.png,-0.3608058147808915,toilet
train-9103_nsd-67237_cup.png,-0.36087524432972956,cup
train-3572_nsd-29324.png,-0.36093913425740465,stop sign
train-3737_nsd-30349.png,-0.3609851674603775,potted plant
train-8753_nsd-72821.png,-0.3612200003347899,bottle
train-6385_nsd-47097_chair.png,-0.3612408903557102,chair
train-3142_nsd-25756.png,-0.3612453467172463,chair
test-0031_nsd-12314.png,-0.3612899443497055,clock
train-6820_nsd-56572.png,-0.36141403838753355,clock
train-9009_nsd-72385_toilet.png,-0.36161195220813347,toilet
train-7750_nsd-57631_tv.png,-0.3617694300080956,tv
train-5974_nsd-49302_toilet.png,-0.36189975359032345,toilet
train-2482_nsd-20641.png,-0.36193859353453445,toilet
train-8470_nsd-62886.png,-0.36199742991941547,bottle
train-3473_nsd-25772_potted plant.png,-0.36201998675031466,potted plant
train-0440_nsd-03626.png,-0.36229041026588976,laptop
test-0326_nsd-60601.png,-0.36231225709971077,laptop
train-8078_nsd-59732_microwave.png,-0.3623621266146264,microwave
train-3014_nsd-24933.png,-0.36254841564812657,stop sign
train-9426_nsd-69839.png,-0.3628664296779076,microwave
train-4177_nsd-31445.png,-0.36298342127656086,car
train-1277_nsd-10719.png,-0.3630954663146858,chair
train-6388_nsd-47104.png,-0.36332448273525275,tv
train-6789_nsd-56085.png,-0.36348913348081474,tv
train-3669_nsd-27127.png,-0.3635081536169498,cup
train-8477_nsd-70479_microwave.png,-0.36376068658949184,microwave
train-6338_nsd-46765_tv.png,-0.36377267587827267,tv
train-5521_nsd-45527.png,-0.3639437513631419,car
train-5687_nsd-46910_car.png,-0.3640737232667957,car
train-0911_nsd-06401_bottle.png,-0.3641066574415713,bottle
train-3045_nsd-25100_car.png,-0.3641118111614769,car
test-0007_nsd-01018_laptop.png,-0.3642006333999698,laptop
train-5332_nsd-39799.png,-0.3644582675923564,car
train-1490_nsd-12577_car.png,-0.36470225691783814,car
train-0650_nsd-05896.png,-0.36472602427636225,chair
train-5908_nsd-44041_keyboard.png,-0.3647267146189039,keyboard
test-0199_nsd-39869_keyboard.png,-0.3647495858267355,keyboard
train-3342_nsd-25339.png,-0.36479804519650577,toilet
train-3429_nsd-27847.png,-0.3650260081591798,stop sign
train-3287_nsd-24317.png,-0.3650517009528989,tv
train-2219_nsd-17919.png,-0.36540943290191813,clock
train-6371_nsd-47212.png,-0.3656525047535055,cup
train-5569_nsd-41566_tv.png,-0.36596508537953765,tv
train-0973_nsd-07277.png,-0.3660179938004782,toilet
train-3285_nsd-24999_laptop.png,-0.36602918836934945,laptop
train-7032_nsd-58190.png,-0.3662287567769622,stop sign
train-1426_nsd-12030.png,-0.3666968927277641,clock
train-2316_nsd-19322_tv.png,-0.366720962726113,tv
test-0148_nsd-27327.png,-0.36674485142141255,clock
train-0055_nsd-00430.png,-0.36704931064149315,sink
train-8561_nsd-71152_clock.png,-0.3674698962975045,clock
train-8170_nsd-60437_oven.png,-0.36756292201047397,oven
train-4014_nsd-29671_tv.png,-0.3676279705376748,tv
train-8363_nsd-67270.png,-0.3677742378099798,toilet
train-2887_nsd-23817_tv.png,-0.36783603903014866,tv
test-0084_nsd-15956_toilet.png,-0.3679241784786071,toilet
train-2070_nsd-15460_clock.png,-0.36819410785981044,clock
train-1915_nsd-14765_chair.png,-0.36835059160503186,chair
test-0079_nsd-14196.png,-0.36885435214884615,stop sign
train-5847_nsd-48308.png,-0.3689640718757304,stop sign
train-0231_nsd-01828_tv.png,-0.3690451530894615,tv
train-9801_nsd-72649.png,-0.36918360663477506,car
train-3093_nsd-22870.png,-0.3696282189402687,chair
train-2727_nsd-20111.png,-0.3699229256515421,car
train-5013_nsd-37480.png,-0.3700452326353572,car
train-5042_nsd-41583.png,-0.37013363477443456,oven
train-7324_nsd-60919_toilet.png,-0.3704104675388903,toilet
train-8590_nsd-69135_keyboard.png,-0.3706842454765338,keyboard
train-0512_nsd-04100.png,-0.3708179194007984,cup
train-0759_nsd-06243.png,-0.37092787099023083,car
train-6707_nsd-49841.png,-0.3709534719944821,bottle
train-5529_nsd-44546.png,-0.3710487851941209,car
train-6612_nsd-54708.png,-0.371056808753693,laptop
train-1064_nsd-08176_stop sign.png,-0.37136929067364155,stop sign
train-1978_nsd-14929_chair.png,-0.3714326469103001,chair
train-8557_nsd-63477.png,-0.37143489135370955,toilet
train-5014_nsd-40555.png,-0.3720721960252672,clock
train-0524_nsd-04440_keyboard.png,-0.3723924323478259,keyboard
train-7431_nsd-55532_bottle.png,-0.372511516169777,bottle
train-0167_nsd-01496_chair.png,-0.37288315932954136,chair
train-5954_nsd-49161.png,-0.37293286115952795,laptop
train-0976_nsd-07481.png,-0.37331266542872765,chair
train-1004_nsd-08839.png,-0.3737190919586393,mouse
test-0355_nsd-63973_sink.png,-0.37400777229891724,sink
train-2596_nsd-21499_keyboard.png,-0.37443092892468904,keyboard
train-3929_nsd-31835.png,-0.37461623217294576,toilet
train-8610_nsd-63746.png,-0.374869903499573,clock
train-0923_nsd-07100_toilet.png,-0.3749757345298876,toilet
train-5735_nsd-46727.png,-0.375015844504877,clock
train-6555_nsd-54286_stop sign.png,-0.3750351499976814,stop sign
train-4666_nsd-34485_car.png,-0.375277440526299,car
train-2388_nsd-17838_toilet.png,-0.3754404729980236,toilet
train-5053_nsd-41249_keyboard.png,-0.37578014478155713,keyboard
train-7260_nsd-53612.png,-0.37581485973262185,clock
train-4900_nsd-36254_car.png,-0.3758565937734303,car
train-7053_nsd-51912.png,-0.37611190456440835,laptop
train-1379_nsd-11171.png,-0.3762588018029523,chair
train-2860_nsd-22120.png,-0.376358958253175,keyboard
train-2148_nsd-15995.png,-0.37637535983057596,chair
train-1076_nsd-07563.png,-0.37647383622012637,toilet
train-3639_nsd-29838.png,-0.3764747823028521,toilet
train-6344_nsd-47109_laptop.png,-0.37659820517463005,laptop
train-2454_nsd-18248.png,-0.37666475657195087,bottle
train-1337_nsd-10854_tv.png,-0.37668406710581576,tv
train-1782_nsd-15018_stop sign.png,-0.3767179537387423,stop sign
train-4328_nsd-32056_laptop.png,-0.3770415810460019,laptop
train-4677_nsd-34962_keyboard.png,-0.37712931642789344,keyboard
train-8385_nsd-69688.png,-0.3772421531389206,stop sign
train-4391_nsd-36203.png,-0.3773314471418393,toilet
train-6494_nsd-51919_stop sign.png,-0.3775214673112862,stop sign
train-8775_nsd-70681.png,-0.37774172937807093,toilet
train-5533_nsd-41198.png,-0.37789144367360916,cup
train-4657_nsd-38462.png,-0.3780333026859547,clock
train-4307_nsd-35348.png,-0.37807414414448637,clock
train-2595_nsd-19412_chair.png,-0.378183970181553,chair
train-7237_nsd-53430.png,-0.3783374397080062,stop sign
train-5269_nsd-39208.png,-0.378746795521318,stop sign
train-7616_nsd-61126.png,-0.37909399742083083,stop sign
train-8317_nsd-69220.png,-0.37912630043611584,stop sign
train-4439_nsd-33282_stop sign.png,-0.37939970292231273,stop sign
train-0391_nsd-02861.png,-0.37946955616580313,chair
train-3250_nsd-24711_stop sign.png,-0.37990745188653147,stop sign
train-5127_nsd-42300.png,-0.3799501782973468,stop sign
train-0803_nsd-06487_laptop.png,-0.3801244865262871,laptop
train-3611_nsd-26800.png,-0.380129852985097,microwave
train-2514_nsd-18396.png,-0.3801892107635424,clock
train-5836_nsd-47477_stop sign.png,-0.380311156541325,stop sign
train-6694_nsd-53322_stop sign.png,-0.3804076272626702,stop sign
train-0432_nsd-03626.png,-0.38052361005622726,laptop
train-2561_nsd-20619.png,-0.38055316502923126,clock
train-3824_nsd-31283.png,-0.3805760452577963,sink
train-4628_nsd-38146.png,-0.3806276322825709,bottle
train-4267_nsd-35140_stop sign.png,-0.3807281465985389,stop sign
train-6234_nsd-49970.png,-0.3807561983710606,chair
train-3159_nsd-25906_microwave.png,-0.3808521094626614,microwave
train-0391_nsd-03219_stop sign.png,-0.3808640531235896,stop sign
train-0007_nsd-00045.png,-0.3812013734397114,stop sign
train-8007_nsd-64461.png,-0.38174917479105863,toilet
train-4255_nsd-32046.png,-0.38185588538119003,car
train-9580_nsd-70957_keyboard.png,-0.38188218761695863,keyboard
test-0232_nsd-43472.png,-0.3819744558119383,stop sign
train-7388_nsd-54963_car.png,-0.38198375812498503,car
train-9246_nsd-68445.png,-0.3820003994964068,laptop
train-0618_nsd-05006.png,-0.38214958161882456,stop sign
train-0176_nsd-01478.png,-0.38215878111524115,chair
train-0235_nsd-02037.png,-0.3821783495103333,stop sign
test-0042_nsd-18957.png,-0.38230369245231904,car
train-4283_nsd-35158_bottle.png,-0.3824848083123084,bottle
train-6802_nsd-56215_clock.png,-0.3827783947148235,clock
train-6794_nsd-50653.png,-0.38306575023525513,chair
train-2697_nsd-21884_laptop.png,-0.38368513413806354,laptop
train-6641_nsd-49611_keyboard.png,-0.38418415041997134,keyboard
train-5078_nsd-41796.png,-0.38480958683869537,toilet
train-8292_nsd-61876.png,-0.3848901223014477,toilet
train-9666_nsd-71571.png,-0.38499443731651384,potted plant
train-2521_nsd-21265.png,-0.3851168412233173,clock
train-1160_nsd-09357.png,-0.3851374836472014,chair
train-7694_nsd-61752_laptop.png,-0.3851770734184256,laptop
train-3407_nsd-25319.png,-0.38517750188684574,chair
train-9585_nsd-71085.png,-0.3852375303443112,chair
train-2016_nsd-14500.png,-0.3855659499084551,bottle
train-1949_nsd-15814_sink.png,-0.38568016558969814,sink
train-0061_nsd-00482.png,-0.38589040348867815,cup
train-7721_nsd-57079.png,-0.3861030465813951,stop sign
test-0290_nsd-72023_bottle.png,-0.386279024247708,bottle
train-7611_nsd-63572.png,-0.3862795009323397,bottle
train-2633_nsd-20282.png,-0.3866925618623342,bottle
train-4063_nsd-32880_bottle.png,-0.3869116484204405,bottle
train-2652_nsd-19738.png,-0.38719729269143643,cup
train-6040_nsd-44792_laptop.png,-0.38732206123408336,laptop
train-5808_nsd-42912_bottle.png,-0.38740609970241546,bottle
train-1807_nsd-14743.png,-0.3876544777966122,car
train-6300_nsd-46926.png,-0.38800563408771827,bottle
train-5733_nsd-42912_bottle.png,-0.38827789892060977,bottle
train-6426_nsd-51356.png,-0.38829189304492867,laptop
train-8594_nsd-63642_chair.png,-0.38847205723231987,chair
train-0868_nsd-07446.png,-0.3885626793139794,toilet
train-4527_nsd-33679_chair.png,-0.3887905182586077,chair
train-5802_nsd-43266_laptop.png,-0.3888150874232679,laptop
train-2436_nsd-17736.png,-0.3888892341545795,bottle
train-8195_nsd-60820_bottle.png,-0.3889220297308774,bottle
train-6213_nsd-50356.png,-0.389065057277185,bottle
train-3778_nsd-28002_bottle.png,-0.3893304246386016,bottle
train-5152_nsd-42189.png,-0.3893345211205946,cup
train-5061_nsd-40935_laptop.png,-0.38967050596205255,laptop
train-6066_nsd-45385.png,-0.3898663240336705,clock
train-4706_nsd-34840.png,-0.3900133364374885,laptop
train-2478_nsd-18075_microwave.png,-0.3905497001878492,microwave
train-2998_nsd-22248_laptop.png,-0.3905758670925289,laptop
train-1507_nsd-11421_toilet.png,-0.3910868304174531,toilet
train-2971_nsd-22105_tv.png,-0.39118610167718837,tv
train-8348_nsd-69452_chair.png,-0.39127668573290314,chair
train-2780_nsd-22658.png,-0.39143561197291743,car
train-0988_nsd-07591.png,-0.39189589539288533,bottle
train-7407_nsd-55084_clock.png,-0.39191252963913475,clock
train-7605_nsd-61098_chair.png,-0.39206639444225283,chair
train-0223_nsd-01892.png,-0.39235602643945433,chair
train-1825_nsd-15368_laptop.png,-0.39240745414768774,laptop
train-2667_nsd-19971.png,-0.3925622426236937,laptop
train-6448_nsd-47897.png,-0.3926389591741527,cup
train-0001_nsd-00013_chair.png,-0.39283644541937596,chair
train-3243_nsd-24073_laptop.png,-0.39300786623148937,laptop
train-4576_nsd-37662.png,-0.39330202415315707,oven
train-7298_nsd-54341.png,-0.3934435868919833,clock
train-1320_nsd-09318_laptop.png,-0.3934445480522811,laptop
train-5567_nsd-41568_keyboard.png,-0.39345130950348844,keyboard
train-2481_nsd-20296.png,-0.39345797854741055,car
train-2749_nsd-22893.png,-0.39349625603733107,laptop
train-1821_nsd-14850_laptop.png,-0.3937999388983118,laptop
train-1913_nsd-16174.png,-0.3940786196651592,laptop
train-2229_nsd-16690.png,-0.39416331214601324,laptop
train-7629_nsd-56723_keyboard.png,-0.39471233999956473,keyboard
train-3270_nsd-24199_stop sign.png,-0.3947720252294181,stop sign
train-3197_nsd-26178.png,-0.3948194011237321,keyboard
train-5106_nsd-42124.png,-0.395022628349716,car
train-8479_nsd-62825.png,-0.3950428364704142,toilet
train-5379_nsd-39927_chair.png,-0.39510698224968493,chair
train-3179_nsd-23635_keyboard.png,-0.39511076588738275,keyboard
train-4395_nsd-33012_tv.png,-0.39570143601637087,tv
train-5492_nsd-44209.png,-0.39575793494311307,clock
train-5645_nsd-42191.png,-0.39599849828295736,car
train-3172_nsd-23459.png,-0.3963494340500634,clock
train-1330_nsd-09978_chair.png,-0.3971008430176353,chair
train-2954_nsd-21885_car.png,-0.3971248634334305,car
train-7140_nsd-57524.png,-0.39731046574834233,chair
train-4584_nsd-34283.png,-0.3973190666769315,tv
train-8019_nsd-64568_keyboard.png,-0.3977444019378845,keyboard
train-5379_nsd-44329_mouse.png,-0.39788846082658136,mouse
train-1833_nsd-14089.png,-0.3979721291752739,clock
train-2576_nsd-21324.png,-0.39805593611950985,toilet
train-1518_nsd-12858_car.png,-0.3981398247434715,car
train-0733_nsd-06778.png,-0.398689828708379,toilet
train-4060_nsd-32814_bottle.png,-0.39880650764977316,bottle
train-2097_nsd-17117.png,-0.39888149637950504,toilet
train-5778_nsd-42912_bottle.png,-0.39889316641330447,bottle
train-3162_nsd-23500.png,-0.39899510378564923,toilet
train-2294_nsd-17034.png,-0.3993047469056256,cup
train-4461_nsd-33102.png,-0.3993880926490128,toilet
train-5938_nsd-44327.png,-0.3999032818151341,tv
train-6042_nsd-44809_tv.png,-0.4001671205880313,tv
train-0544_nsd-04436.png,-0.4002984865006225,cup
train-3505_nsd-25864.png,-0.4006609640124496,car
test-0067_nsd-12174.png,-0.40114317699708246,toilet
train-3980_nsd-32703_stop sign.png,-0.4016791669496813,stop sign
train-8059_nsd-60223.png,-0.4020701250853091,stop sign
train-0445_nsd-03774.png,-0.40207976636724396,toilet
train-3047_nsd-25105.png,-0.40228849603894595,bottle
train-9604_nsd-71113.png,-0.402393254072613,toilet
train-8163_nsd-67982.png,-0.4027308081113617,clock
train-5086_nsd-37868_tv.png,-0.40274377421527735,tv
train-5962_nsd-44560_chair.png,-0.4028423358913135,chair
train-6115_nsd-45456_keyboard.png,-0.40324829317992644,keyboard
train-4082_nsd-30211.png,-0.40327577909724044,tv
train-5406_nsd-40194_chair.png,-0.40362734869911715,chair
train-5932_nsd-48180_toilet.png,-0.40365161083001255,toilet
train-0886_nsd-07210_sink.png,-0.4037506462037341,sink
train-6428_nsd-48011_toilet.png,-0.40403263143560253,toilet
train-6888_nsd-50704.png,-0.4045537914424252,bottle
train-3013_nsd-24787_tv.png,-0.40466787373865915,tv
train-7279_nsd-60630.png,-0.40481571140478884,car
train-6352_nsd-50806.png,-0.40492649492173305,clock
train-0840_nsd-06266.png,-0.4051641660379411,clock
train-3770_nsd-30891.png,-0.40534697634322736,bottle
train-9771_nsd-72439_keyboard.png,-0.4055690257211764,keyboard
train-1240_nsd-09932_stop sign.png,-0.4061596550757692,stop sign
train-1474_nsd-11389_bottle.png,-0.4061869538900691,bottle
train-3988_nsd-32722_toilet.png,-0.4064471620469249,toilet
test-0087_nsd-40299.png,-0.4064669869215897,stop sign
train-8277_nsd-61783_clock.png,-0.4067917943064133,clock
train-0274_nsd-02423_bottle.png,-0.4068122039107101,bottle
train-2863_nsd-23182_bottle.png,-0.4070441729480243,bottle
train-0519_nsd-04199.png,-0.4073712539950075,car
train-6796_nsd-50683_clock.png,-0.4074374007862067,clock
train-8264_nsd-61720_toilet.png,-0.40747522865347735,toilet
train-8773_nsd-70667_cup.png,-0.4075730517227929,cup
train-1057_nsd-08159_bottle.png,-0.40774060129544776,bottle
train-7698_nsd-63746.png,-0.40793375463089115,clock
train-6623_nsd-54795_keyboard.png,-0.4080532040750281,keyboard
train-2663_nsd-19597.png,-0.4081659335392193,toilet
train-6385_nsd-51052.png,-0.40823612956397365,stop sign
train-2321_nsd-17318.png,-0.4082682387167334,clock
train-3570_nsd-26294.png,-0.408363953399768,bottle
train-8050_nsd-64828.png,-0.4086081608886208,cup
train-4024_nsd-32901.png,-0.40866240767413076,keyboard
train-1712_nsd-12872.png,-0.4089202808773446,car
train-8347_nsd-61843.png,-0.4089257790523032,stop sign
train-2668_nsd-19976.png,-0.40930793139313987,keyboard
train-7180_nsd-57804.png,-0.4093656174938385,toilet
train-5532_nsd-41245_toilet.png,-0.40972500039134063,toilet
train-1869_nsd-15047_microwave.png,-0.4097644333653065,microwave
train-4370_nsd-32348_stop sign.png,-0.41006100146186375,stop sign
train-6412_nsd-53009.png,-0.41017842507346375,cup
train-3634_nsd-26885.png,-0.4107008234079318,clock
train-4573_nsd-34199_bottle.png,-0.4108475392457858,bottle
train-8999_nsd-72344.png,-0.41100427453339583,laptop
train-5194_nsd-42786.png,-0.4110224740140534,toilet
train-8019_nsd-64568_cup.png,-0.41117728540991105,cup
train-4785_nsd-35501_stop sign.png,-0.4113815058993689,stop sign
test-0128_nsd-30662_oven.png,-0.4115403661178403,oven
train-9076_nsd-67413_cup.png,-0.4115603598150001,cup
train-5018_nsd-37498.png,-0.41208987958807636,clock
train-0644_nsd-05857_keyboard.png,-0.41218553347954046,keyboard
train-6617_nsd-49412.png,-0.4123952974124658,cup
train-3215_nsd-24495.png,-0.41248879985557974,toilet
train-3910_nsd-28919.png,-0.4125793768903581,clock
train-8100_nsd-65232_tv.png,-0.4126096161503396,tv
train-2508_nsd-20145_bottle.png,-0.4132827726022023,bottle
train-6177_nsd-46118.png,-0.4133795990149669,laptop
train-6770_nsd-54619.png,-0.41354668438164127,cup
train-4395_nsd-33012_keyboard.png,-0.4135756084034201,keyboard
train-9458_nsd-70220.png,-0.41369144565540206,laptop
train-3390_nsd-25191.png,-0.41371842672172265,clock
train-7089_nsd-52981.png,-0.4137539669224069,bottle
train-7713_nsd-57422_keyboard.png,-0.41402446305197743,keyboard
train-9635_nsd-71473_clock.png,-0.4141793915892954,clock
train-6446_nsd-47888_cup.png,-0.4142953352642309,cup
train-1506_nsd-10827_toilet.png,-0.4144133827629559,toilet
train-9200_nsd-68425_laptop.png,-0.4145852175002361,laptop
train-5942_nsd-44224.png,-0.4148944279405572,stop sign
train-9429_nsd-70025.png,-0.41496464339480993,laptop
train-8917_nsd-65941.png,-0.4151974468441623,stop sign
train-2520_nsd-18727.png,-0.41523965010990294,clock
train-3967_nsd-29344.png,-0.415254798695852,stop sign
train-7085_nsd-52642.png,-0.41529693511904275,stop sign
train-7133_nsd-52927.png,-0.4157192468546435,chair
train-8268_nsd-61332.png,-0.4161282450616834,stop sign
train-7587_nsd-56613_laptop.png,-0.4164032130153023,laptop
train-4816_nsd-39416_laptop.png,-0.41649853977678886,laptop
train-5098_nsd-42079_microwave.png,-0.4165643220258919,microwave
train-4484_nsd-36964_clock.png,-0.4166178970596063,clock
train-5210_nsd-42912_bottle.png,-0.4168753519323704,bottle
train-4985_nsd-41102_laptop.png,-0.4169224362458053,laptop
train-8565_nsd-63877.png,-0.41723585358613213,tv
train-6797_nsd-50666_laptop.png,-0.41725044330762256,laptop
test-0048_nsd-20643.png,-0.41750877037634393,clock
train-0049_nsd-00363.png,-0.4176025934403901,clock
train-3750_nsd-27735_laptop.png,-0.4176172276841671,laptop
train-2795_nsd-23212.png,-0.4176562136577905,stop sign
train-7581_nsd-60904_stop sign.png,-0.41780563649992825,stop sign
train-0602_nsd-04868_chair.png,-0.4178502621070583,chair
train-1390_nsd-10416.png,-0.41791547066845025,stop sign
train-7124_nsd-56779.png,-0.4181108867464676,laptop
train-3742_nsd-27663_laptop.png,-0.4183967075138243,laptop
train-9219_nsd-68404.png,-0.41868547082958574,chair
train-6898_nsd-56954.png,-0.41869804860734466,car
train-1402_nsd-09978_chair.png,-0.41880868655367043,chair
train-9048_nsd-67253_chair.png,-0.41922920299222316,chair
test-0345_nsd-62419.png,-0.41928246116504003,stop sign
train-8763_nsd-72901_tv.png,-0.41936651169655165,tv
train-4655_nsd-34827.png,-0.4194897084270537,laptop
train-5096_nsd-41163_sink.png,-0.41989251267611316,sink
train-8660_nsd-69634_laptop.png,-0.42019027830327565,laptop
train-1856_nsd-14108.png,-0.42038606021876085,clock
train-6199_nsd-46282.png,-0.4204249875688307,bottle
train-5663_nsd-42022.png,-0.4205281485635798,car
train-2962_nsd-24452.png,-0.42063161832792045,bottle
train-5138_nsd-38236.png,-0.4207596357295745,bottle
train-8960_nsd-66439.png,-0.42106223883142246,cup
train-0791_nsd-06150.png,-0.42114922586703857,laptop
train-8282_nsd-61414.png,-0.4218901842393486,cup
train-7740_nsd-57177.png,-0.42199927480534927,cup
train-7201_nsd-57925.png,-0.42250739922888697,laptop
train-8168_nsd-61118_bottle.png,-0.4226257465170833,bottle
train-5217_nsd-42946_chair.png,-0.4230149625584851,chair
train-7615_nsd-63621_cup.png,-0.42307193751772004,cup
train-2733_nsd-20176_cup.png,-0.42321638369696607,cup
train-2173_nsd-16147_laptop.png,-0.42396318903188135,laptop
train-5861_nsd-43249.png,-0.4244149733278769,car
train-6793_nsd-50653.png,-0.4249308602616002,chair
train-7734_nsd-64478_keyboard.png,-0.4251654352886723,keyboard
train-4708_nsd-38013.png,-0.42552176743245657,bottle
train-1460_nsd-12284_laptop.png,-0.4259081963890698,laptop
train-1653_nsd-12502_laptop.png,-0.4259239012781454,laptop
train-1761_nsd-13185.png,-0.42662208732126583,car
train-1358_nsd-09665_laptop.png,-0.4266777582954545,laptop
train-8902_nsd-71572_tv.png,-0.42717521139858006,tv
train-8458_nsd-62612.png,-0.4273150663977519,tv
train-4934_nsd-40727_keyboard.png,-0.4275387958780538,keyboard
train-9834_nsd-72936_stop sign.png,-0.42787658782686316,stop sign
train-8442_nsd-67877_tv.png,-0.4278841474800076,tv
train-7088_nsd-56515.png,-0.42813728326946915,bottle
train-7802_nsd-65041.png,-0.42823495692717906,tv
train-0139_nsd-01171.png,-0.42843113095190344,laptop
train-8260_nsd-61691_tv.png,-0.428502780143989,tv
train-7050_nsd-52453_tv.png,-0.42857778157114784,tv
train-7872_nsd-58499_tv.png,-0.4286718098926554,tv
test-0051_nsd-08182.png,-0.42924814102229114,mouse
train-7760_nsd-62303_microwave.png,-0.42933496983439107,microwave
train-1969_nsd-14896_bottle.png,-0.4294925247822589,bottle
train-7145_nsd-56966.png,-0.42989583055398206,toilet
train-5606_nsd-41894_clock.png,-0.43028384317257373,clock
train-1515_nsd-12162.png,-0.43030851524761543,bottle
train-8897_nsd-65992.png,-0.43039265041306757,clock
train-5414_nsd-40149_tv.png,-0.43044593658687125,tv
train-6941_nsd-55496.png,-0.43087707887283433,clock
train-3419_nsd-27788.png,-0.4309752178186228,clock
train-4088_nsd-33460.png,-0.43135121537551085,cup
train-5698_nsd-42118.png,-0.4313686824188738,bottle
train-3761_nsd-30827_cup.png,-0.43139517059988,cup
train-0554_nsd-05032.png,-0.4318373639052334,car
train-3761_nsd-30827_bottle.png,-0.4319562503406666,bottle
train-2915_nsd-21675.png,-0.432586617977729,cup
train-3819_nsd-31340_toilet.png,-0.43334145206309543,toilet
train-8585_nsd-64009_toilet.png,-0.4336537981823467,toilet
train-4702_nsd-35051_tv.png,-0.43444382953488164,tv
train-1764_nsd-13227.png,-0.4345758080028338,cup
test-0255_nsd-48188_tv.png,-0.4347790629131454,tv
train-0277_nsd-02333.png,-0.4351791136533065,bottle
train-1531_nsd-12387_tv.png,-0.4353331580095775,tv
train-7963_nsd-59459_toilet.png,-0.43567015090896816,toilet
train-8693_nsd-64386_stop sign.png,-0.43582387174620446,stop sign
train-3186_nsd-24267.png,-0.4360517073056672,clock
train-1104_nsd-09420_cup.png,-0.43619459437095964,cup
train-4491_nsd-37011.png,-0.43654966741579265,keyboard
train-8726_nsd-64777_toilet.png,-0.43665015200302826,toilet
train-0598_nsd-04853_tv.png,-0.4368624885677993,tv
train-0544_nsd-03849.png,-0.4368796879643027,cup
train-3928_nsd-32156.png,-0.4371863497137696,clock
train-7428_nsd-54883_clock.png,-0.4372352481278594,clock
train-3585_nsd-29468_chair.png,-0.43731271299889823,chair
train-8532_nsd-70891.png,-0.43744891211707504,clock
train-9232_nsd-68518.png,-0.4376233069446185,toilet
train-2901_nsd-21561_clock.png,-0.43771218708509624,clock
train-5319_nsd-42912_bottle.png,-0.4378863320737187,bottle
train-7230_nsd-54076_toilet.png,-0.43788902125699924,toilet
train-7908_nsd-58404_keyboard.png,-0.4379515909364373,keyboard
train-9448_nsd-70174.png,-0.4379872777507219,toilet
train-5281_nsd-43177_toilet.png,-0.43845265820597884,toilet
train-3638_nsd-29837_keyboard.png,-0.4389768483701189,keyboard
train-7256_nsd-53572.png,-0.4390495911762364,clock
train-5013_nsd-41323.png,-0.4391151170030798,toilet
train-6974_nsd-57556_toilet.png,-0.439212760087527,toilet
train-8503_nsd-63419.png,-0.4392615953042287,clock
train-4357_nsd-32417_bottle.png,-0.439286612700737,bottle
train-3739_nsd-28238_tv.png,-0.4392910275967893,tv
train-9108_nsd-67522.png,-0.4394970848839738,toilet
train-1435_nsd-10225.png,-0.4395295802715513,toilet
train-7602_nsd-56723_keyboard.png,-0.43957678965469316,keyboard
train-4115_nsd-33395.png,-0.4396041020452983,toilet
train-5127_nsd-38156.png,-0.43975359733205754,toilet
train-4483_nsd-36836.png,-0.4398275666153029,toilet
train-6697_nsd-53331_toilet.png,-0.4400575243095127,toilet
train-3764_nsd-27884.png,-0.44012062853396916,toilet
train-6841_nsd-56723_keyboard.png,-0.44015875477506844,keyboard
train-7605_nsd-56739.png,-0.4402705766610209,clock
train-0331_nsd-02827.png,-0.44036355378042996,clock
train-8011_nsd-59508_toilet.png,-0.4404005788925347,toilet
train-8136_nsd-65474.png,-0.44047422538892633,clock
train-2573_nsd-19878.png,-0.44060448451547196,toilet
train-5271_nsd-42531_keyboard.png,-0.4406087244953158,keyboard
train-8254_nsd-66462.png,-0.4407132087765419,clock
train-2684_nsd-20686.png,-0.44078131832272394,tv
train-4630_nsd-37955.png,-0.44080147579601786,toilet
train-0627_nsd-05239_chair.png,-0.4408469532183123,chair
train-1672_nsd-12861_keyboard.png,-0.4410242493153563,keyboard
train-2724_nsd-22240_toilet.png,-0.44112630541663445,toilet
train-4073_nsd-30132_toilet.png,-0.4411266949555454,toilet
train-0328_nsd-02521_toilet.png,-0.44128363259295167,toilet
train-3345_nsd-27244.png,-0.44131862641695746,toilet
train-8067_nsd-66857.png,-0.441405306120748,clock
train-8186_nsd-67865.png,-0.4417221547081239,toilet
train-6599_nsd-52693.png,-0.4419101644960336,toilet
train-7936_nsd-63818.png,-0.44195911977753766,toilet
train-3308_nsd-27074.png,-0.44196270095368134,toilet
train-6397_nsd-47492.png,-0.442015300776543,clock
train-5861_nsd-48428.png,-0.44210188768070907,clock
train-1489_nsd-11316_bottle.png,-0.4421234673993867,bottle
train-1241_nsd-10575.png,-0.44233609628731246,toilet
train-6912_nsd-55665.png,-0.4424130619643422,toilet
train-2036_nsd-16569.png,-0.44244707845274045,bottle
train-9658_nsd-71625.png,-0.4425145320965201,stop sign
train-7230_nsd-53797.png,-0.4425521301202916,toilet
train-3408_nsd-27913_keyboard.png,-0.44266601974931447,keyboard
train-8630_nsd-69489_toilet.png,-0.442703586537703,toilet
train-0061_nsd-00580.png,-0.44277488150524263,toilet
train-7172_nsd-57211.png,-0.4428256153267575,toilet
train-9615_nsd-71358.png,-0.4428470508074577,chair
train-1048_nsd-09071_keyboard.png,-0.4428473783646308,keyboard
train-3834_nsd-31474.png,-0.44297863210012195,toilet
train-4018_nsd-32460.png,-0.442990314570715,toilet
train-2083_nsd-15955.png,-0.44307224423810754,toilet
train-1766_nsd-14182_microwave.png,-0.4431133744051142,microwave
train-5596_nsd-45116_clock.png,-0.44311872802288543,clock
train-3050_nsd-22714_sink.png,-0.44318858179217274,sink
train-3564_nsd-28822.png,-0.4432164914125725,microwave
train-7191_nsd-53823.png,-0.44323180493417147,mouse
train-0583_nsd-05279_toilet.png,-0.44324302524972836,toilet
train-8846_nsd-65576.png,-0.4432690374477144,stop sign
train-8712_nsd-64774.png,-0.44332622047623926,stop sign
train-8840_nsd-65444.png,-0.4434758244529246,stop sign
train-2060_nsd-16688_toilet.png,-0.4434905076951542,toilet
train-8121_nsd-60189.png,-0.44349929145167,chair
train-0191_nsd-01680.png,-0.44360426408641446,toilet
train-7765_nsd-64707_toilet.png,-0.44387866162230777,toilet
train-2451_nsd-18214.png,-0.44388648061757935,toilet
train-0171_nsd-01459_toilet.png,-0.443897700944933,toilet
train-8185_nsd-61190.png,-0.44411863742135715,stop sign
train-8012_nsd-59515_toilet.png,-0.44422032508093673,toilet
train-5454_nsd-44758_toilet.png,-0.44424471382115727,toilet
train-9035_nsd-66831.png,-0.4444435515848497,stop sign
train-2226_nsd-18931_toilet.png,-0.4446129018024729,toilet
train-4432_nsd-33242.png,-0.4446862502405249,toilet
train-9742_nsd-72245.png,-0.4447703855167661,stop sign
train-8045_nsd-67117_stop sign.png,-0.4448394042715436,stop sign
train-6403_nsd-47470_toilet.png,-0.4448989476401611,toilet
train-1004_nsd-07709.png,-0.4449059337313619,toilet
train-8917_nsd-66147_stop sign.png,-0.444921718066081,stop sign
train-4864_nsd-36281.png,-0.44507987652727576,stop sign
train-8399_nsd-67540_stop sign.png,-0.4451111269044609,stop sign
train-4972_nsd-37174.png,-0.4452635540440582,toilet
train-2895_nsd-23522.png,-0.44533416063762277,stop sign
train-5047_nsd-41219_stop sign.png,-0.4454258802790747,stop sign
train-5759_nsd-46351.png,-0.445502543910662,clock
train-8438_nsd-67842.png,-0.44568286172138355,laptop
train-4882_nsd-40256_chair.png,-0.4457084774402589,chair
train-3467_nsd-25625.png,-0.4457126474682701,toilet
train-5106_nsd-37831.png,-0.4457259905989875,stop sign
train-5259_nsd-43320.png,-0.4457602149863241,stop sign
train-6741_nsd-54494.png,-0.4458437168959059,stop sign
train-6845_nsd-51052.png,-0.44596232274814757,stop sign
train-3498_nsd-28561_clock.png,-0.4461489903807143,clock
train-2100_nsd-15805.png,-0.4462888124207575,toilet
train-2611_nsd-19464.png,-0.4463819003383379,stop sign
train-2838_nsd-21002.png,-0.4465170679830937,stop sign
train-6051_nsd-44948.png,-0.44655487112010017,toilet
train-8452_nsd-70244.png,-0.4465721552054695,toilet
train-2249_nsd-17374.png,-0.44661525780130706,stop sign
train-0893_nsd-06901.png,-0.4467642811979034,stop sign
train-1153_nsd-09979.png,-0.4467735751883405,stop sign
train-4006_nsd-32873.png,-0.4468362585551376,microwave
test-0300_nsd-54923.png,-0.4468389125403277,bottle
train-6283_nsd-52015_stop sign.png,-0.44694602668902594,stop sign
train-2808_nsd-20866.png,-0.44700820197745356,clock
train-7386_nsd-55190_laptop.png,-0.4472065478831629,laptop
train-4253_nsd-34906_toilet.png,-0.44723965922473335,toilet
train-8473_nsd-62722.png,-0.44727303648646266,chair
train-5743_nsd-46227_toilet.png,-0.44736805756686693,toilet
train-0131_nsd-01099.png,-0.44748842689932705,stop sign
train-8199_nsd-61288.png,-0.4477232611078474,bottle
train-3135_nsd-23956.png,-0.4477263075631742,toilet
train-0187_nsd-01622.png,-0.44776726154793944,stop sign
train-2857_nsd-22093.png,-0.4478167796860224,stop sign
train-2213_nsd-16616_tv.png,-0.4479266255922707,tv
train-2133_nsd-17374.png,-0.4479746261739798,stop sign
train-2793_nsd-20754_laptop.png,-0.4479863873267983,laptop
train-5645_nsd-46064_stop sign.png,-0.44811178017447495,stop sign
train-3591_nsd-29056.png,-0.44818860533383464,clock
train-4911_nsd-36524_toilet.png,-0.44820207257323214,toilet
train-4081_nsd-33109.png,-0.44824656520232087,cup
train-2560_nsd-21047.png,-0.44834983933682165,stop sign
train-1315_nsd-09902_toilet.png,-0.4487159806905772,toilet
train-3365_nsd-25044_bottle.png,-0.4490807382390834,bottle
train-2192_nsd-15848_toilet.png,-0.44950278958493545,toilet
train-1505_nsd-12715_toilet.png,-0.4495583321700577,toilet
train-6031_nsd-48372.png,-0.4495730247479271,laptop
train-1187_nsd-09104_laptop.png,-0.44965363621348037,laptop
train-2131_nsd-18021.png,-0.44992120537463076,sink
train-5790_nsd-47758_bottle.png,-0.45024931065965057,bottle
train-8390_nsd-69805.png,-0.4508178350297768,laptop
train-0562_nsd-04369.png,-0.4509702923679998,bottle
train-0430_nsd-03575_clock.png,-0.45100243839295695,clock
train-0961_nsd-06666.png,-0.45101197867854154,bottle
train-0768_nsd-06077.png,-0.45139317150608554,bottle
train-4535_nsd-37316.png,-0.45151661824754513,clock
train-5708_nsd-42173.png,-0.4519715838148515,toilet
train-2386_nsd-17374.png,-0.45208214993142426,stop sign
train-5749_nsd-42912_bottle.png,-0.452108418007181,bottle
test-0208_nsd-50007.png,-0.4523797614349992,stop sign
train-1092_nsd-08127_bottle.png,-0.45238505190591866,bottle
train-6980_nsd-57667.png,-0.4524894666974303,clock
train-3197_nsd-26219_laptop.png,-0.45273827787710963,laptop
train-2875_nsd-23275_laptop.png,-0.4529305819138715,laptop
train-8395_nsd-67510_keyboard.png,-0.45307616742357143,keyboard
train-1540_nsd-11817.png,-0.45364726598259,car
train-8122_nsd-67682_stop sign.png,-0.45379104190239344,stop sign
train-2209_nsd-18437.png,-0.4542078287283244,cup
train-0449_nsd-03679.png,-0.45503850822325526,laptop
train-2497_nsd-18540.png,-0.4557444596012496,sink
train-0766_nsd-06309_keyboard.png,-0.45640047285574,keyboard
train-3667_nsd-29693.png,-0.45727589928953405,car
train-6898_nsd-51340_cup.png,-0.45751146942211024,cup
train-5937_nsd-49010.png,-0.45764579292665564,laptop
train-5958_nsd-48374.png,-0.4580555889839145,clock
train-6804_nsd-56241.png,-0.4585921875536506,clock
train-1007_nsd-07679.png,-0.4598597993180137,bottle
train-3986_nsd-29496.png,-0.4598703711312995,clock
train-8586_nsd-64028.png,-0.46001501028843694,potted plant
train-7114_nsd-56723_keyboard.png,-0.4600665621491479,keyboard
train-4525_nsd-37191.png,-0.46100445661181577,chair
train-4220_nsd-34478.png,-0.46195813562318366,bottle
test-0130_nsd-59109.png,-0.4619607127348322,bottle
train-7846_nsd-65413_toilet.png,-0.4625479368905039,toilet
train-4262_nsd-34942.png,-0.46257289333410523,cup
train-2024_nsd-15516.png,-0.4625773100508403,keyboard
train-8302_nsd-61966.png,-0.46368015385295547,clock
train-2843_nsd-23048.png,-0.46427703399418546,bottle
train-0267_nsd-02357_clock.png,-0.464759639750619,clock
train-0029_nsd-00214_chair.png,-0.46483635440045423,chair
train-2517_nsd-18446.png,-0.46556692943938677,fork
train-8487_nsd-62857_chair.png,-0.46597589902234726,chair
train-8286_nsd-66744_laptop.png,-0.466198010118851,laptop
train-7925_nsd-59191.png,-0.4663051948902128,toilet
train-1069_nsd-08611.png,-0.4665618742048482,bottle
train-7212_nsd-60144.png,-0.4669122528287771,clock
train-5005_nsd-37413.png,-0.4670003729809165,stop sign
train-5908_nsd-44041_tv.png,-0.4671523926643197,tv
train-6780_nsd-50487.png,-0.46730378910515885,toilet
train-1283_nsd-09025.png,-0.4680763317785945,chair
train-2291_nsd-17713.png,-0.46811071808001664,bottle
train-1890_nsd-16023.png,-0.46837381654266375,cup
train-2488_nsd-18173.png,-0.46854688569896613,clock
train-2689_nsd-20073_keyboard.png,-0.4692202938119042,keyboard
train-5088_nsd-41566_tv.png,-0.4692403074096801,tv
train-5038_nsd-41566_tv.png,-0.46931140118579323,tv
train-5343_nsd-43914_keyboard.png,-0.46990327971533513,keyboard
train-1079_nsd-07566_chair.png,-0.4701302036729987,chair
train-5777_nsd-46482.png,-0.4703514213321494,clock
train-9608_nsd-71289.png,-0.47039377186908576,clock
train-8458_nsd-70317_clock.png,-0.4704858013525741,clock
train-3448_nsd-25623.png,-0.47119756796005086,toilet
test-0092_nsd-23045.png,-0.4715320388188474,mouse
train-0624_nsd-04863.png,-0.4717976376583598,keyboard
train-2890_nsd-24005.png,-0.47210632407620284,car
train-8955_nsd-72040.png,-0.4721662089040818,toilet
train-8495_nsd-68384.png,-0.47236218649524153,clock
train-1697_nsd-12147_keyboard.png,-0.4724229203246806,keyboard
train-0215_nsd-01852_bottle.png,-0.47246362055820357,bottle
train-9559_nsd-70917.png,-0.47247853619728414,toilet
train-7293_nsd-58521_clock.png,-0.4726296194240839,clock
train-5717_nsd-42393_clock.png,-0.47264605973947227,clock
train-1840_nsd-14960.png,-0.47283120578827537,clock
train-8510_nsd-63042.png,-0.4729724183762879,toilet
train-7961_nsd-58810_toilet.png,-0.47346024672669756,toilet
train-6800_nsd-50700.png,-0.4734859633359224,clock
train-7826_nsd-57785.png,-0.473497062215265,toilet
train-8465_nsd-68074_toilet.png,-0.47351392341309906,toilet
train-6963_nsd-56052.png,-0.4736683658897778,toilet
train-3835_nsd-31370.png,-0.47386164512765694,stop sign
test-0075_nsd-19843.png,-0.47386913026550215,clock
train-9094_nsd-67172_toilet.png,-0.4738783723423179,toilet
train-6342_nsd-47051.png,-0.474280177128229,toilet
train-6150_nsd-45682.png,-0.47432959026020455,toilet
train-9498_nsd-70256.png,-0.47438628545234784,toilet
train-1426_nsd-10681.png,-0.4744417606768005,bottle
train-5466_nsd-40553_clock.png,-0.474594092692057,clock
train-6622_nsd-54792.png,-0.47467064360981504,clock
train-6867_nsd-56723_keyboard.png,-0.47494797729559884,keyboard
train-1514_nsd-12779.png,-0.47499228400657406,stop sign
train-0742_nsd-05984_clock.png,-0.4750179177673975,clock
train-5845_nsd-43362.png,-0.47504880927500587,clock
train-3636_nsd-29776.png,-0.47506692806759165,stop sign
train-4543_nsd-37323.png,-0.47512004238370426,clock
train-5298_nsd-39599.png,-0.4752296461345282,clock
train-6734_nsd-50189_toilet.png,-0.4753457830757789,toilet
train-5528_nsd-45554.png,-0.475477393507271,clock
train-4763_nsd-39259.png,-0.4758973016627113,toilet
train-5246_nsd-38971_clock.png,-0.4760582946705057,clock
train-4149_nsd-34033.png,-0.47606707223248873,toilet
train-1050_nsd-07850.png,-0.47614853523167866,clock
train-6202_nsd-45749.png,-0.47623160687593186,toilet
train-5520_nsd-45369.png,-0.47631504571663186,toilet
train-3416_nsd-28031_bottle.png,-0.47637051847575,bottle
train-7543_nsd-56121_toilet.png,-0.4770610834700462,toilet
train-6926_nsd-57476_toilet.png,-0.4771953378405201,toilet
train-3837_nsd-31369.png,-0.4772147643077063,toilet
train-3957_nsd-32461.png,-0.4772405411685947,toilet
train-3301_nsd-27063_microwave.png,-0.4772682540102393,microwave
train-4470_nsd-33147.png,-0.4776253971681183,clock
train-2783_nsd-20561_toilet.png,-0.47764054489880725,toilet
train-4824_nsd-35964.png,-0.477675946430623,toilet
train-3929_nsd-32251.png,-0.4776782889291528,toilet
train-3671_nsd-29735_clock.png,-0.4778788218251701,clock
train-2205_nsd-16562.png,-0.4782143065570008,toilet
train-4647_nsd-34390.png,-0.47858176941899006,toilet
train-8675_nsd-72107.png,-0.47871939312936757,stop sign
train-2752_nsd-22454_toilet.png,-0.4788260909753736,toilet
train-2473_nsd-20207.png,-0.47892283335657565,toilet
train-0929_nsd-07998.png,-0.47896360805262794,toilet
test-0388_nsd-71294_chair.png,-0.4790557628444451,chair
train-2006_nsd-15003.png,-0.47922163547202296,toilet
train-2429_nsd-19493.png,-0.47925374911854474,clock
train-8950_nsd-71978.png,-0.47948096744248,stop sign
train-0222_nsd-01951.png,-0.47959109758790974,toilet
train-8350_nsd-62326_stop sign.png,-0.4799360347353016,stop sign
train-2714_nsd-20227.png,-0.4799838940873166,clock
train-2319_nsd-18679_clock.png,-0.48018425707918205,clock
train-7329_nsd-54778.png,-0.48032148113383916,bottle
train-8445_nsd-67902_stop sign.png,-0.48038642517021957,stop sign
train-0252_nsd-01989_laptop.png,-0.48052629185397766,laptop
train-8259_nsd-61681.png,-0.4805641359561727,stop sign
train-0664_nsd-05514_toilet.png,-0.4809171326162017,toilet
train-0820_nsd-06665.png,-0.4809902200509103,clock
train-4059_nsd-30044.png,-0.4811429098184945,stop sign
train-1138_nsd-08430.png,-0.4811700463115571,clock
train-7919_nsd-59160.png,-0.4813915524570713,stop sign
train-3251_nsd-26571.png,-0.48150555492300984,clock
train-9685_nsd-71737.png,-0.48152775195715075,stop sign
train-9459_nsd-69957.png,-0.48155439253732346,stop sign
train-7555_nsd-56143_toilet.png,-0.4817442457240274,toilet
train-0083_nsd-00722_stop sign.png,-0.48185158214063567,stop sign
train-4195_nsd-31580.png,-0.48187170777292065,stop sign
train-9247_nsd-68692_toilet.png,-0.4818935794876679,toilet
train-1639_nsd-12624.png,-0.48193851848520414,stop sign
train-2154_nsd-17374.png,-0.4819959268426673,stop sign
train-4816_nsd-39775.png,-0.4820983531355022,stop sign
train-5687_nsd-46910_stop sign.png,-0.4824328366016303,stop sign
train-7256_nsd-57977_toilet.png,-0.4825268942832703,toilet
train-7581_nsd-56407.png,-0.4827499194705481,stop sign
train-0760_nsd-06545.png,-0.48278946986881016,clock
train-8028_nsd-59962.png,-0.4828344978155138,stop sign
train-7711_nsd-64310_stop sign.png,-0.48304548996058844,stop sign
train-4688_nsd-37873.png,-0.48320851008129184,toilet
train-4624_nsd-38178_stop sign.png,-0.483265179657797,stop sign
train-8541_nsd-68771.png,-0.48347923367659706,toilet
train-6108_nsd-50500_laptop.png,-0.48358055340196215,laptop
train-0806_nsd-06065.png,-0.4836987918603892,stop sign
train-7260_nsd-54265_stop sign.png,-0.48380607784301516,stop sign
train-0978_nsd-07445.png,-0.48383076201062447,stop sign
train-8687_nsd-72263.png,-0.4841846259836649,bottle
train-4518_nsd-33465.png,-0.4842390766159134,stop sign
train-6167_nsd-49314_toilet.png,-0.48437418626885426,toilet
train-7068_nsd-52047.png,-0.4844269343696539,toilet
train-5543_nsd-44674_toilet.png,-0.48462264357289553,toilet
train-6309_nsd-50500_laptop.png,-0.48499883786032916,laptop
train-3999_nsd-32806_stop sign.png,-0.4853807423052893,stop sign
train-6106_nsd-50500_laptop.png,-0.4855727588044156,laptop
train-7317_nsd-54539.png,-0.4856788508503718,toilet
train-2961_nsd-24385.png,-0.485723128645185,stop sign
train-0416_nsd-03478.png,-0.48583609392940746,stop sign
train-3592_nsd-29533.png,-0.4860456979654269,toilet
train-0960_nsd-06662.png,-0.4862293808901036,stop sign
train-5594_nsd-41532.png,-0.4864329802907291,laptop
train-7462_nsd-62110_laptop.png,-0.48647281835930234,laptop
train-3665_nsd-30036.png,-0.48681877577494215,stop sign
train-2215_nsd-18836.png,-0.4871235258966023,toilet
train-2189_nsd-18591_laptop.png,-0.4878631255587686,laptop
train-5297_nsd-39598.png,-0.48796071445134603,toilet
train-8407_nsd-67608_bottle.png,-0.4882405969530362,bottle
train-2059_nsd-17374.png,-0.48828014173284984,stop sign
train-1962_nsd-16586.png,-0.48865635710043365,toilet
train-1337_nsd-10355.png,-0.4891796169613816,chair
train-4032_nsd-30392.png,-0.48929200943982654,toilet
train-6929_nsd-51052.png,-0.4895689220274256,stop sign
train-0334_nsd-02818_toilet.png,-0.4901291246073264,toilet
train-1320_nsd-09978_chair.png,-0.4902474499682014,chair
train-7814_nsd-57957_laptop.png,-0.49030723369911317,laptop
test-0170_nsd-32352.png,-0.49045131103404815,bottle
train-3512_nsd-26034.png,-0.49058349872962514,car
train-6032_nsd-48374.png,-0.49059238907283,clock
test-0218_nsd-41149.png,-0.49104205337151413,stop sign
train-0029_nsd-00196_bottle.png,-0.4912327959588589,bottle
train-6339_nsd-52423.png,-0.4913831922895648,fork
train-7723_nsd-57093.png,-0.4921835058052606,clock
test-0192_nsd-36637_clock.png,-0.49227913133558343,clock
train-1240_nsd-08670_chair.png,-0.49236119637005077,chair
train-5464_nsd-44661_bottle.png,-0.4925922609170216,bottle
train-6853_nsd-51052.png,-0.4932241540882913,stop sign
train-0846_nsd-05979_laptop.png,-0.4934745141734179,laptop
train-0509_nsd-04621_laptop.png,-0.49353765505530434,laptop
train-4854_nsd-35896.png,-0.49406910682411803,clock
test-0185_nsd-35687.png,-0.49415784038005267,stop sign
train-9038_nsd-72587.png,-0.4950242390551965,clock
train-0261_nsd-02374.png,-0.4954327101602332,stop sign
train-3955_nsd-29390.png,-0.49550559029431523,clock
train-0122_nsd-01035.png,-0.4956431897295027,clock
train-8564_nsd-71165.png,-0.4962780122502423,car
train-4591_nsd-37837_tv.png,-0.4967193486213765,tv
train-3646_nsd-26980_toilet.png,-0.4981302871861636,toilet
train-5213_nsd-42912_bottle.png,-0.4983491795848427,bottle
train-6248_nsd-50049.png,-0.4988793235850793,toilet
train-2802_nsd-21652_tv.png,-0.49924364310694114,tv
train-1597_nsd-11987.png,-0.4992807051774557,keyboard
train-7306_nsd-60799_toilet.png,-0.4998548883945576,toilet
test-0007_nsd-00855.png,-0.5000628491270696,clock
train-3062_nsd-23443_tv.png,-0.5002229651983106,tv
train-5723_nsd-42867_keyboard.png,-0.5004677621346463,keyboard
train-6392_nsd-51721_toilet.png,-0.500767037062749,toilet
train-6359_nsd-47486.png,-0.5012272212652358,clock
train-8603_nsd-63713.png,-0.5014885587509333,toilet
train-2279_nsd-18421.png,-0.5014917578887337,toilet
train-3130_nsd-25669_toilet.png,-0.5018345199820836,toilet
train-4784_nsd-35498.png,-0.501935550560544,toilet
train-5907_nsd-47521_chair.png,-0.5019634160644973,chair
train-2514_nsd-18795_toilet.png,-0.5023745367538682,toilet
train-0923_nsd-07497.png,-0.5025173144822247,toilet
train-7748_nsd-62227.png,-0.5028413765422721,toilet
train-3185_nsd-26118_toilet.png,-0.5032543276665071,toilet
train-6528_nsd-48495.png,-0.5035259920017318,clock
train-7901_nsd-58354.png,-0.5035336830055211,toilet
train-2519_nsd-18457_toilet.png,-0.5036255562213696,toilet
train-5384_nsd-39823.png,-0.5038967253164539,toilet
train-5015_nsd-37486.png,-0.503943177465079,toilet
train-5863_nsd-48374.png,-0.5039877669964392,clock
train-7689_nsd-57362.png,-0.504019504384694,toilet
train-7567_nsd-56427.png,-0.5040327770679792,keyboard
train-7411_nsd-59306_keyboard.png,-0.5040793579322602,keyboard
train-4781_nsd-39443.png,-0.5041589735110927,stop sign
train-1247_nsd-09978_chair.png,-0.5041878313176849,chair
train-5293_nsd-39297_toilet.png,-0.5042045225484886,toilet
train-7304_nsd-58404_keyboard.png,-0.5043025374694926,keyboard
train-6349_nsd-47418.png,-0.5043289760636445,toilet
train-1240_nsd-10574_chair.png,-0.5044263426455099,chair
train-5622_nsd-41596.png,-0.5045560101648559,toilet
train-5242_nsd-43145.png,-0.505141758139207,toilet
train-4530_nsd-36672.png,-0.5052776524559593,clock
train-4522_nsd-33920.png,-0.5053114004959068,toilet
train-4395_nsd-32558_toilet.png,-0.5053400101787984,toilet
train-6404_nsd-47780_toilet.png,-0.5056411237128718,toilet
train-9729_nsd-72042.png,-0.5058453834386868,clock
train-5369_nsd-39819.png,-0.5059450546318188,clock
train-3615_nsd-29636_toilet.png,-0.5060252317064022,toilet
train-2509_nsd-18750_toilet.png,-0.5061037819654332,toilet
train-5387_nsd-40182_keyboard.png,-0.5064533694895187,keyboard
train-2696_nsd-20137.png,-0.5066813132429268,toilet
train-1081_nsd-07569_toilet.png,-0.5068634802976463,toilet
train-0208_nsd-01752_toilet.png,-0.5068923849756745,toilet
train-1847_nsd-15003.png,-0.5070288260103959,toilet
train-1447_nsd-11570.png,-0.5070408429961449,toilet
train-0873_nsd-07495.png,-0.5070828919764113,toilet
train-8213_nsd-68416_stop sign.png,-0.507375809791977,stop sign
train-9011_nsd-66829_tv.png,-0.5077880000302906,tv
train-0826_nsd-05778.png,-0.5081017414379008,clock
train-7907_nsd-58773.png,-0.5085075678256449,clock
train-2640_nsd-19643.png,-0.5086776382125276,clock
train-5632_nsd-45993_sink.png,-0.5093349116927017,sink
train-6416_nsd-47914.png,-0.509509767695114,stop sign
train-4265_nsd-31796_stop sign.png,-0.5098168052045389,stop sign
train-4439_nsd-36045.png,-0.5099335903268053,stop sign
train-6818_nsd-54407.png,-0.5099859616898387,stop sign
train-6556_nsd-54210.png,-0.5100652569057407,stop sign
train-6170_nsd-51052.png,-0.5102774466841213,stop sign
train-1472_nsd-12406_clock.png,-0.5103690317107771,clock
train-3410_nsd-27981.png,-0.5103697102874797,stop sign
train-7084_nsd-52712.png,-0.5104145399239904,clock
train-0932_nsd-08295.png,-0.5105164103526739,clock
train-4886_nsd-36132.png,-0.5106487110952932,stop sign
train-3666_nsd-27104.png,-0.5108886366244643,stop sign
train-7577_nsd-60829.png,-0.5109993146387413,stop sign
train-4819_nsd-39434.png,-0.511445338277767,stop sign
train-0721_nsd-04975.png,-0.5118841099954572,stop sign
train-4728_nsd-38717_stop sign.png,-0.5119425930334875,stop sign
train-2814_nsd-20822_stop sign.png,-0.512033036873438,stop sign
train-0538_nsd-04360.png,-0.5121174199545834,stop sign
train-3968_nsd-29358.png,-0.5124427542524659,clock
test-0156_nsd-38098.png,-0.5128213740417469,stop sign
train-2348_nsd-19937.png,-0.5128215386852522,stop sign
train-2005_nsd-15000_stop sign.png,-0.5129978655937474,stop sign
train-0412_nsd-03841.png,-0.5133287851343047,stop sign
train-2062_nsd-17374.png,-0.5133595501779582,stop sign
train-5164_nsd-42599_clock.png,-0.513883102577973,clock
train-8600_nsd-63696_toilet.png,-0.5146592275295518,toilet
train-8973_nsd-66513.png,-0.5157461301606485,toilet
train-4610_nsd-38008.png,-0.5160518687709316,car
train-3660_nsd-27061.png,-0.5162404287284769,laptop
train-5761_nsd-42787.png,-0.5163237725959585,toilet
train-2987_nsd-24631.png,-0.5167869994268451,clock
train-9648_nsd-71558.png,-0.5168666374098632,toilet
train-3607_nsd-29607_sink.png,-0.5171249233237342,sink
train-7531_nsd-62704_toilet.png,-0.5173719613880655,toilet
train-8607_nsd-63808.png,-0.5174250330956309,toilet
train-5750_nsd-47508.png,-0.5178232345173097,toilet
train-4209_nsd-31349.png,-0.5184772727083745,sink
train-4074_nsd-33406.png,-0.5187771861206422,toilet
train-4832_nsd-35698.png,-0.5189456892836793,toilet
train-5768_nsd-43142.png,-0.5191341021328552,toilet
train-3519_nsd-28480.png,-0.5191682964411747,toilet
train-6124_nsd-48995.png,-0.5192441195708114,toilet
train-6009_nsd-48787.png,-0.5195312276342258,laptop
train-5545_nsd-41320.png,-0.5197375590945101,toilet
train-0131_nsd-01112.png,-0.5198776886950472,clock
train-3601_nsd-26578_chair.png,-0.5201513000243999,chair
train-7357_nsd-54760_toilet.png,-0.5201604354212012,toilet
train-1863_nsd-15003.png,-0.5201913220676128,toilet
train-2206_nsd-17833.png,-0.5202192695576731,toilet
train-3225_nsd-26392.png,-0.5204587330384502,toilet
train-7918_nsd-58479.png,-0.5206571992502245,laptop
train-2879_nsd-23630.png,-0.5211870769714827,toilet
train-0421_nsd-03074.png,-0.5213012658109405,toilet
train-1310_nsd-10115_toilet.png,-0.5216175909515569,toilet
train-2219_nsd-16449_toilet.png,-0.52171358388493,toilet
train-3331_nsd-24604.png,-0.5220612587431867,toilet
train-2834_nsd-22984.png,-0.5222803730075477,toilet
train-2446_nsd-17805.png,-0.5225268976616855,clock
train-4060_nsd-30584.png,-0.5225289061647185,bottle
train-6690_nsd-55276.png,-0.5226282433286041,toilet
train-2818_nsd-21063.png,-0.5227543761108959,chair
train-8105_nsd-60084.png,-0.5231468839539277,oven
train-8095_nsd-59871.png,-0.5231606726849969,toilet
train-6862_nsd-51052.png,-0.5239765495878832,stop sign
train-8449_nsd-70255.png,-0.5241743150080895,stop sign
train-7269_nsd-58288.png,-0.5244882331192819,bottle
train-2955_nsd-24382.png,-0.5245566035672075,stop sign
train-5678_nsd-46674.png,-0.5247539838780494,cup
train-0842_nsd-06543.png,-0.5249285986349111,bottle
train-8147_nsd-65604.png,-0.5249818240412005,stop sign
train-8057_nsd-59518_toilet.png,-0.5253765972332868,toilet
train-4958_nsd-40103_laptop.png,-0.5255992981130928,laptop
train-1980_nsd-16111.png,-0.5262213796665176,stop sign
train-5141_nsd-38075.png,-0.5263123938407962,stop sign
train-5235_nsd-43124_toilet.png,-0.5264099538712601,toilet
train-2508_nsd-20145_chair.png,-0.5267718627422477,chair
train-2876_nsd-21369.png,-0.5269782621748463,toilet
train-1361_nsd-11544.png,-0.5271460423296925,stop sign
train-4687_nsd-34648.png,-0.5272895803342537,toilet
train-3688_nsd-27284.png,-0.5273295650497793,stop sign
train-6754_nsd-50199.png,-0.5274007210037501,stop sign
train-1477_nsd-11411.png,-0.5274222476132151,stop sign
train-4508_nsd-37151.png,-0.5276112973275457,toilet
train-1529_nsd-12904_laptop.png,-0.5276234145343581,laptop
train-2290_nsd-19133_toilet.png,-0.5278583955510386,toilet
train-0427_nsd-03107.png,-0.5287566933394494,laptop
train-2501_nsd-18674.png,-0.5296247099314265,laptop
train-1783_nsd-15105.png,-0.529883603958326,laptop
train-6290_nsd-46767.png,-0.5305786038828454,laptop
train-9051_nsd-72724.png,-0.5309610111499922,toilet
train-6523_nsd-52748.png,-0.5316894694371774,clock
train-3788_nsd-30984.png,-0.5319221936082488,bottle
train-3622_nsd-29721_clock.png,-0.531951435822817,clock
train-7875_nsd-58803.png,-0.5322274779599215,clock
train-4405_nsd-32665_bottle.png,-0.532530667804444,bottle
train-6495_nsd-48329.png,-0.5325610275757166,chair
train-9041_nsd-72670_clock.png,-0.5325829251353354,clock
train-1725_nsd-14591.png,-0.5326284754954449,car
train-1427_nsd-11027.png,-0.5339591681598744,clock
train-8411_nsd-69901.png,-0.5340532062599904,clock
train-1043_nsd-08496_keyboard.png,-0.5342555065440113,keyboard
test-0015_nsd-07215_bottle.png,-0.5349655958755511,bottle
train-9418_nsd-69826.png,-0.5353036521218841,toilet
train-4237_nsd-34500_clock.png,-0.5357446990215197,clock
train-8566_nsd-63426.png,-0.536156673127014,clock
train-8373_nsd-69557_clock.png,-0.5366051055609865,clock
train-8713_nsd-72489.png,-0.5366714958104731,toilet
train-9655_nsd-71632.png,-0.5368803086270851,toilet
test-0118_nsd-21974.png,-0.5371415205272492,laptop
train-8538_nsd-63334_toilet.png,-0.5374434301167834,toilet
train-8213_nsd-68100.png,-0.5376972334191872,toilet
train-8043_nsd-64763.png,-0.5379425304475035,clock
train-3327_nsd-25254.png,-0.5382025995368671,chair
train-8047_nsd-59792.png,-0.5382167483193635,toilet
train-9359_nsd-69254.png,-0.5382518187024443,toilet
train-8698_nsd-69923.png,-0.5382548707225357,toilet
train-8280_nsd-61383.png,-0.5383014999758055,toilet
train-6086_nsd-50246_clock.png,-0.5384785089383091,clock
train-7925_nsd-63746.png,-0.5386027639204832,clock
train-7985_nsd-66526_laptop.png,-0.5386317574577683,laptop
train-7821_nsd-58413.png,-0.5386649641635188,clock
train-7482_nsd-55661.png,-0.5389244095178558,clock
train-7567_nsd-56251_toilet.png,-0.5391537609756509,toilet
train-7232_nsd-59920.png,-0.5394718520800549,clock
train-6825_nsd-56376.png,-0.5395489438463316,toilet
train-6847_nsd-51057.png,-0.5396604723211551,clock
train-2735_nsd-22807.png,-0.5398429809535387,mouse
train-4038_nsd-33060_toilet.png,-0.5399293689904369,toilet
train-4693_nsd-34979.png,-0.5401883992995572,toilet
train-6667_nsd-55109.png,-0.5403748654788287,toilet
train-8074_nsd-60325_microwave.png,-0.540763974364288,microwave
train-4317_nsd-31983.png,-0.5410882957305548,toilet
train-9363_nsd-69288_toilet.png,-0.5411624736037413,toilet
train-5937_nsd-48213.png,-0.5411796115117963,clock
train-9057_nsd-67159.png,-0.5412003282210768,toilet
train-3248_nsd-24700.png,-0.5412044828108121,toilet
train-4619_nsd-38105_clock.png,-0.5414229079952363,clock
test-0358_nsd-64717.png,-0.5414589837283421,toilet
train-5043_nsd-37753.png,-0.541631054297203,clock
train-4311_nsd-31945.png,-0.5416534607597582,toilet
train-9761_nsd-72378_clock.png,-0.5418915917811666,clock
train-1400_nsd-11868.png,-0.5419526712892858,toilet
train-5864_nsd-48450.png,-0.5421194991030432,clock
train-2453_nsd-20043_toilet.png,-0.5422664490814905,toilet
train-1993_nsd-16204.png,-0.5424064908902431,clock
test-0337_nsd-63546.png,-0.5432727810877618,toilet
train-6243_nsd-46103_keyboard.png,-0.5433741549882364,keyboard
train-4226_nsd-31517.png,-0.5435768704723712,clock
train-6718_nsd-55472.png,-0.5436842786185409,clock
train-0306_nsd-02799.png,-0.5437067066685523,toilet
train-6911_nsd-55244_toilet.png,-0.5439478344604879,toilet
train-2572_nsd-21115.png,-0.5441982264311399,clock
train-7186_nsd-53076.png,-0.5442537406252628,toilet
train-7942_nsd-65850_toilet.png,-0.544517338236012,toilet
train-4214_nsd-34269_clock.png,-0.5445847043068613,clock
train-6544_nsd-48606_toilet.png,-0.5447276791140453,toilet
train-4167_nsd-34159_keyboard.png,-0.5448997770068854,keyboard
train-4813_nsd-35730_toilet.png,-0.5458503463861987,toilet
train-6923_nsd-51542.png,-0.5458873219146079,toilet
train-3740_nsd-27805_toilet.png,-0.5461487429087196,toilet
train-0997_nsd-07492.png,-0.5462244418396478,bottle
train-1243_nsd-10041.png,-0.5462466982452184,clock
train-1985_nsd-16134_clock.png,-0.5463545258780308,clock
train-6306_nsd-46972.png,-0.5465408731114679,toilet
train-3875_nsd-31797.png,-0.5465658552073477,toilet
train-4486_nsd-36968_clock.png,-0.5465673535873499,clock
train-5476_nsd-44970.png,-0.5466260613905437,clock
train-0622_nsd-04994.png,-0.5468571232416947,clock
train-6502_nsd-53700.png,-0.5469453406563554,toilet
train-1255_nsd-10675.png,-0.5470256012265362,clock
train-4080_nsd-33461.png,-0.5470558642878899,toilet
train-1012_nsd-07091.png,-0.547122926859751,toilet
train-0989_nsd-06875.png,-0.5471712533519352,toilet
train-1493_nsd-11512.png,-0.5472170303540183,clock
train-1988_nsd-15003.png,-0.5472263548699359,toilet
train-2901_nsd-21510_toilet.png,-0.5473232718045593,toilet
test-0259_nsd-63783_toilet.png,-0.5473991774844134,toilet
train-2006_nsd-16372.png,-0.5474115925070582,toilet
train-0735_nsd-05548.png,-0.5479013070210331,toilet
train-1781_nsd-15003.png,-0.5479682098973278,toilet
train-0078_nsd-00637.png,-0.548302135628439,clock
train-6830_nsd-50944_laptop.png,-0.5483653948691747,laptop
train-8193_nsd-60706_laptop.png,-0.5485001378100457,laptop
train-3172_nsd-26022.png,-0.5486052303583466,toilet
train-0137_nsd-01137_toilet.png,-0.548974043461593,toilet
train-0190_nsd-01660.png,-0.5490101685807832,clock
train-0317_nsd-02663_toilet.png,-0.5491617652534913,toilet
train-6297_nsd-51052.png,-0.5496639526821911,stop sign
train-4207_nsd-31666_stop sign.png,-0.5499964429788554,stop sign
train-0576_nsd-04575.png,-0.5502274177328017,clock
train-3526_nsd-26010_car.png,-0.5502435674144894,car
train-0766_nsd-06567_stop sign.png,-0.5510524647007402,stop sign
train-2026_nsd-14531.png,-0.5513028943627012,clock
train-1606_nsd-11527_stop sign.png,-0.5513375357676943,stop sign
train-3862_nsd-31572.png,-0.5513469516922243,stop sign
train-0891_nsd-06915.png,-0.5517626245996748,stop sign
train-6146_nsd-45272.png,-0.5519925183485667,stop sign
train-3108_nsd-25505.png,-0.553058254626632,stop sign
train-0589_nsd-04688.png,-0.5537285627146015,stop sign
train-7533_nsd-60482.png,-0.5538830446122559,bottle
train-1871_nsd-15063.png,-0.5561672868238888,bottle
train-6009_nsd-44555_tv.png,-0.5575788240169008,tv
train-1575_nsd-11848_laptop.png,-0.5576427191740039,laptop
train-0507_nsd-03626.png,-0.5595138076560711,laptop
train-4241_nsd-34883.png,-0.5610017598325577,bottle
train-9808_nsd-72706.png,-0.5639279280833589,toilet
train-8684_nsd-72254.png,-0.5651115695886741,toilet
train-8536_nsd-63644.png,-0.5652478375401504,toilet
train-8089_nsd-67447.png,-0.5655186815680866,toilet
train-7681_nsd-61702.png,-0.5656974110006879,toilet
train-7713_nsd-57039_toilet.png,-0.5657377790845615,toilet
train-0047_nsd-00327.png,-0.5658902806800958,bottle
train-7690_nsd-61718.png,-0.5662257928466939,toilet
train-5678_nsd-42402_toilet.png,-0.5665035777253743,toilet
train-6754_nsd-50389_toilet.png,-0.5666441227941077,toilet
train-5529_nsd-45443.png,-0.5672167560124739,toilet
train-5670_nsd-46746_toilet.png,-0.567529437672231,toilet
train-8462_nsd-62799.png,-0.5676637994423605,toilet
train-7726_nsd-57603.png,-0.5677191703176467,toilet
train-4794_nsd-39269.png,-0.5681075337707483,toilet
train-3847_nsd-28951.png,-0.5683104835052578,toilet
train-1915_nsd-16201.png,-0.5683469911551947,toilet
train-4043_nsd-30484.png,-0.5683798670262262,toilet
train-8088_nsd-65129_toilet.png,-0.568455547372867,toilet
train-2467_nsd-20172.png,-0.5686556995275706,toilet
train-2096_nsd-15003.png,-0.5686856646118745,toilet
train-8940_nsd-71922.png,-0.569197958263489,toilet
train-7147_nsd-52684.png,-0.5692200315869813,toilet
train-1679_nsd-12032.png,-0.5694939092752523,clock
train-2754_nsd-22414.png,-0.5695069059306817,toilet
train-4072_nsd-33254.png,-0.569693748309939,toilet
train-7279_nsd-58166.png,-0.5697806799885222,toilet
train-8894_nsd-65973_toilet.png,-0.5698204046521613,toilet
train-6623_nsd-54795_mouse.png,-0.5698524103910863,mouse
train-4809_nsd-39349.png,-0.5702169059070552,toilet
train-0937_nsd-06993.png,-0.5702456968869392,toilet
train-2405_nsd-20412.png,-0.5704554759378375,toilet
train-3776_nsd-28026_toilet.png,-0.5706226630639586,toilet
train-3900_nsd-28870.png,-0.5710348938027836,toilet
train-3805_nsd-28195.png,-0.5711076343574623,toilet
train-0923_nsd-06893_chair.png,-0.5711129877297116,chair
train-2199_nsd-16983.png,-0.5712078473796417,toilet
train-7599_nsd-61002_toilet.png,-0.571331206843728,toilet
train-9248_nsd-68464.png,-0.5716703200423605,stop sign
train-9000_nsd-66506.png,-0.5717254167128252,stop sign
train-8612_nsd-69308_stop sign.png,-0.5718942779251122,stop sign
train-9083_nsd-67519.png,-0.571931620900467,stop sign
train-3327_nsd-27223.png,-0.5719895454060138,clock
train-2380_nsd-19351.png,-0.5720971394762049,toilet
train-8543_nsd-63716.png,-0.5721311846502619,stop sign
train-9020_nsd-66626.png,-0.5721803696182616,stop sign
train-7587_nsd-56420.png,-0.5722127172730423,stop sign
train-8027_nsd-64630.png,-0.5724574301924735,stop sign
train-0837_nsd-06236_keyboard.png,-0.5727345682575735,keyboard
train-2549_nsd-21109_keyboard.png,-0.5729315913552291,keyboard
train-2312_nsd-17272.png,-0.5729499984768165,toilet
train-4675_nsd-34834_toilet.png,-0.5729820440300647,toilet
train-5668_nsd-42304.png,-0.5732872954864396,stop sign
train-0481_nsd-04436.png,-0.5734917302840645,cup
train-8580_nsd-71312.png,-0.5735105958077718,clock
train-0323_nsd-03039.png,-0.5735188589692114,toilet
train-4939_nsd-36555_stop sign.png,-0.5735571966943233,stop sign
train-5802_nsd-43266_keyboard.png,-0.5736046015385939,keyboard
train-4560_nsd-37531.png,-0.5736430843533089,stop sign
train-5705_nsd-42160.png,-0.5736642175968403,toilet
train-1803_nsd-14550.png,-0.5736964899133177,clock
train-6611_nsd-49195_stop sign.png,-0.5737641422940057,stop sign
train-0282_nsd-02327.png,-0.5737874311420148,toilet
train-7757_nsd-57887.png,-0.5738126832553969,stop sign
train-7119_nsd-56768.png,-0.5739519121113165,toilet
train-3674_nsd-30146.png,-0.5739937841254498,stop sign
train-4818_nsd-38956_stop sign.png,-0.5740098531423208,stop sign
train-3677_nsd-27200_stop sign.png,-0.5740841553153128,stop sign
train-5715_nsd-47210.png,-0.5744028313231375,toilet
train-2053_nsd-17306.png,-0.5744422599803423,stop sign
train-4230_nsd-31277.png,-0.5746791798017781,stop sign
train-6205_nsd-45767.png,-0.5746908103555749,clock
train-7950_nsd-58941.png,-0.5749180684202301,bottle
train-4964_nsd-40926.png,-0.5752401445494022,stop sign
train-0270_nsd-02244.png,-0.5753845193679497,toilet
train-4253_nsd-31725.png,-0.5756600120772892,stop sign
train-3569_nsd-29294_stop sign.png,-0.5756633620062839,stop sign
train-1919_nsd-14337.png,-0.5757400269685437,stop sign
train-1238_nsd-08658.png,-0.5758853020594363,stop sign
train-4655_nsd-34392.png,-0.5760590049076371,clock
train-2049_nsd-17338.png,-0.5766196657794561,stop sign
test-0197_nsd-47001.png,-0.5766256528560516,clock
train-6244_nsd-51611_clock.png,-0.5768989123718509,clock
train-0719_nsd-05772.png,-0.5776167774506643,toilet
train-5935_nsd-44021.png,-0.5780147848129491,sink
train-2658_nsd-19903_toilet.png,-0.5780188837692968,toilet
train-0213_nsd-01692.png,-0.5780664323264454,toilet
train-2690_nsd-22342.png,-0.5780783699128027,stop sign
train-0083_nsd-00674_bottle.png,-0.5780870780435288,bottle
train-8279_nsd-66651.png,-0.5781302353598028,clock
train-5246_nsd-42912_bottle.png,-0.5790490377147279,bottle
train-1067_nsd-07952_sink.png,-0.5797035220013727,sink
train-3621_nsd-29727.png,-0.5800708793058212,clock
train-2766_nsd-20706_clock.png,-0.5805935975040215,clock
train-7474_nsd-59972_bottle.png,-0.5809597833994936,bottle
train-2211_nsd-16387_clock.png,-0.5810232443196288,clock
train-3256_nsd-24787_tv.png,-0.581436094862325,tv
train-7632_nsd-56947.png,-0.5819792848014367,keyboard
train-3967_nsd-29494.png,-0.5820081525881347,clock
train-0998_nsd-08802.png,-0.5821547987372038,clock
train-1868_nsd-13366.png,-0.582411898887246,clock
train-3667_nsd-27115_clock.png,-0.5828315792169385,clock
train-3345_nsd-27365_keyboard.png,-0.5831123115197192,keyboard
train-2881_nsd-23945.png,-0.5845322315356697,clock
train-9364_nsd-69222_chair.png,-0.5851397804934978,chair
train-3276_nsd-24239.png,-0.5853166953253581,clock
train-8970_nsd-72146.png,-0.5855718011854091,toilet
train-8819_nsd-71045.png,-0.5857966193585051,toilet
train-1358_nsd-10975.png,-0.5868950319861337,bottle
train-8302_nsd-61569_toilet.png,-0.5872373934767379,toilet
train-3028_nsd-25003.png,-0.5888448240322227,chair
train-0392_nsd-03358.png,-0.5889502982445338,clock
train-5705_nsd-46496.png,-0.5898713377252337,toilet
train-9467_nsd-70011.png,-0.5901819445824421,toilet
train-4527_nsd-33679_bottle.png,-0.5912789775439412,bottle
train-3358_nsd-27480_toilet.png,-0.591449812743763,toilet
train-7976_nsd-66114_toilet.png,-0.5916397529567782,toilet
train-9586_nsd-70982.png,-0.591776593537048,toilet
train-9195_nsd-68215.png,-0.5920715126110739,toilet
train-2333_nsd-18746.png,-0.5921188976367702,chair
train-8178_nsd-60567.png,-0.592447775778918,toilet
train-5481_nsd-45034.png,-0.5926479328620271,toilet
train-7038_nsd-56171.png,-0.5927990380434431,toilet
train-7396_nsd-59326.png,-0.5933059094410692,toilet
train-6865_nsd-51188.png,-0.5933115176945065,toilet
train-5809_nsd-43325.png,-0.5933125042189491,toilet
train-7628_nsd-63704.png,-0.5934734771491481,toilet
train-0345_nsd-02978.png,-0.59349286583488,toilet
train-3182_nsd-26073_laptop.png,-0.5935527195183024,laptop
train-3989_nsd-29521_toilet.png,-0.5940870749131334,toilet
train-4588_nsd-37804.png,-0.5943454452704134,toilet
train-1954_nsd-15003.png,-0.5945784641629306,toilet
train-4070_nsd-30123.png,-0.5945945344694307,toilet
train-3645_nsd-29830.png,-0.5949162339110028,toilet
train-3544_nsd-26910.png,-0.595172465375371,cup
train-4066_nsd-30617.png,-0.5954434712083874,toilet
train-4807_nsd-35832.png,-0.5954751814173475,toilet
train-4390_nsd-32664.png,-0.5956828640546142,toilet
train-0117_nsd-00990.png,-0.5960182461890309,toilet
test-0030_nsd-07876_bottle.png,-0.5964613724642187,bottle
train-1963_nsd-14821_toilet.png,-0.5965114459643939,toilet
train-2512_nsd-18671.png,-0.596711838821446,toilet
train-1091_nsd-08872.png,-0.5967320773657661,toilet
test-0107_nsd-50348_toilet.png,-0.596874911472924,toilet
train-1410_nsd-10579_toilet.png,-0.5972845197715922,toilet
train-1766_nsd-15003.png,-0.5974666571033634,toilet
train-1680_nsd-13547.png,-0.5974730116259686,toilet
train-0323_nsd-02748.png,-0.5983766810758615,toilet
train-7438_nsd-59660.png,-0.5988224844392623,stop sign
train-5580_nsd-41440.png,-0.5989113173909906,stop sign
train-4659_nsd-34440.png,-0.6005179601448339,stop sign
train-6221_nsd-45920_clock.png,-0.6015646929264914,clock
train-6903_nsd-50838.png,-0.6016425969371839,stop sign
train-9293_nsd-68947.png,-0.6017107500722295,clock
train-8387_nsd-69787_clock.png,-0.602223782474766,clock
train-4141_nsd-30636_keyboard.png,-0.6023085461237656,keyboard
train-3186_nsd-26127_tv.png,-0.6024449829110747,tv
train-9063_nsd-72790.png,-0.603241875348551,clock
train-7917_nsd-59140.png,-0.6036001353109922,clock
train-7176_nsd-59818.png,-0.6036020787516486,clock
train-9750_nsd-72372.png,-0.6039811219682828,toilet
train-8861_nsd-71342_toilet.png,-0.6040050530863709,toilet
train-8665_nsd-64513_toilet.png,-0.6051870510319842,toilet
train-6805_nsd-50656.png,-0.6053559923009962,clock
train-6564_nsd-48374.png,-0.605766587101992,clock
train-6953_nsd-57375.png,-0.6065024352348136,toilet
train-2410_nsd-17985.png,-0.6068584832670763,stop sign
train-6386_nsd-47317.png,-0.6072452985547397,clock
train-6028_nsd-45038.png,-0.6072546812383841,toilet
train-5683_nsd-42450.png,-0.6073611282723016,toilet
train-8520_nsd-63543.png,-0.6074432028805132,toilet
train-8647_nsd-64405.png,-0.6075201472186407,toilet
train-0664_nsd-05247.png,-0.6078710403777107,bottle
train-5754_nsd-42503.png,-0.6078720451313054,toilet
train-6040_nsd-44558.png,-0.607944865774263,toilet
train-5336_nsd-43866.png,-0.6080143337507786,toilet
train-4817_nsd-35755.png,-0.6081339461387779,toilet
train-4374_nsd-32399.png,-0.6086232795775953,toilet
train-8698_nsd-64457.png,-0.609206495999129,toilet
train-3485_nsd-25807.png,-0.6092590140256274,clock
train-3235_nsd-24635.png,-0.609277382007414,clock
train-3216_nsd-26335_clock.png,-0.6100237503494036,clock
train-7975_nsd-59269.png,-0.6100422912227547,toilet
train-2000_nsd-15067.png,-0.6100482101398973,clock
train-2027_nsd-17039.png,-0.6102139347169933,clock
train-1151_nsd-08092_toilet.png,-0.6103200534835462,toilet
train-9493_nsd-70362.png,-0.6103205666598276,toilet
train-1404_nsd-10007.png,-0.6103420507963595,toilet
train-0331_nsd-02540.png,-0.6106928965443325,toilet
train-9332_nsd-69319_toilet.png,-0.6109421441621742,toilet
train-0797_nsd-05972.png,-0.6109728331793713,toilet
train-3327_nsd-27227.png,-0.6110701770670702,toilet
train-7470_nsd-55577_toilet.png,-0.6110857510274269,toilet
train-1153_nsd-08847.png,-0.611103715246856,toilet
train-1962_nsd-14116.png,-0.6115034634222166,clock
train-1967_nsd-14878.png,-0.61153371605427,clock
train-7438_nsd-59580_toilet.png,-0.611980204968002,toilet
train-8052_nsd-59823_toilet.png,-0.6120196635032876,toilet
train-7354_nsd-58992.png,-0.6123098498992933,bottle
train-6630_nsd-49294.png,-0.6123311836057301,toilet
train-8420_nsd-70016_stop sign.png,-0.612378350264098,stop sign
train-2548_nsd-18678.png,-0.6123827879773573,clock
train-1577_nsd-11859.png,-0.6124393520838276,toilet
train-6544_nsd-48583.png,-0.6125524940615551,toilet
train-4384_nsd-32920.png,-0.6126093275398402,toilet
train-4208_nsd-31675.png,-0.6126899437200348,keyboard
train-6931_nsd-57170.png,-0.6126996472220316,toilet
train-3871_nsd-29179.png,-0.6127188010130441,toilet
train-2164_nsd-16279_toilet.png,-0.6130052574740144,toilet
train-6858_nsd-50456.png,-0.6130844702466564,toilet
train-8378_nsd-69585.png,-0.6131639309564157,stop sign
train-0708_nsd-05863.png,-0.6132742004929775,clock
train-5928_nsd-44181_toilet.png,-0.6133956962115757,toilet
train-3459_nsd-25696.png,-0.6134271656925298,toilet
train-0563_nsd-03976.png,-0.6135597236525211,clock
train-3106_nsd-23086.png,-0.6136030081383999,toilet
train-7263_nsd-58250.png,-0.6136626128020072,clock
train-6176_nsd-51052.png,-0.6137635865625132,stop sign
train-1049_nsd-07847.png,-0.6139437389852799,clock
train-4220_nsd-34358.png,-0.6140469501075588,toilet
train-6950_nsd-57346.png,-0.6141298040176594,toilet
train-0027_nsd-00193.png,-0.6143338006309671,clock
train-0845_nsd-05978_toilet.png,-0.6146038857944528,toilet
train-2091_nsd-17624.png,-0.6146674694342534,toilet
train-3369_nsd-27567_toilet.png,-0.6147672363433497,toilet
train-1908_nsd-14430.png,-0.6149395354704695,stop sign
train-2707_nsd-19938_toilet.png,-0.6151530643860805,toilet
train-1534_nsd-12396_toilet.png,-0.6152931921365712,toilet
train-0342_nsd-03176.png,-0.615322497904338,toilet
train-2640_nsd-22127.png,-0.6155408790448026,toilet
train-1753_nsd-13570_toilet.png,-0.6155835536466181,toilet
train-3762_nsd-30823.png,-0.6157169461518587,toilet
train-7401_nsd-55029.png,-0.6158848380782447,clock
train-5853_nsd-48374.png,-0.6163505487291977,clock
train-7273_nsd-58304.png,-0.6164182846418095,clock
train-1290_nsd-11000.png,-0.6167739458645477,toilet
train-7996_nsd-66666.png,-0.6168239481233598,stop sign
train-2756_nsd-22935.png,-0.618274147624771,laptop
train-4384_nsd-35929.png,-0.619240801485305,clock
train-3950_nsd-29203.png,-0.6197252134231739,stop sign
train-5460_nsd-44043.png,-0.6197666416717603,clock
train-3986_nsd-32239.png,-0.6201283318573958,stop sign
train-5947_nsd-44276.png,-0.6208258000424387,cup
train-3406_nsd-27697.png,-0.6208991119629912,clock
train-2541_nsd-19639_clock.png,-0.6212907421765502,clock
train-1159_nsd-08906.png,-0.6216648430795595,stop sign
train-1530_nsd-12378.png,-0.622142587502536,laptop
train-2297_nsd-19178.png,-0.6226524013156446,clock
train-0229_nsd-01966.png,-0.6253321859793407,clock
test-0286_nsd-71413.png,-0.6259261868801171,clock
train-8243_nsd-61580.png,-0.625930115156629,toilet
test-0101_nsd-24753.png,-0.6265942145868735,bottle
train-6740_nsd-50256.png,-0.6272850913600649,toilet
train-4494_nsd-37026.png,-0.6281212660535881,toilet
train-4885_nsd-40274_toilet.png,-0.628698785969825,toilet
train-3360_nsd-25004_toilet.png,-0.6296812797500038,toilet
train-0462_nsd-03324.png,-0.6299573498006076,toilet
train-2498_nsd-20067_toilet.png,-0.6301107057068631,toilet
train-7796_nsd-62637_toilet.png,-0.6301357841029724,toilet
train-0645_nsd-05164_toilet.png,-0.6307974628969396,toilet
train-4881_nsd-36293.png,-0.6310018591943962,toilet
train-7703_nsd-56940.png,-0.6312054063927399,toilet
test-0355_nsd-63973_toilet.png,-0.6313913507956884,toilet
train-7084_nsd-58910_stop sign.png,-0.631631153435323,stop sign
test-0203_nsd-38731.png,-0.6322876953629059,toilet
train-5351_nsd-44102_toilet.png,-0.6324421496407531,toilet
train-8223_nsd-61024.png,-0.6327342659833304,stop sign
train-7322_nsd-54452.png,-0.633268335359402,stop sign
train-7122_nsd-52851.png,-0.6337950306925502,clock
train-3559_nsd-29239.png,-0.6341154168536614,stop sign
train-7381_nsd-59237.png,-0.6344042274423765,clock
train-5012_nsd-37384_stop sign.png,-0.634549516697357,stop sign
train-5665_nsd-46572.png,-0.6345594058599361,clock
train-2184_nsd-17616.png,-0.6353602134434231,stop sign
train-7550_nsd-55892_laptop.png,-0.6354145241929445,laptop
train-3293_nsd-24440_stop sign.png,-0.6356119849709699,stop sign
train-3548_nsd-26940.png,-0.63576731252224,stop sign
train-0473_nsd-04059.png,-0.6359056398954137,toilet
test-0241_nsd-44726.png,-0.6359501767113449,toilet
train-1023_nsd-07877_stop sign.png,-0.6368580711653089,stop sign
train-3288_nsd-26825.png,-0.6373266431403287,clock
train-0983_nsd-08653.png,-0.6389018045223439,clock
train-9519_nsd-70496_clock.png,-0.6419645049966728,clock
train-7409_nsd-61451_clock.png,-0.642542194434381,clock
train-8335_nsd-61807.png,-0.6431279452995382,bottle
train-5739_nsd-42399.png,-0.6445505979635193,clock
train-7794_nsd-58246.png,-0.6446083509494691,clock
train-5814_nsd-42959.png,-0.6462228427783665,clock
train-8267_nsd-61327.png,-0.6473704752566303,toilet
train-7849_nsd-58219.png,-0.6476087622281164,toilet
train-7981_nsd-59293_toilet.png,-0.6480655536771921,toilet
train-8468_nsd-68101.png,-0.6483327753134601,toilet
train-5354_nsd-39729.png,-0.6484083658098037,toilet
train-7119_nsd-57369_toilet.png,-0.6484849022441764,toilet
train-7327_nsd-60697.png,-0.6485516824714297,toilet
train-6855_nsd-51111_toilet.png,-0.6488124541745085,toilet
train-7314_nsd-58461.png,-0.6491328480948605,microwave
test-0041_nsd-10814_bottle.png,-0.6495070176427449,bottle
train-3529_nsd-28558.png,-0.6496074648736393,car
train-6936_nsd-55821.png,-0.6498144734775168,toilet
train-4079_nsd-30185.png,-0.6501173786270154,toilet
train-5077_nsd-37601.png,-0.6504302714649288,toilet
train-2167_nsd-17511_toilet.png,-0.6506023171126918,toilet
train-5804_nsd-43287.png,-0.6506896206846494,toilet
train-3559_nsd-27038.png,-0.6509853922404234,toilet
train-2303_nsd-17081.png,-0.6510533662568062,clock
train-0681_nsd-05356.png,-0.6514273786557516,toilet
train-3022_nsd-23169.png,-0.6516705878508731,toilet
train-1611_nsd-12092.png,-0.6517115240242075,bottle
train-0530_nsd-04327_clock.png,-0.652139282168581,clock
train-1261_nsd-09699.png,-0.6524040661503556,clock
train-1695_nsd-13775.png,-0.6532846166376293,toilet
train-9050_nsd-67100.png,-0.6533436775001622,bottle
train-5655_nsd-41790.png,-0.6534384646913834,cup
train-1302_nsd-09165.png,-0.6538516861895339,clock
train-0305_nsd-02865.png,-0.654069690952208,toilet
train-0215_nsd-01896.png,-0.654168833176806,toilet
train-0812_nsd-05634.png,-0.6541889529454402,toilet
train-1607_nsd-12329.png,-0.6561389313176217,stop sign
train-6377_nsd-52679_keyboard.png,-0.6582330428444202,keyboard
train-6997_nsd-52046.png,-0.6618245868403492,toilet
train-2390_nsd-17406.png,-0.6621328003270228,clock
train-0673_nsd-05144.png,-0.6622669801845549,clock
train-7120_nsd-52500.png,-0.66293521691484,toilet
train-7432_nsd-59543.png,-0.6629732603357126,toilet
train-7674_nsd-56946.png,-0.6630714006659618,toilet
train-8864_nsd-71356.png,-0.6638502028161934,clock
train-2606_nsd-20097.png,-0.6656011432227927,toilet
train-5751_nsd-46850_keyboard.png,-0.6657870425995389,keyboard
train-2284_nsd-16606.png,-0.6660671249874603,toilet
train-4733_nsd-39051_toilet.png,-0.6661053839232449,toilet
train-1672_nsd-12000.png,-0.6664913821088584,toilet
train-1551_nsd-13111.png,-0.6668322541188322,toilet
train-5635_nsd-42105.png,-0.6668955373582444,clock
train-8005_nsd-64431.png,-0.6683955048648274,clock
train-4452_nsd-36138.png,-0.6700953563075226,clock
train-5930_nsd-43664.png,-0.6704261473209095,clock
train-3453_nsd-26200.png,-0.6714819050983085,bottle
train-5133_nsd-41424.png,-0.6716066735736995,clock
train-9310_nsd-68868.png,-0.671691342101711,toilet
train-1740_nsd-14066.png,-0.6726535414013802,clock
train-7564_nsd-63029.png,-0.6731527977812599,toilet
train-9574_nsd-70920.png,-0.6733597745730328,toilet
train-8212_nsd-68088.png,-0.6736601691712626,toilet
train-6163_nsd-51019.png,-0.6737150974747134,laptop
train-3312_nsd-27107.png,-0.6744097289806935,clock
train-2365_nsd-20020.png,-0.6756949530037166,clock
train-2845_nsd-23469.png,-0.6760772148363213,toilet
train-7282_nsd-54223_keyboard.png,-0.6767224544696933,keyboard
train-0279_nsd-02475.png,-0.6772608658307944,clock
train-4366_nsd-35791.png,-0.67747710227699,toilet
train-0729_nsd-06758.png,-0.6776457467206944,clock
train-1027_nsd-07861.png,-0.6780425681584528,toilet
train-7888_nsd-58645.png,-0.6782639937528047,keyboard
train-3839_nsd-28464.png,-0.6783715436272224,toilet
train-0954_nsd-08214_toilet.png,-0.6785063446371105,toilet
train-0459_nsd-04181.png,-0.678731592125224,clock
test-0068_nsd-12287.png,-0.6789719010956036,clock
train-9568_nsd-70867.png,-0.6793484956137683,stop sign
train-2607_nsd-19142.png,-0.6796612446922563,bottle
train-4524_nsd-37166.png,-0.6818087213131608,clock
train-6446_nsd-53245.png,-0.6827930530257527,toilet
train-3116_nsd-23200.png,-0.6848442142184177,bottle
train-7262_nsd-54283.png,-0.6860064520047657,bottle
test-0029_nsd-07167.png,-0.6864526876839004,bottle
train-5380_nsd-43427_toilet.png,-0.6868298639882823,toilet
train-4336_nsd-35731_toilet.png,-0.6873800259812892,toilet
train-7962_nsd-64006.png,-0.6894825401919616,clock
train-4413_nsd-36233.png,-0.7020877222244736,clock
train-8397_nsd-67537.png,-0.7105243116296778,clock
test-0107_nsd-49247_bottle.png,-0.7126087178178252,bottle
train-0343_nsd-02957_chair.png,-0.7131296550762629,chair
train-3994_nsd-29510_clock.png,-0.7150233458198247,clock
train-5087_nsd-37619.png,-0.7154996544860089,clock
train-0148_nsd-01253.png,-0.7173467568767897,bottle
train-3282_nsd-26854.png,-0.7180168108189338,clock
train-0183_nsd-01592_bottle.png,-0.7184522111023443,bottle
train-9802_nsd-72722.png,-0.7270474348238766,clock
train-7849_nsd-57930.png,-0.727148886779515,clock
train-6515_nsd-48374.png,-0.7271641527678434,clock
train-3103_nsd-25407.png,-0.7278597508795376,clock
train-0689_nsd-04783.png,-0.7313636821983217,bottle
train-5212_nsd-42916.png,-0.7324819677900156,clock
train-4059_nsd-30042.png,-0.7331479863321798,clock
train-2426_nsd-20615.png,-0.7339027047052121,clock
train-0556_nsd-05038.png,-0.7374686944853386,clock
train-0609_nsd-05111.png,-0.7378424694882171,clock
train-0199_nsd-01734.png,-0.7387612001919409,bottle
train-5421_nsd-44596_keyboard.png,-0.7417405265179067,keyboard
train-0670_nsd-05404.png,-0.749070678292184,bottle
train-1252_nsd-10005.png,-0.7649246324462087,bottle
train-0668_nsd-05553.png,-0.7705753958845923,bottle
train-8977_nsd-66547.png,-0.7846707250867944,clock
train-4984_nsd-40276.png,-0.7893569979483298,clock
train-0348_nsd-02589.png,-0.8026519506776336,bottle
train-2172_nsd-18104.png,-0.8065184298867158,bottle
train-0079_nsd-00639_bottle.png,-0.8503901816694016,bottle
test-0068_nsd-12557.png,-0.9456911142076302,bottle
train-0111_nsd-00924.png,-0.9510854370360224,bottle
train-1952_nsd-14763_bottle.png,-0.9914005464506186,bottle
test-0055_nsd-28525.png,-1.0381976714766648,bottle
